domaine;code;occurrences;colonnes;sources
activite_regulee;469;58758;activite.code_activite_regulee;finess_activites
activite_regulee;924;33518;activite.code_activite_regulee;finess_activites
activite_regulee;QA002;26452;activite.code_activite_regulee;finess_activites
activite_regulee;084;17648;activite.code_activite_regulee;finess_activites
activite_regulee;912;14328;activite.code_activite_regulee;finess_activites
activite_regulee;657;13704;activite.code_activite_regulee;finess_activites
activite_regulee;844;12382;activite.code_activite_regulee;finess_activites
activite_regulee;911;10664;activite.code_activite_regulee;finess_activites
activite_regulee;910;10424;activite.code_activite_regulee;finess_activites
activite_regulee;QA018;8866;activite.code_activite_regulee;finess_activites
activite_regulee;358;8696;activite.code_activite_regulee;finess_activites
activite_regulee;965;7666;activite.code_activite_regulee;finess_activites
activite_regulee;230;7596;activite.code_activite_regulee;finess_activites
activite_regulee;QA050;7392;activite.code_activite_regulee;finess_activites
activite_regulee;959;7310;activite.code_activite_regulee;finess_activites
activite_regulee;867;6124;activite.code_activite_regulee;finess_activites
activite_regulee;197;5400;activite.code_activite_regulee;finess_activites
activite_regulee;824;5322;activite.code_activite_regulee;finess_activites
activite_regulee;901;5140;activite.code_activite_regulee;finess_activites
activite_regulee;927;5112;activite.code_activite_regulee;finess_activites
activite_regulee;961;5096;activite.code_activite_regulee;finess_activites
activite_regulee;908;5034;activite.code_activite_regulee;finess_activites
activite_regulee;936;4668;activite.code_activite_regulee;finess_activites
activite_regulee;966;4646;activite.code_activite_regulee;finess_activites
activite_regulee;204;4584;activite.code_activite_regulee;finess_activites
activite_regulee;665;4566;activite.code_activite_regulee;finess_activites
activite_regulee;925;4544;activite.code_activite_regulee;finess_activites
activite_regulee;868;4422;activite.code_activite_regulee;finess_activites
activite_regulee;926;4408;activite.code_activite_regulee;finess_activites
activite_regulee;177;4114;activite.code_activite_regulee;finess_activites
activite_regulee;964;4074;activite.code_activite_regulee;finess_activites
activite_regulee;236;4000;activite.code_activite_regulee;finess_activites
activite_regulee;386;3950;activite.code_activite_regulee;finess_activites
activite_regulee;841;3770;activite.code_activite_regulee;finess_activites
activite_regulee;356;3592;activite.code_activite_regulee;finess_activites
activite_regulee;209;3552;activite.code_activite_regulee;finess_activites
activite_regulee;508;3476;activite.code_activite_regulee;finess_activites
activite_regulee;957;3414;activite.code_activite_regulee;finess_activites
activite_regulee;181;3278;activite.code_activite_regulee;finess_activites
activite_regulee;864;3204;activite.code_activite_regulee;finess_activites
activite_regulee;231;3140;activite.code_activite_regulee;finess_activites
activite_regulee;932;3128;activite.code_activite_regulee;finess_activites
activite_regulee;QEML1;3076;activite.code_activite_regulee;finess_activites
activite_regulee;850;3044;activite.code_activite_regulee;finess_activites
activite_regulee;391;2962;activite.code_activite_regulee;finess_activites
activite_regulee;897;2960;activite.code_activite_regulee;finess_activites
activite_regulee;QA004;2904;activite.code_activite_regulee;finess_activites
activite_regulee;384;2780;activite.code_activite_regulee;finess_activites
activite_regulee;092;2754;activite.code_activite_regulee;finess_activites
activite_regulee;258;2728;activite.code_activite_regulee;finess_activites
activite_regulee;658;2656;activite.code_activite_regulee;finess_activites
activite_regulee;176;2576;activite.code_activite_regulee;finess_activites
activite_regulee;232;2478;activite.code_activite_regulee;finess_activites
activite_regulee;223;2404;activite.code_activite_regulee;finess_activites
activite_regulee;064;2370;activite.code_activite_regulee;finess_activites
activite_regulee;419;2332;activite.code_activite_regulee;finess_activites
activite_regulee;915;2330;activite.code_activite_regulee;finess_activites
activite_regulee;902;2290;activite.code_activite_regulee;finess_activites
activite_regulee;01;2272;activite.code_activite_regulee;finess_activites
activite_regulee;QA015;2258;activite.code_activite_regulee;finess_activites
activite_regulee;16;2240;activite.code_activite_regulee;finess_activites
activite_regulee;137;2236;activite.code_activite_regulee;finess_activites
activite_regulee;072;2230;activite.code_activite_regulee;finess_activites
activite_regulee;QA016;2184;activite.code_activite_regulee;finess_activites
activite_regulee;916;2174;activite.code_activite_regulee;finess_activites
activite_regulee;QA001;2060;activite.code_activite_regulee;finess_activites
activite_regulee;903;2034;activite.code_activite_regulee;finess_activites
activite_regulee;076;1966;activite.code_activite_regulee;finess_activites
activite_regulee;920;1962;activite.code_activite_regulee;finess_activites
activite_regulee;840;1960;activite.code_activite_regulee;finess_activites
activite_regulee;471;1954;activite.code_activite_regulee;finess_activites
activite_regulee;233;1942;activite.code_activite_regulee;finess_activites
activite_regulee;876;1912;activite.code_activite_regulee;finess_activites
activite_regulee;943;1854;activite.code_activite_regulee;finess_activites
activite_regulee;354;1806;activite.code_activite_regulee;finess_activites
activite_regulee;319;1754;activite.code_activite_regulee;finess_activites
activite_regulee;079;1726;activite.code_activite_regulee;finess_activites
activite_regulee;507;1666;activite.code_activite_regulee;finess_activites
activite_regulee;509;1666;activite.code_activite_regulee;finess_activites
activite_regulee;939;1646;activite.code_activite_regulee;finess_activites
activite_regulee;946;1646;activite.code_activite_regulee;finess_activites
activite_regulee;851;1630;activite.code_activite_regulee;finess_activites
activite_regulee;661;1586;activite.code_activite_regulee;finess_activites
activite_regulee;14;1570;activite.code_activite_regulee;finess_activites
activite_regulee;917;1550;activite.code_activite_regulee;finess_activites
activite_regulee;309;1526;activite.code_activite_regulee;finess_activites
activite_regulee;947;1492;activite.code_activite_regulee;finess_activites
activite_regulee;627;1464;activite.code_activite_regulee;finess_activites
activite_regulee;913;1442;activite.code_activite_regulee;finess_activites
activite_regulee;320;1430;activite.code_activite_regulee;finess_activites
activite_regulee;958;1420;activite.code_activite_regulee;finess_activites
activite_regulee;414;1404;activite.code_activite_regulee;finess_activites
activite_regulee;A1;1392;activite.code_activite_regulee;finess_activites
activite_regulee;063;1372;activite.code_activite_regulee;finess_activites
activite_regulee;259;1322;activite.code_activite_regulee;finess_activites
activite_regulee;909;1306;activite.code_activite_regulee;finess_activites
activite_regulee;QA020;1278;activite.code_activite_regulee;finess_activites
activite_regulee;357;1266;activite.code_activite_regulee;finess_activites
activite_regulee;172;1244;activite.code_activite_regulee;finess_activites
activite_regulee;922;1240;activite.code_activite_regulee;finess_activites
activite_regulee;QA017;1236;activite.code_activite_regulee;finess_activites
activite_regulee;163;1228;activite.code_activite_regulee;finess_activites
activite_regulee;17;1220;activite.code_activite_regulee;finess_activites
activite_regulee;723;1198;activite.code_activite_regulee;finess_activites
activite_regulee;165;1194;activite.code_activite_regulee;finess_activites
activite_regulee;666;1194;activite.code_activite_regulee;finess_activites
activite_regulee;250;1168;activite.code_activite_regulee;finess_activites
activite_regulee;842;1160;activite.code_activite_regulee;finess_activites
activite_regulee;034;1154;activite.code_activite_regulee;finess_activites
activite_regulee;945;1132;activite.code_activite_regulee;finess_activites
activite_regulee;A0;1104;activite.code_activite_regulee;finess_activites
activite_regulee;839;1096;activite.code_activite_regulee;finess_activites
activite_regulee;QA003;1096;activite.code_activite_regulee;finess_activites
activite_regulee;03;1088;activite.code_activite_regulee;finess_activites
activite_regulee;QA011;1082;activite.code_activite_regulee;finess_activites
activite_regulee;590;1066;activite.code_activite_regulee;finess_activites
activite_regulee;234;1064;activite.code_activite_regulee;finess_activites
activite_regulee;875;1048;activite.code_activite_regulee;finess_activites
activite_regulee;935;1046;activite.code_activite_regulee;finess_activites
activite_regulee;931;1032;activite.code_activite_regulee;finess_activites
activite_regulee;04;1006;activite.code_activite_regulee;finess_activites
activite_regulee;108;1004;activite.code_activite_regulee;finess_activites
activite_regulee;900;992;activite.code_activite_regulee;finess_activites
activite_regulee;726;990;activite.code_activite_regulee;finess_activites
activite_regulee;203;984;activite.code_activite_regulee;finess_activites
activite_regulee;963;982;activite.code_activite_regulee;finess_activites
activite_regulee;934;980;activite.code_activite_regulee;finess_activites
activite_regulee;50;962;activite.code_activite_regulee;finess_activites
activite_regulee;QA014;962;activite.code_activite_regulee;finess_activites
activite_regulee;383;940;activite.code_activite_regulee;finess_activites
activite_regulee;QA040;938;activite.code_activite_regulee;finess_activites
activite_regulee;412;932;activite.code_activite_regulee;finess_activites
activite_regulee;195;914;activite.code_activite_regulee;finess_activites
activite_regulee;410;910;activite.code_activite_regulee;finess_activites
activite_regulee;208;906;activite.code_activite_regulee;finess_activites
activite_regulee;586;902;activite.code_activite_regulee;finess_activites
activite_regulee;170;874;activite.code_activite_regulee;finess_activites
activite_regulee;086;844;activite.code_activite_regulee;finess_activites
activite_regulee;198;844;activite.code_activite_regulee;finess_activites
activite_regulee;695;826;activite.code_activite_regulee;finess_activites
activite_regulee;797;816;activite.code_activite_regulee;finess_activites
activite_regulee;A6;752;activite.code_activite_regulee;finess_activites
activite_regulee;941;748;activite.code_activite_regulee;finess_activites
activite_regulee;748;742;activite.code_activite_regulee;finess_activites
activite_regulee;130;722;activite.code_activite_regulee;finess_activites
activite_regulee;127;710;activite.code_activite_regulee;finess_activites
activite_regulee;246;710;activite.code_activite_regulee;finess_activites
activite_regulee;937;698;activite.code_activite_regulee;finess_activites
activite_regulee;962;686;activite.code_activite_regulee;finess_activites
activite_regulee;07;684;activite.code_activite_regulee;finess_activites
activite_regulee;438;684;activite.code_activite_regulee;finess_activites
activite_regulee;520;652;activite.code_activite_regulee;finess_activites
activite_regulee;442;648;activite.code_activite_regulee;finess_activites
activite_regulee;302;630;activite.code_activite_regulee;finess_activites
activite_regulee;156;622;activite.code_activite_regulee;finess_activites
activite_regulee;105;620;activite.code_activite_regulee;finess_activites
activite_regulee;918;610;activite.code_activite_regulee;finess_activites
activite_regulee;164;606;activite.code_activite_regulee;finess_activites
activite_regulee;196;602;activite.code_activite_regulee;finess_activites
activite_regulee;401;592;activite.code_activite_regulee;finess_activites
activite_regulee;456;580;activite.code_activite_regulee;finess_activites
activite_regulee;225;578;activite.code_activite_regulee;finess_activites
activite_regulee;855;570;activite.code_activite_regulee;finess_activites
activite_regulee;385;564;activite.code_activite_regulee;finess_activites
activite_regulee;152;562;activite.code_activite_regulee;finess_activites
activite_regulee;106;560;activite.code_activite_regulee;finess_activites
activite_regulee;157;560;activite.code_activite_regulee;finess_activites
activite_regulee;930;556;activite.code_activite_regulee;finess_activites
activite_regulee;124;550;activite.code_activite_regulee;finess_activites
activite_regulee;112;524;activite.code_activite_regulee;finess_activites
activite_regulee;443;522;activite.code_activite_regulee;finess_activites
activite_regulee;521;522;activite.code_activite_regulee;finess_activites
activite_regulee;18;518;activite.code_activite_regulee;finess_activites
activite_regulee;838;516;activite.code_activite_regulee;finess_activites
activite_regulee;205;500;activite.code_activite_regulee;finess_activites
activite_regulee;104;498;activite.code_activite_regulee;finess_activites
activite_regulee;587;490;activite.code_activite_regulee;finess_activites
activite_regulee;870;480;activite.code_activite_regulee;finess_activites
activite_regulee;QA007;476;activite.code_activite_regulee;finess_activites
activite_regulee;141;474;activite.code_activite_regulee;finess_activites
activite_regulee;257;472;activite.code_activite_regulee;finess_activites
activite_regulee;906;464;activite.code_activite_regulee;finess_activites
activite_regulee;650;452;activite.code_activite_regulee;finess_activites
activite_regulee;241;450;activite.code_activite_regulee;finess_activites
activite_regulee;907;438;activite.code_activite_regulee;finess_activites
activite_regulee;59;436;activite.code_activite_regulee;finess_activites
activite_regulee;A5;430;activite.code_activite_regulee;finess_activites
activite_regulee;185;426;activite.code_activite_regulee;finess_activites
activite_regulee;211;422;activite.code_activite_regulee;finess_activites
activite_regulee;392;422;activite.code_activite_regulee;finess_activites
activite_regulee;654;422;activite.code_activite_regulee;finess_activites
activite_regulee;727;420;activite.code_activite_regulee;finess_activites
activite_regulee;466;418;activite.code_activite_regulee;finess_activites
activite_regulee;999;414;activite.code_activite_regulee;finess_activites
activite_regulee;377;410;activite.code_activite_regulee;finess_activites
activite_regulee;089;406;activite.code_activite_regulee;finess_activites
activite_regulee;113;396;activite.code_activite_regulee;finess_activites
activite_regulee;929;392;activite.code_activite_regulee;finess_activites
activite_regulee;083;390;activite.code_activite_regulee;finess_activites
activite_regulee;928;376;activite.code_activite_regulee;finess_activites
activite_regulee;A4;376;activite.code_activite_regulee;finess_activites
activite_regulee;312;374;activite.code_activite_regulee;finess_activites
activite_regulee;402;374;activite.code_activite_regulee;finess_activites
activite_regulee;359;372;activite.code_activite_regulee;finess_activites
activite_regulee;129;368;activite.code_activite_regulee;finess_activites
activite_regulee;743;362;activite.code_activite_regulee;finess_activites
activite_regulee;944;362;activite.code_activite_regulee;finess_activites
activite_regulee;660;360;activite.code_activite_regulee;finess_activites
activite_regulee;074;358;activite.code_activite_regulee;finess_activites
activite_regulee;510;356;activite.code_activite_regulee;finess_activites
activite_regulee;02;354;activite.code_activite_regulee;finess_activites
activite_regulee;119;348;activite.code_activite_regulee;finess_activites
activite_regulee;862;344;activite.code_activite_regulee;finess_activites
activite_regulee;058;338;activite.code_activite_regulee;finess_activites
activite_regulee;077;334;activite.code_activite_regulee;finess_activites
activite_regulee;904;330;activite.code_activite_regulee;finess_activites
activite_regulee;161;322;activite.code_activite_regulee;finess_activites
activite_regulee;437;316;activite.code_activite_regulee;finess_activites
activite_regulee;117;302;activite.code_activite_regulee;finess_activites
activite_regulee;200;302;activite.code_activite_regulee;finess_activites
activite_regulee;552;300;activite.code_activite_regulee;finess_activites
activite_regulee;035;296;activite.code_activite_regulee;finess_activites
activite_regulee;062;296;activite.code_activite_regulee;finess_activites
activite_regulee;133;292;activite.code_activite_regulee;finess_activites
activite_regulee;413;292;activite.code_activite_regulee;finess_activites
activite_regulee;187;288;activite.code_activite_regulee;finess_activites
activite_regulee;433;288;activite.code_activite_regulee;finess_activites
activite_regulee;874;276;activite.code_activite_regulee;finess_activites
activite_regulee;217;274;activite.code_activite_regulee;finess_activites
activite_regulee;744;272;activite.code_activite_regulee;finess_activites
activite_regulee;097;270;activite.code_activite_regulee;finess_activites
activite_regulee;178;268;activite.code_activite_regulee;finess_activites
activite_regulee;380;268;activite.code_activite_regulee;finess_activites
activite_regulee;555;268;activite.code_activite_regulee;finess_activites
activite_regulee;422;266;activite.code_activite_regulee;finess_activites
activite_regulee;A3;264;activite.code_activite_regulee;finess_activites
activite_regulee;081;262;activite.code_activite_regulee;finess_activites
activite_regulee;308;262;activite.code_activite_regulee;finess_activites
activite_regulee;399;262;activite.code_activite_regulee;finess_activites
activite_regulee;138;258;activite.code_activite_regulee;finess_activites
activite_regulee;078;254;activite.code_activite_regulee;finess_activites
activite_regulee;123;252;activite.code_activite_regulee;finess_activites
activite_regulee;432;252;activite.code_activite_regulee;finess_activites
activite_regulee;836;250;activite.code_activite_regulee;finess_activites
activite_regulee;207;244;activite.code_activite_regulee;finess_activites
activite_regulee;434;232;activite.code_activite_regulee;finess_activites
activite_regulee;446;228;activite.code_activite_regulee;finess_activites
activite_regulee;877;228;activite.code_activite_regulee;finess_activites
activite_regulee;691;224;activite.code_activite_regulee;finess_activites
activite_regulee;387;220;activite.code_activite_regulee;finess_activites
activite_regulee;905;220;activite.code_activite_regulee;finess_activites
activite_regulee;12;216;activite.code_activite_regulee;finess_activites
activite_regulee;QA021;214;activite.code_activite_regulee;finess_activites
activite_regulee;444;212;activite.code_activite_regulee;finess_activites
activite_regulee;142;204;activite.code_activite_regulee;finess_activites
activite_regulee;QA019;204;activite.code_activite_regulee;finess_activites
activite_regulee;147;202;activite.code_activite_regulee;finess_activites
activite_regulee;102;198;activite.code_activite_regulee;finess_activites
activite_regulee;146;198;activite.code_activite_regulee;finess_activites
activite_regulee;435;194;activite.code_activite_regulee;finess_activites
activite_regulee;158;190;activite.code_activite_regulee;finess_activites
activite_regulee;382;186;activite.code_activite_regulee;finess_activites
activite_regulee;631;178;activite.code_activite_regulee;finess_activites
activite_regulee;396;176;activite.code_activite_regulee;finess_activites
activite_regulee;193;172;activite.code_activite_regulee;finess_activites
activite_regulee;447;172;activite.code_activite_regulee;finess_activites
activite_regulee;218;166;activite.code_activite_regulee;finess_activites
activite_regulee;820;166;activite.code_activite_regulee;finess_activites
activite_regulee;416;164;activite.code_activite_regulee;finess_activites
activite_regulee;453;164;activite.code_activite_regulee;finess_activites
activite_regulee;071;162;activite.code_activite_regulee;finess_activites
activite_regulee;151;162;activite.code_activite_regulee;finess_activites
activite_regulee;745;162;activite.code_activite_regulee;finess_activites
activite_regulee;159;160;activite.code_activite_regulee;finess_activites
activite_regulee;182;160;activite.code_activite_regulee;finess_activites
activite_regulee;19;160;activite.code_activite_regulee;finess_activites
activite_regulee;415;160;activite.code_activite_regulee;finess_activites
activite_regulee;866;160;activite.code_activite_regulee;finess_activites
activite_regulee;418;158;activite.code_activite_regulee;finess_activites
activite_regulee;806;158;activite.code_activite_regulee;finess_activites
activite_regulee;821;158;activite.code_activite_regulee;finess_activites
activite_regulee;098;154;activite.code_activite_regulee;finess_activites
activite_regulee;511;154;activite.code_activite_regulee;finess_activites
activite_regulee;960;148;activite.code_activite_regulee;finess_activites
activite_regulee;752;146;activite.code_activite_regulee;finess_activites
activite_regulee;753;146;activite.code_activite_regulee;finess_activites
activite_regulee;923;144;activite.code_activite_regulee;finess_activites
activite_regulee;11;140;activite.code_activite_regulee;finess_activites
activite_regulee;861;138;activite.code_activite_regulee;finess_activites
activite_regulee;043;134;activite.code_activite_regulee;finess_activites
activite_regulee;214;134;activite.code_activite_regulee;finess_activites
activite_regulee;914;134;activite.code_activite_regulee;finess_activites
activite_regulee;048;132;activite.code_activite_regulee;finess_activites
activite_regulee;247;130;activite.code_activite_regulee;finess_activites
activite_regulee;425;130;activite.code_activite_regulee;finess_activites
activite_regulee;823;130;activite.code_activite_regulee;finess_activites
activite_regulee;168;128;activite.code_activite_regulee;finess_activites
activite_regulee;746;128;activite.code_activite_regulee;finess_activites
activite_regulee;747;128;activite.code_activite_regulee;finess_activites
activite_regulee;109;126;activite.code_activite_regulee;finess_activites
activite_regulee;426;124;activite.code_activite_regulee;finess_activites
activite_regulee;068;122;activite.code_activite_regulee;finess_activites
activite_regulee;761;122;activite.code_activite_regulee;finess_activites
activite_regulee;762;122;activite.code_activite_regulee;finess_activites
activite_regulee;607;120;activite.code_activite_regulee;finess_activites
activite_regulee;421;118;activite.code_activite_regulee;finess_activites
activite_regulee;452;118;activite.code_activite_regulee;finess_activites
activite_regulee;512;116;activite.code_activite_regulee;finess_activites
activite_regulee;411;114;activite.code_activite_regulee;finess_activites
activite_regulee;436;114;activite.code_activite_regulee;finess_activites
activite_regulee;441;114;activite.code_activite_regulee;finess_activites
activite_regulee;655;114;activite.code_activite_regulee;finess_activites
activite_regulee;085;112;activite.code_activite_regulee;finess_activites
activite_regulee;506;112;activite.code_activite_regulee;finess_activites
activite_regulee;948;112;activite.code_activite_regulee;finess_activites
activite_regulee;055;110;activite.code_activite_regulee;finess_activites
activite_regulee;149;108;activite.code_activite_regulee;finess_activites
activite_regulee;179;108;activite.code_activite_regulee;finess_activites
activite_regulee;588;108;activite.code_activite_regulee;finess_activites
activite_regulee;173;106;activite.code_activite_regulee;finess_activites
activite_regulee;381;106;activite.code_activite_regulee;finess_activites
activite_regulee;858;104;activite.code_activite_regulee;finess_activites
activite_regulee;252;102;activite.code_activite_regulee;finess_activites
activite_regulee;751;102;activite.code_activite_regulee;finess_activites
activite_regulee;045;100;activite.code_activite_regulee;finess_activites
activite_regulee;10;100;activite.code_activite_regulee;finess_activites
activite_regulee;166;100;activite.code_activite_regulee;finess_activites
activite_regulee;360;100;activite.code_activite_regulee;finess_activites
activite_regulee;428;100;activite.code_activite_regulee;finess_activites
activite_regulee;180;98;activite.code_activite_regulee;finess_activites
activite_regulee;635;98;activite.code_activite_regulee;finess_activites
activite_regulee;717;98;activite.code_activite_regulee;finess_activites
activite_regulee;938;98;activite.code_activite_regulee;finess_activites
activite_regulee;154;96;activite.code_activite_regulee;finess_activites
activite_regulee;737;96;activite.code_activite_regulee;finess_activites
activite_regulee;QA012;96;activite.code_activite_regulee;finess_activites
activite_regulee;449;92;activite.code_activite_regulee;finess_activites
activite_regulee;80;92;activite.code_activite_regulee;finess_activites
activite_regulee;039;90;activite.code_activite_regulee;finess_activites
activite_regulee;88;90;activite.code_activite_regulee;finess_activites
activite_regulee;591;86;activite.code_activite_regulee;finess_activites
activite_regulee;047;84;activite.code_activite_regulee;finess_activites
activite_regulee;55;84;activite.code_activite_regulee;finess_activites
activite_regulee;596;84;activite.code_activite_regulee;finess_activites
activite_regulee;080;82;activite.code_activite_regulee;finess_activites
activite_regulee;093;82;activite.code_activite_regulee;finess_activites
activite_regulee;303;82;activite.code_activite_regulee;finess_activites
activite_regulee;169;80;activite.code_activite_regulee;finess_activites
activite_regulee;189;80;activite.code_activite_regulee;finess_activites
activite_regulee;52;80;activite.code_activite_regulee;finess_activites
activite_regulee;556;80;activite.code_activite_regulee;finess_activites
activite_regulee;718;80;activite.code_activite_regulee;finess_activites
activite_regulee;865;80;activite.code_activite_regulee;finess_activites
activite_regulee;049;78;activite.code_activite_regulee;finess_activites
activite_regulee;237;76;activite.code_activite_regulee;finess_activites
activite_regulee;400;76;activite.code_activite_regulee;finess_activites
activite_regulee;423;76;activite.code_activite_regulee;finess_activites
activite_regulee;585;76;activite.code_activite_regulee;finess_activites
activite_regulee;059;74;activite.code_activite_regulee;finess_activites
activite_regulee;162;74;activite.code_activite_regulee;finess_activites
activite_regulee;919;74;activite.code_activite_regulee;finess_activites
activite_regulee;023;72;activite.code_activite_regulee;finess_activites
activite_regulee;13;72;activite.code_activite_regulee;finess_activites
activite_regulee;51;72;activite.code_activite_regulee;finess_activites
activite_regulee;808;72;activite.code_activite_regulee;finess_activites
activite_regulee;325;70;activite.code_activite_regulee;finess_activites
activite_regulee;096;68;activite.code_activite_regulee;finess_activites
activite_regulee;427;68;activite.code_activite_regulee;finess_activites
activite_regulee;608;68;activite.code_activite_regulee;finess_activites
activite_regulee;731;68;activite.code_activite_regulee;finess_activites
activite_regulee;053;66;activite.code_activite_regulee;finess_activites
activite_regulee;219;66;activite.code_activite_regulee;finess_activites
activite_regulee;754;66;activite.code_activite_regulee;finess_activites
activite_regulee;A2;66;activite.code_activite_regulee;finess_activites
activite_regulee;262;64;activite.code_activite_regulee;finess_activites
activite_regulee;362;64;activite.code_activite_regulee;finess_activites
activite_regulee;171;62;activite.code_activite_regulee;finess_activites
activite_regulee;235;62;activite.code_activite_regulee;finess_activites
activite_regulee;307;62;activite.code_activite_regulee;finess_activites
activite_regulee;742;62;activite.code_activite_regulee;finess_activites
activite_regulee;798;62;activite.code_activite_regulee;finess_activites
activite_regulee;069;60;activite.code_activite_regulee;finess_activites
activite_regulee;226;60;activite.code_activite_regulee;finess_activites
activite_regulee;278;60;activite.code_activite_regulee;finess_activites
activite_regulee;448;60;activite.code_activite_regulee;finess_activites
activite_regulee;659;60;activite.code_activite_regulee;finess_activites
activite_regulee;822;60;activite.code_activite_regulee;finess_activites
activite_regulee;038;58;activite.code_activite_regulee;finess_activites
activite_regulee;155;58;activite.code_activite_regulee;finess_activites
activite_regulee;636;58;activite.code_activite_regulee;finess_activites
activite_regulee;724;58;activite.code_activite_regulee;finess_activites
activite_regulee;750;58;activite.code_activite_regulee;finess_activites
activite_regulee;873;58;activite.code_activite_regulee;finess_activites
activite_regulee;041;56;activite.code_activite_regulee;finess_activites
activite_regulee;633;56;activite.code_activite_regulee;finess_activites
activite_regulee;389;54;activite.code_activite_regulee;finess_activites
activite_regulee;420;54;activite.code_activite_regulee;finess_activites
activite_regulee;424;54;activite.code_activite_regulee;finess_activites
activite_regulee;056;52;activite.code_activite_regulee;finess_activites
activite_regulee;167;52;activite.code_activite_regulee;finess_activites
activite_regulee;553;52;activite.code_activite_regulee;finess_activites
activite_regulee;050;50;activite.code_activite_regulee;finess_activites
activite_regulee;403;50;activite.code_activite_regulee;finess_activites
activite_regulee;605;50;activite.code_activite_regulee;finess_activites
activite_regulee;082;48;activite.code_activite_regulee;finess_activites
activite_regulee;201;48;activite.code_activite_regulee;finess_activites
activite_regulee;645;48;activite.code_activite_regulee;finess_activites
activite_regulee;921;48;activite.code_activite_regulee;finess_activites
activite_regulee;145;46;activite.code_activite_regulee;finess_activites
activite_regulee;758;46;activite.code_activite_regulee;finess_activites
activite_regulee;760;46;activite.code_activite_regulee;finess_activites
activite_regulee;863;46;activite.code_activite_regulee;finess_activites
activite_regulee;871;46;activite.code_activite_regulee;finess_activites
activite_regulee;087;44;activite.code_activite_regulee;finess_activites
activite_regulee;136;44;activite.code_activite_regulee;finess_activites
activite_regulee;604;44;activite.code_activite_regulee;finess_activites
activite_regulee;634;44;activite.code_activite_regulee;finess_activites
activite_regulee;85;44;activite.code_activite_regulee;finess_activites
activite_regulee;QA013;44;activite.code_activite_regulee;finess_activites
activite_regulee;398;42;activite.code_activite_regulee;finess_activites
activite_regulee;417;42;activite.code_activite_regulee;finess_activites
activite_regulee;431;42;activite.code_activite_regulee;finess_activites
activite_regulee;638;42;activite.code_activite_regulee;finess_activites
activite_regulee;83;42;activite.code_activite_regulee;finess_activites
activite_regulee;036;40;activite.code_activite_regulee;finess_activites
activite_regulee;144;40;activite.code_activite_regulee;finess_activites
activite_regulee;153;40;activite.code_activite_regulee;finess_activites
activite_regulee;394;40;activite.code_activite_regulee;finess_activites
activite_regulee;395;40;activite.code_activite_regulee;finess_activites
activite_regulee;813;40;activite.code_activite_regulee;finess_activites
activite_regulee;091;38;activite.code_activite_regulee;finess_activites
activite_regulee;095;38;activite.code_activite_regulee;finess_activites
activite_regulee;134;38;activite.code_activite_regulee;finess_activites
activite_regulee;202;38;activite.code_activite_regulee;finess_activites
activite_regulee;365;38;activite.code_activite_regulee;finess_activites
activite_regulee;852;38;activite.code_activite_regulee;finess_activites
activite_regulee;991;38;activite.code_activite_regulee;finess_activites
activite_regulee;065;36;activite.code_activite_regulee;finess_activites
activite_regulee;103;36;activite.code_activite_regulee;finess_activites
activite_regulee;429;36;activite.code_activite_regulee;finess_activites
activite_regulee;463;36;activite.code_activite_regulee;finess_activites
activite_regulee;465;36;activite.code_activite_regulee;finess_activites
activite_regulee;554;36;activite.code_activite_regulee;finess_activites
activite_regulee;592;36;activite.code_activite_regulee;finess_activites
activite_regulee;624;36;activite.code_activite_regulee;finess_activites
activite_regulee;952;36;activite.code_activite_regulee;finess_activites
activite_regulee;QA010;36;activite.code_activite_regulee;finess_activites
activite_regulee;09;34;activite.code_activite_regulee;finess_activites
activite_regulee;183;34;activite.code_activite_regulee;finess_activites
activite_regulee;616;34;activite.code_activite_regulee;finess_activites
activite_regulee;720;34;activite.code_activite_regulee;finess_activites
activite_regulee;803;34;activite.code_activite_regulee;finess_activites
activite_regulee;101;32;activite.code_activite_regulee;finess_activites
activite_regulee;122;32;activite.code_activite_regulee;finess_activites
activite_regulee;472;32;activite.code_activite_regulee;finess_activites
activite_regulee;647;32;activite.code_activite_regulee;finess_activites
activite_regulee;869;32;activite.code_activite_regulee;finess_activites
activite_regulee;099;30;activite.code_activite_regulee;finess_activites
activite_regulee;523;30;activite.code_activite_regulee;finess_activites
activite_regulee;646;30;activite.code_activite_regulee;finess_activites
activite_regulee;749;30;activite.code_activite_regulee;finess_activites
activite_regulee;800;30;activite.code_activite_regulee;finess_activites
activite_regulee;804;30;activite.code_activite_regulee;finess_activites
activite_regulee;834;30;activite.code_activite_regulee;finess_activites
activite_regulee;86;30;activite.code_activite_regulee;finess_activites
activite_regulee;872;30;activite.code_activite_regulee;finess_activites
activite_regulee;052;28;activite.code_activite_regulee;finess_activites
activite_regulee;073;28;activite.code_activite_regulee;finess_activites
activite_regulee;100;28;activite.code_activite_regulee;finess_activites
activite_regulee;15;28;activite.code_activite_regulee;finess_activites
activite_regulee;522;28;activite.code_activite_regulee;finess_activites
activite_regulee;648;28;activite.code_activite_regulee;finess_activites
activite_regulee;763;28;activite.code_activite_regulee;finess_activites
activite_regulee;812;28;activite.code_activite_regulee;finess_activites
activite_regulee;QA080;28;activite.code_activite_regulee;finess_activites
activite_regulee;037;26;activite.code_activite_regulee;finess_activites
activite_regulee;310;26;activite.code_activite_regulee;finess_activites
activite_regulee;625;26;activite.code_activite_regulee;finess_activites
activite_regulee;835;26;activite.code_activite_regulee;finess_activites
activite_regulee;951;26;activite.code_activite_regulee;finess_activites
activite_regulee;992;26;activite.code_activite_regulee;finess_activites
activite_regulee;057;24;activite.code_activite_regulee;finess_activites
activite_regulee;194;24;activite.code_activite_regulee;finess_activites
activite_regulee;244;24;activite.code_activite_regulee;finess_activites
activite_regulee;263;24;activite.code_activite_regulee;finess_activites
activite_regulee;430;24;activite.code_activite_regulee;finess_activites
activite_regulee;54;24;activite.code_activite_regulee;finess_activites
activite_regulee;880;24;activite.code_activite_regulee;finess_activites
activite_regulee;044;22;activite.code_activite_regulee;finess_activites
activite_regulee;061;22;activite.code_activite_regulee;finess_activites
activite_regulee;390;22;activite.code_activite_regulee;finess_activites
activite_regulee;462;22;activite.code_activite_regulee;finess_activites
activite_regulee;613;22;activite.code_activite_regulee;finess_activites
activite_regulee;759;22;activite.code_activite_regulee;finess_activites
activite_regulee;816;22;activite.code_activite_regulee;finess_activites
activite_regulee;817;22;activite.code_activite_regulee;finess_activites
activite_regulee;942;22;activite.code_activite_regulee;finess_activites
activite_regulee;060;20;activite.code_activite_regulee;finess_activites
activite_regulee;143;20;activite.code_activite_regulee;finess_activites
activite_regulee;206;20;activite.code_activite_regulee;finess_activites
activite_regulee;405;20;activite.code_activite_regulee;finess_activites
activite_regulee;722;20;activite.code_activite_regulee;finess_activites
activite_regulee;799;20;activite.code_activite_regulee;finess_activites
activite_regulee;831;20;activite.code_activite_regulee;finess_activites
activite_regulee;046;18;activite.code_activite_regulee;finess_activites
activite_regulee;094;18;activite.code_activite_regulee;finess_activites
activite_regulee;439;18;activite.code_activite_regulee;finess_activites
activite_regulee;656;18;activite.code_activite_regulee;finess_activites
activite_regulee;756;18;activite.code_activite_regulee;finess_activites
activite_regulee;832;18;activite.code_activite_regulee;finess_activites
activite_regulee;87;18;activite.code_activite_regulee;finess_activites
activite_regulee;950;18;activite.code_activite_regulee;finess_activites
activite_regulee;QA009;18;activite.code_activite_regulee;finess_activites
activite_regulee;115;16;activite.code_activite_regulee;finess_activites
activite_regulee;184;16;activite.code_activite_regulee;finess_activites
activite_regulee;56;16;activite.code_activite_regulee;finess_activites
activite_regulee;609;16;activite.code_activite_regulee;finess_activites
activite_regulee;697;16;activite.code_activite_regulee;finess_activites
activite_regulee;757;16;activite.code_activite_regulee;finess_activites
activite_regulee;811;16;activite.code_activite_regulee;finess_activites
activite_regulee;815;16;activite.code_activite_regulee;finess_activites
activite_regulee;818;16;activite.code_activite_regulee;finess_activites
activite_regulee;854;16;activite.code_activite_regulee;finess_activites
activite_regulee;238;14;activite.code_activite_regulee;finess_activites
activite_regulee;557;14;activite.code_activite_regulee;finess_activites
activite_regulee;58;14;activite.code_activite_regulee;finess_activites
activite_regulee;614;14;activite.code_activite_regulee;finess_activites
activite_regulee;738;14;activite.code_activite_regulee;finess_activites
activite_regulee;739;14;activite.code_activite_regulee;finess_activites
activite_regulee;740;14;activite.code_activite_regulee;finess_activites
activite_regulee;819;14;activite.code_activite_regulee;finess_activites
activite_regulee;828;14;activite.code_activite_regulee;finess_activites
activite_regulee;881;14;activite.code_activite_regulee;finess_activites
activite_regulee;953;14;activite.code_activite_regulee;finess_activites
activite_regulee;QEML2;14;activite.code_activite_regulee;finess_activites
activite_regulee;067;12;activite.code_activite_regulee;finess_activites
activite_regulee;409;12;activite.code_activite_regulee;finess_activites
activite_regulee;440;12;activite.code_activite_regulee;finess_activites
activite_regulee;445;12;activite.code_activite_regulee;finess_activites
activite_regulee;719;12;activite.code_activite_regulee;finess_activites
activite_regulee;807;12;activite.code_activite_regulee;finess_activites
activite_regulee;81;12;activite.code_activite_regulee;finess_activites
activite_regulee;814;12;activite.code_activite_regulee;finess_activites
activite_regulee;830;12;activite.code_activite_regulee;finess_activites
activite_regulee;088;10;activite.code_activite_regulee;finess_activites
activite_regulee;126;10;activite.code_activite_regulee;finess_activites
activite_regulee;388;10;activite.code_activite_regulee;finess_activites
activite_regulee;589;10;activite.code_activite_regulee;finess_activites
activite_regulee;755;10;activite.code_activite_regulee;finess_activites
activite_regulee;82;10;activite.code_activite_regulee;finess_activites
activite_regulee;843;10;activite.code_activite_regulee;finess_activites
activite_regulee;QA030;10;activite.code_activite_regulee;finess_activites
activite_regulee;090;8;activite.code_activite_regulee;finess_activites
activite_regulee;135;8;activite.code_activite_regulee;finess_activites
activite_regulee;222;8;activite.code_activite_regulee;finess_activites
activite_regulee;245;8;activite.code_activite_regulee;finess_activites
activite_regulee;355;8;activite.code_activite_regulee;finess_activites
activite_regulee;468;8;activite.code_activite_regulee;finess_activites
activite_regulee;500;8;activite.code_activite_regulee;finess_activites
activite_regulee;53;8;activite.code_activite_regulee;finess_activites
activite_regulee;641;8;activite.code_activite_regulee;finess_activites
activite_regulee;741;8;activite.code_activite_regulee;finess_activites
activite_regulee;801;8;activite.code_activite_regulee;finess_activites
activite_regulee;802;8;activite.code_activite_regulee;finess_activites
activite_regulee;805;8;activite.code_activite_regulee;finess_activites
activite_regulee;833;8;activite.code_activite_regulee;finess_activites
activite_regulee;888;8;activite.code_activite_regulee;finess_activites
activite_regulee;933;8;activite.code_activite_regulee;finess_activites
activite_regulee;954;8;activite.code_activite_regulee;finess_activites
activite_regulee;150;6;activite.code_activite_regulee;finess_activites
activite_regulee;221;6;activite.code_activite_regulee;finess_activites
activite_regulee;407;6;activite.code_activite_regulee;finess_activites
activite_regulee;569;6;activite.code_activite_regulee;finess_activites
activite_regulee;584;6;activite.code_activite_regulee;finess_activites
activite_regulee;599;6;activite.code_activite_regulee;finess_activites
activite_regulee;620;6;activite.code_activite_regulee;finess_activites
activite_regulee;651;6;activite.code_activite_regulee;finess_activites
activite_regulee;715;6;activite.code_activite_regulee;finess_activites
activite_regulee;837;6;activite.code_activite_regulee;finess_activites
activite_regulee;84;6;activite.code_activite_regulee;finess_activites
activite_regulee;856;6;activite.code_activite_regulee;finess_activites
activite_regulee;070;4;activite.code_activite_regulee;finess_activites
activite_regulee;111;4;activite.code_activite_regulee;finess_activites
activite_regulee;174;4;activite.code_activite_regulee;finess_activites
activite_regulee;406;4;activite.code_activite_regulee;finess_activites
activite_regulee;454;4;activite.code_activite_regulee;finess_activites
activite_regulee;457;4;activite.code_activite_regulee;finess_activites
activite_regulee;594;4;activite.code_activite_regulee;finess_activites
activite_regulee;606;4;activite.code_activite_regulee;finess_activites
activite_regulee;612;4;activite.code_activite_regulee;finess_activites
activite_regulee;663;4;activite.code_activite_regulee;finess_activites
activite_regulee;664;4;activite.code_activite_regulee;finess_activites
activite_regulee;725;4;activite.code_activite_regulee;finess_activites
activite_regulee;829;4;activite.code_activite_regulee;finess_activites
activite_regulee;882;4;activite.code_activite_regulee;finess_activites
activite_regulee;949;4;activite.code_activite_regulee;finess_activites
activite_regulee;956;4;activite.code_activite_regulee;finess_activites
activite_regulee;051;2;activite.code_activite_regulee;finess_activites
activite_regulee;107;2;activite.code_activite_regulee;finess_activites
activite_regulee;148;2;activite.code_activite_regulee;finess_activites
activite_regulee;191;2;activite.code_activite_regulee;finess_activites
activite_regulee;192;2;activite.code_activite_regulee;finess_activites
activite_regulee;220;2;activite.code_activite_regulee;finess_activites
activite_regulee;224;2;activite.code_activite_regulee;finess_activites
activite_regulee;227;2;activite.code_activite_regulee;finess_activites
activite_regulee;408;2;activite.code_activite_regulee;finess_activites
activite_regulee;467;2;activite.code_activite_regulee;finess_activites
activite_regulee;57;2;activite.code_activite_regulee;finess_activites
activite_regulee;595;2;activite.code_activite_regulee;finess_activites
activite_regulee;597;2;activite.code_activite_regulee;finess_activites
activite_regulee;610;2;activite.code_activite_regulee;finess_activites
activite_regulee;615;2;activite.code_activite_regulee;finess_activites
activite_regulee;618;2;activite.code_activite_regulee;finess_activites
activite_regulee;639;2;activite.code_activite_regulee;finess_activites
activite_regulee;714;2;activite.code_activite_regulee;finess_activites
activite_regulee;721;2;activite.code_activite_regulee;finess_activites
activite_regulee;728;2;activite.code_activite_regulee;finess_activites
activite_regulee;853;2;activite.code_activite_regulee;finess_activites
activite_regulee;857;2;activite.code_activite_regulee;finess_activites
activite_regulee;886;2;activite.code_activite_regulee;finess_activites
activite_regulee;955;2;activite.code_activite_regulee;finess_activites
activite_regulee;QEML3;2;activite.code_activite_regulee;finess_activites
autorite_regulation;ARS-75;80;engagement_autorite.code_autorite_regulation;finess_activites|finess_structures
autorite_regulation;ARS-76;54;engagement_autorite.code_autorite_regulation;finess_activites|finess_structures
autorite_regulation;ARS-84;23;engagement_autorite.code_autorite_regulation;finess_activites|finess_structures
autorite_regulation;CD-59;22;engagement_autorite.code_autorite_regulation;finess_activites|finess_structures
autorite_regulation;ARS-52;18;engagement_autorite.code_autorite_regulation;finess_activites|finess_structures
autorite_regulation;ARS-94;16;engagement_autorite.code_autorite_regulation;finess_activites|finess_structures
autorite_regulation;ARS-11;15;engagement_autorite.code_autorite_regulation;finess_activites|finess_structures
autorite_regulation;ARS-28;10;engagement_autorite.code_autorite_regulation;finess_activites|finess_structures
autorite_regulation;DDETS-68;10;engagement_autorite.code_autorite_regulation;finess_activites|finess_structures
autorite_regulation;CD-15;8;engagement_autorite.code_autorite_regulation;finess_activites|finess_structures
autorite_regulation;ARS-53;6;engagement_autorite.code_autorite_regulation;finess_activites|finess_structures
autorite_regulation;ARS-32;5;engagement_autorite.code_autorite_regulation;finess_activites|finess_structures
autorite_regulation;CR-32;5;engagement_autorite.code_autorite_regulation;finess_activites|finess_structures
autorite_regulation;ARS-44;4;engagement_autorite.code_autorite_regulation;finess_activites|finess_structures
autorite_regulation;CD-41;4;engagement_autorite.code_autorite_regulation;finess_activites|finess_structures
autorite_regulation;ARS-27;3;engagement_autorite.code_autorite_regulation;finess_activites|finess_structures
autorite_regulation;CD-01;3;engagement_autorite.code_autorite_regulation;finess_activites|finess_structures
autorite_regulation;CD-38;3;engagement_autorite.code_autorite_regulation;finess_activites|finess_structures
autorite_regulation;CD-44;3;engagement_autorite.code_autorite_regulation;finess_activites|finess_structures
autorite_regulation;DDETS-37;3;engagement_autorite.code_autorite_regulation;finess_activites|finess_structures
autorite_regulation;PREF-31;3;engagement_autorite.code_autorite_regulation;finess_activites|finess_structures
autorite_regulation;ARS-05;2;engagement_autorite.code_autorite_regulation;finess_activites|finess_structures
autorite_regulation;ARS-93;2;engagement_autorite.code_autorite_regulation;finess_activites|finess_structures
autorite_regulation;MET-LYO;2;engagement_autorite.code_autorite_regulation;finess_activites|finess_structures
autorite_regulation;CD-31;1;engagement_autorite.code_autorite_regulation;finess_activites|finess_structures
autorite_regulation;CD-34;1;engagement_autorite.code_autorite_regulation;finess_activites|finess_structures
autorite_regulation;CD-48;1;engagement_autorite.code_autorite_regulation;finess_activites|finess_structures
autorite_regulation;CD-54;1;engagement_autorite.code_autorite_regulation;finess_activites|finess_structures
autorite_regulation;CD-56;1;engagement_autorite.code_autorite_regulation;finess_activites|finess_structures
autorite_regulation;CD-69;1;engagement_autorite.code_autorite_regulation;finess_activites|finess_structures
autorite_regulation;CD-86;1;engagement_autorite.code_autorite_regulation;finess_activites|finess_structures
autorite_regulation;DDETS-03;1;engagement_autorite.code_autorite_regulation;finess_activites|finess_structures
autorite_regulation;DDETS-13;1;engagement_autorite.code_autorite_regulation;finess_activites|finess_structures
autorite_regulation;DDETS-17;1;engagement_autorite.code_autorite_regulation;finess_activites|finess_structures
autorite_regulation;DDETS-65;1;engagement_autorite.code_autorite_regulation;finess_activites|finess_structures
autorite_regulation;DDETS-90;1;engagement_autorite.code_autorite_regulation;finess_activites|finess_structures
categorie_etablissement;620;24026;etablissement.code_categorie;finess_structures
categorie_etablissement;460;16647;etablissement.code_categorie;finess_structures
categorie_etablissement;500;7866;etablissement.code_categorie;finess_structures
categorie_etablissement;611;5327;etablissement.code_categorie;finess_structures
categorie_etablissement;610;5221;etablissement.code_categorie;finess_structures
categorie_etablissement;124;4796;etablissement.code_categorie;finess_structures
categorie_etablissement;603;3462;etablissement.code_categorie;finess_structures
categorie_etablissement;170;3410;etablissement.code_categorie;finess_structures
categorie_etablissement;202;3288;etablissement.code_categorie;finess_structures
categorie_etablissement;156;3118;etablissement.code_categorie;finess_structures
categorie_etablissement;167;3079;etablissement.code_categorie;finess_structures
categorie_etablissement;219;2926;etablissement.code_categorie;finess_structures
categorie_etablissement;327;2616;etablissement.code_categorie;finess_structures
categorie_etablissement;177;2607;etablissement.code_categorie;finess_structures
categorie_etablissement;182;2523;etablissement.code_categorie;finess_structures
categorie_etablissement;354;2520;etablissement.code_categorie;finess_structures
categorie_etablissement;292;2164;etablissement.code_categorie;finess_structures
categorie_etablissement;355;1977;etablissement.code_categorie;finess_structures
categorie_etablissement;183;1923;etablissement.code_categorie;finess_structures
categorie_etablissement;200;1859;etablissement.code_categorie;finess_structures
categorie_etablissement;246;1846;etablissement.code_categorie;finess_structures
categorie_etablissement;230;1830;etablissement.code_categorie;finess_structures
categorie_etablissement;698;1594;etablissement.code_categorie;finess_structures
categorie_etablissement;382;1570;etablissement.code_categorie;finess_structures
categorie_etablissement;449;1518;etablissement.code_categorie;finess_structures
categorie_etablissement;259;1499;etablissement.code_categorie;finess_structures
categorie_etablissement;174;1467;etablissement.code_categorie;finess_structures
categorie_etablissement;214;1431;etablissement.code_categorie;finess_structures
categorie_etablissement;446;1423;etablissement.code_categorie;finess_structures
categorie_etablissement;208;1413;etablissement.code_categorie;finess_structures
categorie_etablissement;462;1276;etablissement.code_categorie;finess_structures
categorie_etablissement;223;1269;etablissement.code_categorie;finess_structures
categorie_etablissement;696;1259;etablissement.code_categorie;finess_structures
categorie_etablissement;362;1232;etablissement.code_categorie;finess_structures
categorie_etablissement;258;1219;etablissement.code_categorie;finess_structures
categorie_etablissement;632;1203;etablissement.code_categorie;finess_structures
categorie_etablissement;252;1189;etablissement.code_categorie;finess_structures
categorie_etablissement;257;1122;etablissement.code_categorie;finess_structures
categorie_etablissement;425;1093;etablissement.code_categorie;finess_structures
categorie_etablissement;220;1059;etablissement.code_categorie;finess_structures
categorie_etablissement;168;1048;etablissement.code_categorie;finess_structures
categorie_etablissement;146;1007;etablissement.code_categorie;finess_structures
categorie_etablissement;330;929;etablissement.code_categorie;finess_structures
categorie_etablissement;255;922;etablissement.code_categorie;finess_structures
categorie_etablissement;300;918;etablissement.code_categorie;finess_structures
categorie_etablissement;109;910;etablissement.code_categorie;finess_structures
categorie_etablissement;285;904;etablissement.code_categorie;finess_structures
categorie_etablissement;640;850;etablissement.code_categorie;finess_structures
categorie_etablissement;365;837;etablissement.code_categorie;finess_structures
categorie_etablissement;289;820;etablissement.code_categorie;finess_structures
categorie_etablissement;604;820;etablissement.code_categorie;finess_structures
categorie_etablissement;448;813;etablissement.code_categorie;finess_structures
categorie_etablissement;186;791;etablissement.code_categorie;finess_structures
categorie_etablissement;295;778;etablissement.code_categorie;finess_structures
categorie_etablissement;205;726;etablissement.code_categorie;finess_structures
categorie_etablissement;189;723;etablissement.code_categorie;finess_structures
categorie_etablissement;228;715;etablissement.code_categorie;finess_structures
categorie_etablissement;286;684;etablissement.code_categorie;finess_structures
categorie_etablissement;405;674;etablissement.code_categorie;finess_structures
categorie_etablissement;247;668;etablissement.code_categorie;finess_structures
categorie_etablissement;197;650;etablissement.code_categorie;finess_structures
categorie_etablissement;441;648;etablissement.code_categorie;finess_structures
categorie_etablissement;445;648;etablissement.code_categorie;finess_structures
categorie_etablissement;171;629;etablissement.code_categorie;finess_structures
categorie_etablissement;297;620;etablissement.code_categorie;finess_structures
categorie_etablissement;101;608;etablissement.code_categorie;finess_structures
categorie_etablissement;209;597;etablissement.code_categorie;finess_structures
categorie_etablissement;181;575;etablissement.code_categorie;finess_structures
categorie_etablissement;169;562;etablissement.code_categorie;finess_structures
categorie_etablissement;398;555;etablissement.code_categorie;finess_structures
categorie_etablissement;443;550;etablissement.code_categorie;finess_structures
categorie_etablissement;207;537;etablissement.code_categorie;finess_structures
categorie_etablissement;359;537;etablissement.code_categorie;finess_structures
categorie_etablissement;437;517;etablissement.code_categorie;finess_structures
categorie_etablissement;616;514;etablissement.code_categorie;finess_structures
categorie_etablissement;450;489;etablissement.code_categorie;finess_structures
categorie_etablissement;340;452;etablissement.code_categorie;finess_structures
categorie_etablissement;463;450;etablissement.code_categorie;finess_structures
categorie_etablissement;190;442;etablissement.code_categorie;finess_structures
categorie_etablissement;130;416;etablissement.code_categorie;finess_structures
categorie_etablissement;602;413;etablissement.code_categorie;finess_structures
categorie_etablissement;378;411;etablissement.code_categorie;finess_structures
categorie_etablissement;161;406;etablissement.code_categorie;finess_structures
categorie_etablissement;617;403;etablissement.code_categorie;finess_structures
categorie_etablissement;420;395;etablissement.code_categorie;finess_structures
categorie_etablissement;175;387;etablissement.code_categorie;finess_structures
categorie_etablissement;132;386;etablissement.code_categorie;finess_structures
categorie_etablissement;128;381;etablissement.code_categorie;finess_structures
categorie_etablissement;346;354;etablissement.code_categorie;finess_structures
categorie_etablissement;502;323;etablissement.code_categorie;finess_structures
categorie_etablissement;399;322;etablissement.code_categorie;finess_structures
categorie_etablissement;106;292;etablissement.code_categorie;finess_structures
categorie_etablissement;165;290;etablissement.code_categorie;finess_structures
categorie_etablissement;256;279;etablissement.code_categorie;finess_structures
categorie_etablissement;699;272;etablissement.code_categorie;finess_structures
categorie_etablissement;241;271;etablissement.code_categorie;finess_structures
categorie_etablissement;166;266;etablissement.code_categorie;finess_structures
categorie_etablissement;188;263;etablissement.code_categorie;finess_structures
categorie_etablissement;412;259;etablissement.code_categorie;finess_structures
categorie_etablissement;180;257;etablissement.code_categorie;finess_structures
categorie_etablissement;439;254;etablissement.code_categorie;finess_structures
categorie_etablissement;236;237;etablissement.code_categorie;finess_structures
categorie_etablissement;127;232;etablissement.code_categorie;finess_structures
categorie_etablissement;108;227;etablissement.code_categorie;finess_structures
categorie_etablissement;379;223;etablissement.code_categorie;finess_structures
categorie_etablissement;218;219;etablissement.code_categorie;finess_structures
categorie_etablissement;397;215;etablissement.code_categorie;finess_structures
categorie_etablissement;125;214;etablissement.code_categorie;finess_structures
categorie_etablissement;321;212;etablissement.code_categorie;finess_structures
categorie_etablissement;440;201;etablissement.code_categorie;finess_structures
categorie_etablissement;178;198;etablissement.code_categorie;finess_structures
categorie_etablissement;638;193;etablissement.code_categorie;finess_structures
categorie_etablissement;370;192;etablissement.code_categorie;finess_structures
categorie_etablissement;160;186;etablissement.code_categorie;finess_structures
categorie_etablissement;442;184;etablissement.code_categorie;finess_structures
categorie_etablissement;192;179;etablissement.code_categorie;finess_structures
categorie_etablissement;162;173;etablissement.code_categorie;finess_structures
categorie_etablissement;265;170;etablissement.code_categorie;finess_structures
categorie_etablissement;141;164;etablissement.code_categorie;finess_structures
categorie_etablissement;347;164;etablissement.code_categorie;finess_structures
categorie_etablissement;394;163;etablissement.code_categorie;finess_structures
categorie_etablissement;627;158;etablissement.code_categorie;finess_structures
categorie_etablissement;129;156;etablissement.code_categorie;finess_structures
categorie_etablissement;126;154;etablissement.code_categorie;finess_structures
categorie_etablissement;606;148;etablissement.code_categorie;finess_structures
categorie_etablissement;344;141;etablissement.code_categorie;finess_structures
categorie_etablissement;238;140;etablissement.code_categorie;finess_structures
categorie_etablissement;697;139;etablissement.code_categorie;finess_structures
categorie_etablissement;608;131;etablissement.code_categorie;finess_structures
categorie_etablissement;249;121;etablissement.code_categorie;finess_structures
categorie_etablissement;436;121;etablissement.code_categorie;finess_structures
categorie_etablissement;268;120;etablissement.code_categorie;finess_structures
categorie_etablissement;403;120;etablissement.code_categorie;finess_structures
categorie_etablissement;636;118;etablissement.code_categorie;finess_structures
categorie_etablissement;427;117;etablissement.code_categorie;finess_structures
categorie_etablissement;645;115;etablissement.code_categorie;finess_structures
categorie_etablissement;637;111;etablissement.code_categorie;finess_structures
categorie_etablissement;281;109;etablissement.code_categorie;finess_structures
categorie_etablissement;381;106;etablissement.code_categorie;finess_structures
categorie_etablissement;451;103;etablissement.code_categorie;finess_structures
categorie_etablissement;195;102;etablissement.code_categorie;finess_structures
categorie_etablissement;609;102;etablissement.code_categorie;finess_structures
categorie_etablissement;377;100;etablissement.code_categorie;finess_structures
categorie_etablissement;461;99;etablissement.code_categorie;finess_structures
categorie_etablissement;163;98;etablissement.code_categorie;finess_structures
categorie_etablissement;430;97;etablissement.code_categorie;finess_structures
categorie_etablissement;642;96;etablissement.code_categorie;finess_structures
categorie_etablissement;376;94;etablissement.code_categorie;finess_structures
categorie_etablissement;633;94;etablissement.code_categorie;finess_structures
categorie_etablissement;231;90;etablissement.code_categorie;finess_structures
categorie_etablissement;366;87;etablissement.code_categorie;finess_structures
categorie_etablissement;198;77;etablissement.code_categorie;finess_structures
categorie_etablissement;629;77;etablissement.code_categorie;finess_structures
categorie_etablissement;646;76;etablissement.code_categorie;finess_structures
categorie_etablissement;172;75;etablissement.code_categorie;finess_structures
categorie_etablissement;135;74;etablissement.code_categorie;finess_structures
categorie_etablissement;368;73;etablissement.code_categorie;finess_structures
categorie_etablissement;628;72;etablissement.code_categorie;finess_structures
categorie_etablissement;213;71;etablissement.code_categorie;finess_structures
categorie_etablissement;426;71;etablissement.code_categorie;finess_structures
categorie_etablissement;345;70;etablissement.code_categorie;finess_structures
categorie_etablissement;400;69;etablissement.code_categorie;finess_structures
categorie_etablissement;422;68;etablissement.code_categorie;finess_structures
categorie_etablissement;695;67;etablissement.code_categorie;finess_structures
categorie_etablissement;393;66;etablissement.code_categorie;finess_structures
categorie_etablissement;273;65;etablissement.code_categorie;finess_structures
categorie_etablissement;142;64;etablissement.code_categorie;finess_structures
categorie_etablissement;605;63;etablissement.code_categorie;finess_structures
categorie_etablissement;176;62;etablissement.code_categorie;finess_structures
categorie_etablissement;242;62;etablissement.code_categorie;finess_structures
categorie_etablissement;294;61;etablissement.code_categorie;finess_structures
categorie_etablissement;224;60;etablissement.code_categorie;finess_structures
categorie_etablissement;320;60;etablissement.code_categorie;finess_structures
categorie_etablissement;380;59;etablissement.code_categorie;finess_structures
categorie_etablissement;271;58;etablissement.code_categorie;finess_structures
categorie_etablissement;395;58;etablissement.code_categorie;finess_structures
categorie_etablissement;404;56;etablissement.code_categorie;finess_structures
categorie_etablissement;501;54;etablissement.code_categorie;finess_structures
categorie_etablissement;122;53;etablissement.code_categorie;finess_structures
categorie_etablissement;648;53;etablissement.code_categorie;finess_structures
categorie_etablissement;396;52;etablissement.code_categorie;finess_structures
categorie_etablissement;418;51;etablissement.code_categorie;finess_structures
categorie_etablissement;131;50;etablissement.code_categorie;finess_structures
categorie_etablissement;143;50;etablissement.code_categorie;finess_structures
categorie_etablissement;369;49;etablissement.code_categorie;finess_structures
categorie_etablissement;647;49;etablissement.code_categorie;finess_structures
categorie_etablissement;367;48;etablissement.code_categorie;finess_structures
categorie_etablissement;630;48;etablissement.code_categorie;finess_structures
categorie_etablissement;266;46;etablissement.code_categorie;finess_structures
categorie_etablissement;179;44;etablissement.code_categorie;finess_structures
categorie_etablissement;415;44;etablissement.code_categorie;finess_structures
categorie_etablissement;447;44;etablissement.code_categorie;finess_structures
categorie_etablissement;464;44;etablissement.code_categorie;finess_structures
categorie_etablissement;194;43;etablissement.code_categorie;finess_structures
categorie_etablissement;216;43;etablissement.code_categorie;finess_structures
categorie_etablissement;269;43;etablissement.code_categorie;finess_structures
categorie_etablissement;444;41;etablissement.code_categorie;finess_structures
categorie_etablissement;164;38;etablissement.code_categorie;finess_structures
categorie_etablissement;644;37;etablissement.code_categorie;finess_structures
categorie_etablissement;341;35;etablissement.code_categorie;finess_structures
categorie_etablissement;196;34;etablissement.code_categorie;finess_structures
categorie_etablissement;199;32;etablissement.code_categorie;finess_structures
categorie_etablissement;253;32;etablissement.code_categorie;finess_structures
categorie_etablissement;262;32;etablissement.code_categorie;finess_structures
categorie_etablissement;324;32;etablissement.code_categorie;finess_structures
categorie_etablissement;411;32;etablissement.code_categorie;finess_structures
categorie_etablissement;343;30;etablissement.code_categorie;finess_structures
categorie_etablissement;371;30;etablissement.code_categorie;finess_structures
categorie_etablissement;612;30;etablissement.code_categorie;finess_structures
categorie_etablissement;184;28;etablissement.code_categorie;finess_structures
categorie_etablissement;435;27;etablissement.code_categorie;finess_structures
categorie_etablissement;221;25;etablissement.code_categorie;finess_structures
categorie_etablissement;114;24;etablissement.code_categorie;finess_structures
categorie_etablissement;270;24;etablissement.code_categorie;finess_structures
categorie_etablissement;308;24;etablissement.code_categorie;finess_structures
categorie_etablissement;185;23;etablissement.code_categorie;finess_structures
categorie_etablissement;390;23;etablissement.code_categorie;finess_structures
categorie_etablissement;621;21;etablissement.code_categorie;finess_structures
categorie_etablissement;350;20;etablissement.code_categorie;finess_structures
categorie_etablissement;607;20;etablissement.code_categorie;finess_structures
categorie_etablissement;342;18;etablissement.code_categorie;finess_structures
categorie_etablissement;309;16;etablissement.code_categorie;finess_structures
categorie_etablissement;316;16;etablissement.code_categorie;finess_structures
categorie_etablissement;419;16;etablissement.code_categorie;finess_structures
categorie_etablissement;614;16;etablissement.code_categorie;finess_structures
categorie_etablissement;173;15;etablissement.code_categorie;finess_structures
categorie_etablissement;237;15;etablissement.code_categorie;finess_structures
categorie_etablissement;431;15;etablissement.code_categorie;finess_structures
categorie_etablissement;277;14;etablissement.code_categorie;finess_structures
categorie_etablissement;278;14;etablissement.code_categorie;finess_structures
categorie_etablissement;279;13;etablissement.code_categorie;finess_structures
categorie_etablissement;315;13;etablissement.code_categorie;finess_structures
categorie_etablissement;322;13;etablissement.code_categorie;finess_structures
categorie_etablissement;433;12;etablissement.code_categorie;finess_structures
categorie_etablissement;438;12;etablissement.code_categorie;finess_structures
categorie_etablissement;641;12;etablissement.code_categorie;finess_structures
categorie_etablissement;631;11;etablissement.code_categorie;finess_structures
categorie_etablissement;272;9;etablissement.code_categorie;finess_structures
categorie_etablissement;307;9;etablissement.code_categorie;finess_structures
categorie_etablissement;643;9;etablissement.code_categorie;finess_structures
categorie_etablissement;212;7;etablissement.code_categorie;finess_structures
categorie_etablissement;274;7;etablissement.code_categorie;finess_structures
categorie_etablissement;280;7;etablissement.code_categorie;finess_structures
categorie_etablissement;283;7;etablissement.code_categorie;finess_structures
categorie_etablissement;306;7;etablissement.code_categorie;finess_structures
categorie_etablissement;639;7;etablissement.code_categorie;finess_structures
categorie_etablissement;233;6;etablissement.code_categorie;finess_structures
categorie_etablissement;275;6;etablissement.code_categorie;finess_structures
categorie_etablissement;453;6;etablissement.code_categorie;finess_structures
categorie_etablissement;310;5;etablissement.code_categorie;finess_structures
categorie_etablissement;402;5;etablissement.code_categorie;finess_structures
categorie_etablissement;434;5;etablissement.code_categorie;finess_structures
categorie_etablissement;144;4;etablissement.code_categorie;finess_structures
categorie_etablissement;276;4;etablissement.code_categorie;finess_structures
categorie_etablissement;303;4;etablissement.code_categorie;finess_structures
categorie_etablissement;312;4;etablissement.code_categorie;finess_structures
categorie_etablissement;314;4;etablissement.code_categorie;finess_structures
categorie_etablissement;363;4;etablissement.code_categorie;finess_structures
categorie_etablissement;375;4;etablissement.code_categorie;finess_structures
categorie_etablissement;119;3;etablissement.code_categorie;finess_structures
categorie_etablissement;267;3;etablissement.code_categorie;finess_structures
categorie_etablissement;282;3;etablissement.code_categorie;finess_structures
categorie_etablissement;284;3;etablissement.code_categorie;finess_structures
categorie_etablissement;313;3;etablissement.code_categorie;finess_structures
categorie_etablissement;317;3;etablissement.code_categorie;finess_structures
categorie_etablissement;413;3;etablissement.code_categorie;finess_structures
categorie_etablissement;414;3;etablissement.code_categorie;finess_structures
categorie_etablissement;452;3;etablissement.code_categorie;finess_structures
categorie_etablissement;601;3;etablissement.code_categorie;finess_structures
categorie_etablissement;624;3;etablissement.code_categorie;finess_structures
categorie_etablissement;690;3;etablissement.code_categorie;finess_structures
categorie_etablissement;112;2;etablissement.code_categorie;finess_structures
categorie_etablissement;115;2;etablissement.code_categorie;finess_structures
categorie_etablissement;159;2;etablissement.code_categorie;finess_structures
categorie_etablissement;191;2;etablissement.code_categorie;finess_structures
categorie_etablissement;193;2;etablissement.code_categorie;finess_structures
categorie_etablissement;217;2;etablissement.code_categorie;finess_structures
categorie_etablissement;304;2;etablissement.code_categorie;finess_structures
categorie_etablissement;305;2;etablissement.code_categorie;finess_structures
categorie_etablissement;319;2;etablissement.code_categorie;finess_structures
categorie_etablissement;326;2;etablissement.code_categorie;finess_structures
categorie_etablissement;353;2;etablissement.code_categorie;finess_structures
categorie_etablissement;361;2;etablissement.code_categorie;finess_structures
categorie_etablissement;649;2;etablissement.code_categorie;finess_structures
categorie_etablissement;650;2;etablissement.code_categorie;finess_structures
categorie_etablissement;136;1;etablissement.code_categorie;finess_structures
categorie_etablissement;138;1;etablissement.code_categorie;finess_structures
categorie_etablissement;139;1;etablissement.code_categorie;finess_structures
categorie_etablissement;157;1;etablissement.code_categorie;finess_structures
categorie_etablissement;261;1;etablissement.code_categorie;finess_structures
categorie_etablissement;311;1;etablissement.code_categorie;finess_structures
categorie_etablissement;329;1;etablissement.code_categorie;finess_structures
categorie_etablissement;349;1;etablissement.code_categorie;finess_structures
categorie_etablissement;352;1;etablissement.code_categorie;finess_structures
categorie_etablissement;373;1;etablissement.code_categorie;finess_structures
categorie_etablissement;374;1;etablissement.code_categorie;finess_structures
categorie_etablissement;386;1;etablissement.code_categorie;finess_structures
categorie_etablissement;421;1;etablissement.code_categorie;finess_structures
categorie_etablissement;423;1;etablissement.code_categorie;finess_structures
categorie_etablissement;622;1;etablissement.code_categorie;finess_structures
code_ape;47.73Z;22241;entite_juridique.code_ape;finess_structures
code_ape;88.99B;8204;entite_juridique.code_ape;finess_structures
code_ape;88.10A;6722;entite_juridique.code_ape;finess_structures
code_ape;87.10A;4207;entite_juridique.code_ape;finess_structures
code_ape;86.10Z;3512;entite_juridique.code_ape;finess_structures
code_ape;84.11Z;3186;entite_juridique.code_ape;finess_structures
code_ape;86.21Z;3159;entite_juridique.code_ape;finess_structures
code_ape;86.90B;2937;entite_juridique.code_ape;finess_structures
code_ape;94.99Z;2103;entite_juridique.code_ape;finess_structures
code_ape;88.91A;1861;entite_juridique.code_ape;finess_structures
code_ape;87.30A;1138;entite_juridique.code_ape;finess_structures
code_ape;86.23Z;1123;entite_juridique.code_ape;finess_structures
code_ape;86.90A;1087;entite_juridique.code_ape;finess_structures
code_ape;87.90A;1053;entite_juridique.code_ape;finess_structures
code_ape;87.90B;836;entite_juridique.code_ape;finess_structures
code_ape;86.90D;825;entite_juridique.code_ape;finess_structures
code_ape;94.12Z;643;entite_juridique.code_ape;finess_structures
code_ape;84.12Z;642;entite_juridique.code_ape;finess_structures
code_ape;96.09Z;637;entite_juridique.code_ape;finess_structures
code_ape;85.1A;632;entite_juridique.code_ape;finess_structures
code_ape;87.20A;553;entite_juridique.code_ape;finess_structures
code_ape;70.10Z;540;entite_juridique.code_ape;finess_structures
code_ape;86.22C;498;entite_juridique.code_ape;finess_structures
code_ape;86.22A;454;entite_juridique.code_ape;finess_structures
code_ape;85.3D;421;entite_juridique.code_ape;finess_structures
code_ape;52.3A;405;entite_juridique.code_ape;finess_structures
code_ape;85.1K;404;entite_juridique.code_ape;finess_structures
code_ape;47.74Z;399;entite_juridique.code_ape;finess_structures
code_ape;88.10C;394;entite_juridique.code_ape;finess_structures
code_ape;68.20B;389;entite_juridique.code_ape;finess_structures
code_ape;68.20A;379;entite_juridique.code_ape;finess_structures
code_ape;55.90Z;354;entite_juridique.code_ape;finess_structures
code_ape;87.10B;351;entite_juridique.code_ape;finess_structures
code_ape;77.29Z;310;entite_juridique.code_ape;finess_structures
code_ape;81.21Z;282;entite_juridique.code_ape;finess_structures
code_ape;86.90F;280;entite_juridique.code_ape;finess_structures
code_ape;66.19A;271;entite_juridique.code_ape;finess_structures
code_ape;65.12Z;263;entite_juridique.code_ape;finess_structures
code_ape;85.3K;258;entite_juridique.code_ape;finess_structures
code_ape;85.1J;241;entite_juridique.code_ape;finess_structures
code_ape;85.59A;236;entite_juridique.code_ape;finess_structures
code_ape;85.32Z;225;entite_juridique.code_ape;finess_structures
code_ape;85.3G;219;entite_juridique.code_ape;finess_structures
code_ape;88.10B;217;entite_juridique.code_ape;finess_structures
code_ape;85.3J;214;entite_juridique.code_ape;finess_structures
code_ape;88.99A;207;entite_juridique.code_ape;finess_structures
code_ape;82.99Z;200;entite_juridique.code_ape;finess_structures
code_ape;85.42Z;199;entite_juridique.code_ape;finess_structures
code_ape;82.19Z;195;entite_juridique.code_ape;finess_structures
code_ape;88.91B;184;entite_juridique.code_ape;finess_structures
code_ape;85.31Z;174;entite_juridique.code_ape;finess_structures
code_ape;87.10C;174;entite_juridique.code_ape;finess_structures
code_ape;84.30A;169;entite_juridique.code_ape;finess_structures
code_ape;94.91Z;167;entite_juridique.code_ape;finess_structures
code_ape;49.32Z;152;entite_juridique.code_ape;finess_structures
code_ape;55.20Z;152;entite_juridique.code_ape;finess_structures
code_ape;64.20Z;142;entite_juridique.code_ape;finess_structures
code_ape;84.23Z;126;entite_juridique.code_ape;finess_structures
code_ape;66.30Z;120;entite_juridique.code_ape;finess_structures
code_ape;85.59B;119;entite_juridique.code_ape;finess_structures
code_ape;84.25Z;108;entite_juridique.code_ape;finess_structures
code_ape;91.3E;106;entite_juridique.code_ape;finess_structures
code_ape;93.29Z;100;entite_juridique.code_ape;finess_structures
code_ape;64.30Z;99;entite_juridique.code_ape;finess_structures
code_ape;70.22Z;89;entite_juridique.code_ape;finess_structures
code_ape;84.30C;89;entite_juridique.code_ape;finess_structures
code_ape;96.03Z;81;entite_juridique.code_ape;finess_structures
code_ape;85.1C;80;entite_juridique.code_ape;finess_structures
code_ape;96.04Z;78;entite_juridique.code_ape;finess_structures
code_ape;87.20B;76;entite_juridique.code_ape;finess_structures
code_ape;78.30Z;73;entite_juridique.code_ape;finess_structures
code_ape;75.1A;61;entite_juridique.code_ape;finess_structures
code_ape;85.3H;60;entite_juridique.code_ape;finess_structures
code_ape;74.1J;59;entite_juridique.code_ape;finess_structures
code_ape;55.10Z;58;entite_juridique.code_ape;finess_structures
code_ape;82.11Z;58;entite_juridique.code_ape;finess_structures
code_ape;85.3C;54;entite_juridique.code_ape;finess_structures
code_ape;87.30B;51;entite_juridique.code_ape;finess_structures
code_ape;70.2C;50;entite_juridique.code_ape;finess_structures
code_ape;46.46Z;49;entite_juridique.code_ape;finess_structures
code_ape;85.04;49;entite_juridique.code_ape;finess_structures
code_ape;96.01A;47;entite_juridique.code_ape;finess_structures
code_ape;77.39Z;46;entite_juridique.code_ape;finess_structures
code_ape;72.19Z;45;entite_juridique.code_ape;finess_structures
code_ape;85.1G;45;entite_juridique.code_ape;finess_structures
code_ape;69.10Z;44;entite_juridique.code_ape;finess_structures
code_ape;00.00Z;43;entite_juridique.code_ape;finess_structures
code_ape;55.2E;43;entite_juridique.code_ape;finess_structures
code_ape;85.1L;42;entite_juridique.code_ape;finess_structures
code_ape;85.3A;42;entite_juridique.code_ape;finess_structures
code_ape;66.0G;41;entite_juridique.code_ape;finess_structures
code_ape;60.2E;40;entite_juridique.code_ape;finess_structures
code_ape;55.2F;39;entite_juridique.code_ape;finess_structures
code_ape;84.03;37;entite_juridique.code_ape;finess_structures
code_ape;85.3E;34;entite_juridique.code_ape;finess_structures
code_ape;85.3B;33;entite_juridique.code_ape;finess_structures
code_ape;81.30Z;32;entite_juridique.code_ape;finess_structures
code_ape;93.12Z;32;entite_juridique.code_ape;finess_structures
code_ape;68.32A;31;entite_juridique.code_ape;finess_structures
code_ape;75.3A;31;entite_juridique.code_ape;finess_structures
code_ape;74.90B;28;entite_juridique.code_ape;finess_structures
code_ape;94.20Z;28;entite_juridique.code_ape;finess_structures
code_ape;86.90E;27;entite_juridique.code_ape;finess_structures
code_ape;56.29B;26;entite_juridique.code_ape;finess_structures
code_ape;85.01;25;entite_juridique.code_ape;finess_structures
code_ape;84.08;24;entite_juridique.code_ape;finess_structures
code_ape;90.04Z;24;entite_juridique.code_ape;finess_structures
code_ape;82.92Z;23;entite_juridique.code_ape;finess_structures
code_ape;84.13Z;23;entite_juridique.code_ape;finess_structures
code_ape;91.3A;21;entite_juridique.code_ape;finess_structures
code_ape;94.11Z;20;entite_juridique.code_ape;finess_structures
code_ape;85.51Z;19;entite_juridique.code_ape;finess_structures
code_ape;86.22B;18;entite_juridique.code_ape;finess_structures
code_ape;86.90C;17;entite_juridique.code_ape;finess_structures
code_ape;93.0K;17;entite_juridique.code_ape;finess_structures
code_ape;30.30Z;16;entite_juridique.code_ape;finess_structures
code_ape;84.06;16;entite_juridique.code_ape;finess_structures
code_ape;84.13;16;entite_juridique.code_ape;finess_structures
code_ape;67.12;15;entite_juridique.code_ape;finess_structures
code_ape;90.01Z;15;entite_juridique.code_ape;finess_structures
code_ape;01.11Z;14;entite_juridique.code_ape;finess_structures
code_ape;02.10Z;14;entite_juridique.code_ape;finess_structures
code_ape;75.1G;14;entite_juridique.code_ape;finess_structures
code_ape;84.05;14;entite_juridique.code_ape;finess_structures
code_ape;85.20Z;14;entite_juridique.code_ape;finess_structures
code_ape;95.21;14;entite_juridique.code_ape;finess_structures
code_ape;47.99A;13;entite_juridique.code_ape;finess_structures
code_ape;55.1A;13;entite_juridique.code_ape;finess_structures
code_ape;64.19Z;13;entite_juridique.code_ape;finess_structures
code_ape;68.10Z;13;entite_juridique.code_ape;finess_structures
code_ape;68.32B;13;entite_juridique.code_ape;finess_structures
code_ape;81.29B;13;entite_juridique.code_ape;finess_structures
code_ape;95.29Z;13;entite_juridique.code_ape;finess_structures
code_ape;21.20Z;12;entite_juridique.code_ape;finess_structures
code_ape;49.39A;12;entite_juridique.code_ape;finess_structures
code_ape;56.10A;12;entite_juridique.code_ape;finess_structures
code_ape;56.29A;12;entite_juridique.code_ape;finess_structures
code_ape;64.30;12;entite_juridique.code_ape;finess_structures
code_ape;68.31Z;12;entite_juridique.code_ape;finess_structures
code_ape;00.0Z;11;entite_juridique.code_ape;finess_structures
code_ape;35.11Z;11;entite_juridique.code_ape;finess_structures
code_ape;49.10Z;11;entite_juridique.code_ape;finess_structures
code_ape;62.02A;11;entite_juridique.code_ape;finess_structures
code_ape;71.12B;11;entite_juridique.code_ape;finess_structures
code_ape;01.49Z;10;entite_juridique.code_ape;finess_structures
code_ape;49.41B;10;entite_juridique.code_ape;finess_structures
code_ape;62.01Z;10;entite_juridique.code_ape;finess_structures
code_ape;80.3Z;10;entite_juridique.code_ape;finess_structures
code_ape;84.02;10;entite_juridique.code_ape;finess_structures
code_ape;01.21Z;9;entite_juridique.code_ape;finess_structures
code_ape;01.43Z;9;entite_juridique.code_ape;finess_structures
code_ape;29.10Z;9;entite_juridique.code_ape;finess_structures
code_ape;45.20A;9;entite_juridique.code_ape;finess_structures
code_ape;49.31Z;9;entite_juridique.code_ape;finess_structures
code_ape;49.41A;9;entite_juridique.code_ape;finess_structures
code_ape;53.20Z;9;entite_juridique.code_ape;finess_structures
code_ape;67.11;9;entite_juridique.code_ape;finess_structures
code_ape;72.20Z;9;entite_juridique.code_ape;finess_structures
code_ape;84.30B;9;entite_juridique.code_ape;finess_structures
code_ape;90.03A;9;entite_juridique.code_ape;finess_structures
code_ape;91.02;9;entite_juridique.code_ape;finess_structures
code_ape;41.10A;8;entite_juridique.code_ape;finess_structures
code_ape;47.78A;8;entite_juridique.code_ape;finess_structures
code_ape;63.11Z;8;entite_juridique.code_ape;finess_structures
code_ape;78.20Z;8;entite_juridique.code_ape;finess_structures
code_ape;80.4C;8;entite_juridique.code_ape;finess_structures
code_ape;80.4D;8;entite_juridique.code_ape;finess_structures
code_ape;85.02;8;entite_juridique.code_ape;finess_structures
code_ape;92.3D;8;entite_juridique.code_ape;finess_structures
code_ape;93.19Z;8;entite_juridique.code_ape;finess_structures
code_ape;43.21A;7;entite_juridique.code_ape;finess_structures
code_ape;47.89Z;7;entite_juridique.code_ape;finess_structures
code_ape;56.10C;7;entite_juridique.code_ape;finess_structures
code_ape;70.3E;7;entite_juridique.code_ape;finess_structures
code_ape;77.40Z;7;entite_juridique.code_ape;finess_structures
code_ape;85.60Z;7;entite_juridique.code_ape;finess_structures
code_ape;95.11;7;entite_juridique.code_ape;finess_structures
code_ape;16.24Z;6;entite_juridique.code_ape;finess_structures
code_ape;20.11Z;6;entite_juridique.code_ape;finess_structures
code_ape;29.32Z;6;entite_juridique.code_ape;finess_structures
code_ape;43.39Z;6;entite_juridique.code_ape;finess_structures
code_ape;46.19B;6;entite_juridique.code_ape;finess_structures
code_ape;47.78C;6;entite_juridique.code_ape;finess_structures
code_ape;49.39B;6;entite_juridique.code_ape;finess_structures
code_ape;55.30Z;6;entite_juridique.code_ape;finess_structures
code_ape;55.5A;6;entite_juridique.code_ape;finess_structures
code_ape;70.2A;6;entite_juridique.code_ape;finess_structures
code_ape;75.1C;6;entite_juridique.code_ape;finess_structures
code_ape;78.10Z;6;entite_juridique.code_ape;finess_structures
code_ape;81.21;6;entite_juridique.code_ape;finess_structures
code_ape;93.0N;6;entite_juridique.code_ape;finess_structures
code_ape;01.13Z;5;entite_juridique.code_ape;finess_structures
code_ape;25.62B;5;entite_juridique.code_ape;finess_structures
code_ape;33.20D;5;entite_juridique.code_ape;finess_structures
code_ape;46.45Z;5;entite_juridique.code_ape;finess_structures
code_ape;55.3A;5;entite_juridique.code_ape;finess_structures
code_ape;56.30Z;5;entite_juridique.code_ape;finess_structures
code_ape;62.09Z;5;entite_juridique.code_ape;finess_structures
code_ape;66.12Z;5;entite_juridique.code_ape;finess_structures
code_ape;74.8K;5;entite_juridique.code_ape;finess_structures
code_ape;84.07;5;entite_juridique.code_ape;finess_structures
code_ape;84.10;5;entite_juridique.code_ape;finess_structures
code_ape;85.10Z;5;entite_juridique.code_ape;finess_structures
code_ape;90.02Z;5;entite_juridique.code_ape;finess_structures
code_ape;97.23;5;entite_juridique.code_ape;finess_structures
code_ape;01.41Z;4;entite_juridique.code_ape;finess_structures
code_ape;11.07A;4;entite_juridique.code_ape;finess_structures
code_ape;17.23Z;4;entite_juridique.code_ape;finess_structures
code_ape;20.14Z;4;entite_juridique.code_ape;finess_structures
code_ape;30.11Z;4;entite_juridique.code_ape;finess_structures
code_ape;37.2Z;4;entite_juridique.code_ape;finess_structures
code_ape;41.20B;4;entite_juridique.code_ape;finess_structures
code_ape;45.2V;4;entite_juridique.code_ape;finess_structures
code_ape;47.91B;4;entite_juridique.code_ape;finess_structures
code_ape;52.23Z;4;entite_juridique.code_ape;finess_structures
code_ape;56.21Z;4;entite_juridique.code_ape;finess_structures
code_ape;63.12Z;4;entite_juridique.code_ape;finess_structures
code_ape;64.99Z;4;entite_juridique.code_ape;finess_structures
code_ape;65.11Z;4;entite_juridique.code_ape;finess_structures
code_ape;71.20B;4;entite_juridique.code_ape;finess_structures
code_ape;72.11Z;4;entite_juridique.code_ape;finess_structures
code_ape;74.1G;4;entite_juridique.code_ape;finess_structures
code_ape;74.30Z;4;entite_juridique.code_ape;finess_structures
code_ape;79.90Z;4;entite_juridique.code_ape;finess_structures
code_ape;80.1Z;4;entite_juridique.code_ape;finess_structures
code_ape;81.10Z;4;entite_juridique.code_ape;finess_structures
code_ape;82.20Z;4;entite_juridique.code_ape;finess_structures
code_ape;85.03;4;entite_juridique.code_ape;finess_structures
code_ape;93.0H;4;entite_juridique.code_ape;finess_structures
code_ape;95.24;4;entite_juridique.code_ape;finess_structures
code_ape;19.20Z;3;entite_juridique.code_ape;finess_structures
code_ape;20.16Z;3;entite_juridique.code_ape;finess_structures
code_ape;27.11Z;3;entite_juridique.code_ape;finess_structures
code_ape;27.32Z;3;entite_juridique.code_ape;finess_structures
code_ape;27.90Z;3;entite_juridique.code_ape;finess_structures
code_ape;35.30Z;3;entite_juridique.code_ape;finess_structures
code_ape;38.32Z;3;entite_juridique.code_ape;finess_structures
code_ape;41.10C;3;entite_juridique.code_ape;finess_structures
code_ape;41.10D;3;entite_juridique.code_ape;finess_structures
code_ape;42.99Z;3;entite_juridique.code_ape;finess_structures
code_ape;43.33Z;3;entite_juridique.code_ape;finess_structures
code_ape;43.34Z;3;entite_juridique.code_ape;finess_structures
code_ape;45.11Z;3;entite_juridique.code_ape;finess_structures
code_ape;46.14Z;3;entite_juridique.code_ape;finess_structures
code_ape;46.34Z;3;entite_juridique.code_ape;finess_structures
code_ape;46.39B;3;entite_juridique.code_ape;finess_structures
code_ape;46.42Z;3;entite_juridique.code_ape;finess_structures
code_ape;46.52Z;3;entite_juridique.code_ape;finess_structures
code_ape;47.62Z;3;entite_juridique.code_ape;finess_structures
code_ape;47.79Z;3;entite_juridique.code_ape;finess_structures
code_ape;47.81Z;3;entite_juridique.code_ape;finess_structures
code_ape;50.2Z;3;entite_juridique.code_ape;finess_structures
code_ape;51.4N;3;entite_juridique.code_ape;finess_structures
code_ape;52.4R;3;entite_juridique.code_ape;finess_structures
code_ape;55.2C;3;entite_juridique.code_ape;finess_structures
code_ape;58.29C;3;entite_juridique.code_ape;finess_structures
code_ape;64.92Z;3;entite_juridique.code_ape;finess_structures
code_ape;66.19B;3;entite_juridique.code_ape;finess_structures
code_ape;67.1C;3;entite_juridique.code_ape;finess_structures
code_ape;69.20Z;3;entite_juridique.code_ape;finess_structures
code_ape;69.23;3;entite_juridique.code_ape;finess_structures
code_ape;70.1C;3;entite_juridique.code_ape;finess_structures
code_ape;70.21Z;3;entite_juridique.code_ape;finess_structures
code_ape;70.3A;3;entite_juridique.code_ape;finess_structures
code_ape;74.5A;3;entite_juridique.code_ape;finess_structures
code_ape;77.11A;3;entite_juridique.code_ape;finess_structures
code_ape;79.11Z;3;entite_juridique.code_ape;finess_structures
code_ape;80.20Z;3;entite_juridique.code_ape;finess_structures
code_ape;81.22Z;3;entite_juridique.code_ape;finess_structures
code_ape;84.12;3;entite_juridique.code_ape;finess_structures
code_ape;84.24Z;3;entite_juridique.code_ape;finess_structures
code_ape;85.1E;3;entite_juridique.code_ape;finess_structures
code_ape;85.52Z;3;entite_juridique.code_ape;finess_structures
code_ape;92.7C;3;entite_juridique.code_ape;finess_structures
code_ape;95.22Z;3;entite_juridique.code_ape;finess_structures
code_ape;96.01B;3;entite_juridique.code_ape;finess_structures
code_ape;01.25Z;2;entite_juridique.code_ape;finess_structures
code_ape;01.28Z;2;entite_juridique.code_ape;finess_structures
code_ape;01.30Z;2;entite_juridique.code_ape;finess_structures
code_ape;01.42Z;2;entite_juridique.code_ape;finess_structures
code_ape;01.4B;2;entite_juridique.code_ape;finess_structures
code_ape;01.50Z;2;entite_juridique.code_ape;finess_structures
code_ape;01.62Z;2;entite_juridique.code_ape;finess_structures
code_ape;02.20Z;2;entite_juridique.code_ape;finess_structures
code_ape;10.82Z;2;entite_juridique.code_ape;finess_structures
code_ape;16.23Z;2;entite_juridique.code_ape;finess_structures
code_ape;20.13B;2;entite_juridique.code_ape;finess_structures
code_ape;20.20Z;2;entite_juridique.code_ape;finess_structures
code_ape;20.42Z;2;entite_juridique.code_ape;finess_structures
code_ape;20.59Z;2;entite_juridique.code_ape;finess_structures
code_ape;23.13Z;2;entite_juridique.code_ape;finess_structures
code_ape;24.10Z;2;entite_juridique.code_ape;finess_structures
code_ape;25.40Z;2;entite_juridique.code_ape;finess_structures
code_ape;26.11Z;2;entite_juridique.code_ape;finess_structures
code_ape;27.12Z;2;entite_juridique.code_ape;finess_structures
code_ape;27.33Z;2;entite_juridique.code_ape;finess_structures
code_ape;27.40Z;2;entite_juridique.code_ape;finess_structures
code_ape;28.11Z;2;entite_juridique.code_ape;finess_structures
code_ape;28.15Z;2;entite_juridique.code_ape;finess_structures
code_ape;28.4B;2;entite_juridique.code_ape;finess_structures
code_ape;31.09B;2;entite_juridique.code_ape;finess_structures
code_ape;32.50A;2;entite_juridique.code_ape;finess_structures
code_ape;38.11Z;2;entite_juridique.code_ape;finess_structures
code_ape;38.31Z;2;entite_juridique.code_ape;finess_structures
code_ape;43.22B;2;entite_juridique.code_ape;finess_structures
code_ape;43.32B;2;entite_juridique.code_ape;finess_structures
code_ape;43.99C;2;entite_juridique.code_ape;finess_structures
code_ape;45.2U;2;entite_juridique.code_ape;finess_structures
code_ape;46.69C;2;entite_juridique.code_ape;finess_structures
code_ape;46.90Z;2;entite_juridique.code_ape;finess_structures
code_ape;47.30Z;2;entite_juridique.code_ape;finess_structures
code_ape;47.59B;2;entite_juridique.code_ape;finess_structures
code_ape;47.71Z;2;entite_juridique.code_ape;finess_structures
code_ape;47.75Z;2;entite_juridique.code_ape;finess_structures
code_ape;47.91A;2;entite_juridique.code_ape;finess_structures
code_ape;50.1Z;2;entite_juridique.code_ape;finess_structures
code_ape;51.10Z;2;entite_juridique.code_ape;finess_structures
code_ape;52.10B;2;entite_juridique.code_ape;finess_structures
code_ape;52.29B;2;entite_juridique.code_ape;finess_structures
code_ape;52.4C;2;entite_juridique.code_ape;finess_structures
code_ape;52.4Z;2;entite_juridique.code_ape;finess_structures
code_ape;52.7H;2;entite_juridique.code_ape;finess_structures
code_ape;53.10Z;2;entite_juridique.code_ape;finess_structures
code_ape;55.5C;2;entite_juridique.code_ape;finess_structures
code_ape;60.20A;2;entite_juridique.code_ape;finess_structures
code_ape;60.2B;2;entite_juridique.code_ape;finess_structures
code_ape;60.2L;2;entite_juridique.code_ape;finess_structures
code_ape;63.99Z;2;entite_juridique.code_ape;finess_structures
code_ape;66.22Z;2;entite_juridique.code_ape;finess_structures
code_ape;67.13;2;entite_juridique.code_ape;finess_structures
code_ape;67.1E;2;entite_juridique.code_ape;finess_structures
code_ape;70.1F;2;entite_juridique.code_ape;finess_structures
code_ape;71.2A;2;entite_juridique.code_ape;finess_structures
code_ape;73.20Z;2;entite_juridique.code_ape;finess_structures
code_ape;74.20Z;2;entite_juridique.code_ape;finess_structures
code_ape;74.2C;2;entite_juridique.code_ape;finess_structures
code_ape;74.7Z;2;entite_juridique.code_ape;finess_structures
code_ape;74.8D;2;entite_juridique.code_ape;finess_structures
code_ape;75.3C;2;entite_juridique.code_ape;finess_structures
code_ape;80.2A;2;entite_juridique.code_ape;finess_structures
code_ape;82.30Z;2;entite_juridique.code_ape;finess_structures
code_ape;84.04;2;entite_juridique.code_ape;finess_structures
code_ape;85.41Z;2;entite_juridique.code_ape;finess_structures
code_ape;85.53Z;2;entite_juridique.code_ape;finess_structures
code_ape;90.03B;2;entite_juridique.code_ape;finess_structures
code_ape;91.01Z;2;entite_juridique.code_ape;finess_structures
code_ape;91.2Z;2;entite_juridique.code_ape;finess_structures
code_ape;93.0B;2;entite_juridique.code_ape;finess_structures
code_ape;93.21Z;2;entite_juridique.code_ape;finess_structures
code_ape;95.12;2;entite_juridique.code_ape;finess_structures
code_ape;95.22;2;entite_juridique.code_ape;finess_structures
code_ape;95.23;2;entite_juridique.code_ape;finess_structures
code_ape;96.02A;2;entite_juridique.code_ape;finess_structures
code_ape;96.16;2;entite_juridique.code_ape;finess_structures
code_ape;96.23;2;entite_juridique.code_ape;finess_structures
code_ape;97.22;2;entite_juridique.code_ape;finess_structures
code_ape;01.19Z;1;entite_juridique.code_ape;finess_structures
code_ape;01.1A;1;entite_juridique.code_ape;finess_structures
code_ape;01.1G;1;entite_juridique.code_ape;finess_structures
code_ape;01.26Z;1;entite_juridique.code_ape;finess_structures
code_ape;01.29Z;1;entite_juridique.code_ape;finess_structures
code_ape;01.45Z;1;entite_juridique.code_ape;finess_structures
code_ape;01.47Z;1;entite_juridique.code_ape;finess_structures
code_ape;01.61Z;1;entite_juridique.code_ape;finess_structures
code_ape;02.0B;1;entite_juridique.code_ape;finess_structures
code_ape;02.40Z;1;entite_juridique.code_ape;finess_structures
code_ape;10.11Z;1;entite_juridique.code_ape;finess_structures
code_ape;10.12Z;1;entite_juridique.code_ape;finess_structures
code_ape;10.71B;1;entite_juridique.code_ape;finess_structures
code_ape;10.72Z;1;entite_juridique.code_ape;finess_structures
code_ape;10.83Z;1;entite_juridique.code_ape;finess_structures
code_ape;10.85Z;1;entite_juridique.code_ape;finess_structures
code_ape;10.89Z;1;entite_juridique.code_ape;finess_structures
code_ape;13.91Z;1;entite_juridique.code_ape;finess_structures
code_ape;14.13Z;1;entite_juridique.code_ape;finess_structures
code_ape;14.14Z;1;entite_juridique.code_ape;finess_structures
code_ape;15.12Z;1;entite_juridique.code_ape;finess_structures
code_ape;15.1F;1;entite_juridique.code_ape;finess_structures
code_ape;15.8A;1;entite_juridique.code_ape;finess_structures
code_ape;15.8H;1;entite_juridique.code_ape;finess_structures
code_ape;16.29Z;1;entite_juridique.code_ape;finess_structures
code_ape;17.12Z;1;entite_juridique.code_ape;finess_structures
code_ape;17.22Z;1;entite_juridique.code_ape;finess_structures
code_ape;17.29Z;1;entite_juridique.code_ape;finess_structures
code_ape;20.13A;1;entite_juridique.code_ape;finess_structures
code_ape;20.4Z;1;entite_juridique.code_ape;finess_structures
code_ape;22.1E;1;entite_juridique.code_ape;finess_structures
code_ape;22.29A;1;entite_juridique.code_ape;finess_structures
code_ape;22.2C;1;entite_juridique.code_ape;finess_structures
code_ape;22.2G;1;entite_juridique.code_ape;finess_structures
code_ape;23.12Z;1;entite_juridique.code_ape;finess_structures
code_ape;23.19Z;1;entite_juridique.code_ape;finess_structures
code_ape;23.41Z;1;entite_juridique.code_ape;finess_structures
code_ape;23.61Z;1;entite_juridique.code_ape;finess_structures
code_ape;23.69Z;1;entite_juridique.code_ape;finess_structures
code_ape;23.70Z;1;entite_juridique.code_ape;finess_structures
code_ape;24.42Z;1;entite_juridique.code_ape;finess_structures
code_ape;24.43Z;1;entite_juridique.code_ape;finess_structures
code_ape;24.45Z;1;entite_juridique.code_ape;finess_structures
code_ape;24.4C;1;entite_juridique.code_ape;finess_structures
code_ape;24.51Z;1;entite_juridique.code_ape;finess_structures
code_ape;25.30Z;1;entite_juridique.code_ape;finess_structures
code_ape;25.50A;1;entite_juridique.code_ape;finess_structures
code_ape;25.62A;1;entite_juridique.code_ape;finess_structures
code_ape;25.99A;1;entite_juridique.code_ape;finess_structures
code_ape;25.99B;1;entite_juridique.code_ape;finess_structures
code_ape;26.12Z;1;entite_juridique.code_ape;finess_structures
code_ape;26.30Z;1;entite_juridique.code_ape;finess_structures
code_ape;26.4C;1;entite_juridique.code_ape;finess_structures
code_ape;26.51A;1;entite_juridique.code_ape;finess_structures
code_ape;26.51B;1;entite_juridique.code_ape;finess_structures
code_ape;26.60Z;1;entite_juridique.code_ape;finess_structures
code_ape;27.51Z;1;entite_juridique.code_ape;finess_structures
code_ape;28.1A;1;entite_juridique.code_ape;finess_structures
code_ape;28.22Z;1;entite_juridique.code_ape;finess_structures
code_ape;28.25Z;1;entite_juridique.code_ape;finess_structures
code_ape;28.29B;1;entite_juridique.code_ape;finess_structures
code_ape;28.5D;1;entite_juridique.code_ape;finess_structures
code_ape;28.92Z;1;entite_juridique.code_ape;finess_structures
code_ape;28.99A;1;entite_juridique.code_ape;finess_structures
code_ape;30.12Z;1;entite_juridique.code_ape;finess_structures
code_ape;30.40Z;1;entite_juridique.code_ape;finess_structures
code_ape;31.03Z;1;entite_juridique.code_ape;finess_structures
code_ape;32.2A;1;entite_juridique.code_ape;finess_structures
code_ape;32.99Z;1;entite_juridique.code_ape;finess_structures
code_ape;33.12Z;1;entite_juridique.code_ape;finess_structures
code_ape;33.19Z;1;entite_juridique.code_ape;finess_structures
code_ape;34.3Z;1;entite_juridique.code_ape;finess_structures
code_ape;35.12Z;1;entite_juridique.code_ape;finess_structures
code_ape;35.13Z;1;entite_juridique.code_ape;finess_structures
code_ape;35.22Z;1;entite_juridique.code_ape;finess_structures
code_ape;35.23Z;1;entite_juridique.code_ape;finess_structures
code_ape;36.00Z;1;entite_juridique.code_ape;finess_structures
code_ape;36.1G;1;entite_juridique.code_ape;finess_structures
code_ape;36.1J;1;entite_juridique.code_ape;finess_structures
code_ape;36.1M;1;entite_juridique.code_ape;finess_structures
code_ape;38.12Z;1;entite_juridique.code_ape;finess_structures
code_ape;41.10B;1;entite_juridique.code_ape;finess_structures
code_ape;41.20A;1;entite_juridique.code_ape;finess_structures
code_ape;42.11Z;1;entite_juridique.code_ape;finess_structures
code_ape;42.13A;1;entite_juridique.code_ape;finess_structures
code_ape;43.29A;1;entite_juridique.code_ape;finess_structures
code_ape;43.31Z;1;entite_juridique.code_ape;finess_structures
code_ape;43.32A;1;entite_juridique.code_ape;finess_structures
code_ape;43.32C;1;entite_juridique.code_ape;finess_structures
code_ape;45.3E;1;entite_juridique.code_ape;finess_structures
code_ape;45.4C;1;entite_juridique.code_ape;finess_structures
code_ape;45.4J;1;entite_juridique.code_ape;finess_structures
code_ape;45.4M;1;entite_juridique.code_ape;finess_structures
code_ape;46.18Z;1;entite_juridique.code_ape;finess_structures
code_ape;46.33Z;1;entite_juridique.code_ape;finess_structures
code_ape;46.38B;1;entite_juridique.code_ape;finess_structures
code_ape;46.44Z;1;entite_juridique.code_ape;finess_structures
code_ape;46.49Z;1;entite_juridique.code_ape;finess_structures
code_ape;46.63Z;1;entite_juridique.code_ape;finess_structures
code_ape;46.69A;1;entite_juridique.code_ape;finess_structures
code_ape;46.71Z;1;entite_juridique.code_ape;finess_structures
code_ape;46.72Z;1;entite_juridique.code_ape;finess_structures
code_ape;46.75Z;1;entite_juridique.code_ape;finess_structures
code_ape;46.77Z;1;entite_juridique.code_ape;finess_structures
code_ape;47.11B;1;entite_juridique.code_ape;finess_structures
code_ape;47.11F;1;entite_juridique.code_ape;finess_structures
code_ape;47.19A;1;entite_juridique.code_ape;finess_structures
code_ape;47.19B;1;entite_juridique.code_ape;finess_structures
code_ape;47.26Z;1;entite_juridique.code_ape;finess_structures
code_ape;47.51Z;1;entite_juridique.code_ape;finess_structures
code_ape;47.54Z;1;entite_juridique.code_ape;finess_structures
code_ape;47.77Z;1;entite_juridique.code_ape;finess_structures
code_ape;47.78B;1;entite_juridique.code_ape;finess_structures
code_ape;49.01;1;entite_juridique.code_ape;finess_structures
code_ape;49.42Z;1;entite_juridique.code_ape;finess_structures
code_ape;49.50Z;1;entite_juridique.code_ape;finess_structures
code_ape;50.3A;1;entite_juridique.code_ape;finess_structures
code_ape;51.21Z;1;entite_juridique.code_ape;finess_structures
code_ape;51.6L;1;entite_juridique.code_ape;finess_structures
code_ape;51.8M;1;entite_juridique.code_ape;finess_structures
code_ape;52.21Z;1;entite_juridique.code_ape;finess_structures
code_ape;52.22Z;1;entite_juridique.code_ape;finess_structures
code_ape;52.29A;1;entite_juridique.code_ape;finess_structures
code_ape;52.4T;1;entite_juridique.code_ape;finess_structures
code_ape;52.4X;1;entite_juridique.code_ape;finess_structures
code_ape;52.5Z;1;entite_juridique.code_ape;finess_structures
code_ape;52.7D;1;entite_juridique.code_ape;finess_structures
code_ape;55.1C;1;entite_juridique.code_ape;finess_structures
code_ape;55.1D;1;entite_juridique.code_ape;finess_structures
code_ape;55.1E;1;entite_juridique.code_ape;finess_structures
code_ape;55.5D;1;entite_juridique.code_ape;finess_structures
code_ape;58.13Z;1;entite_juridique.code_ape;finess_structures
code_ape;60.10Z;1;entite_juridique.code_ape;finess_structures
code_ape;61.10Z;1;entite_juridique.code_ape;finess_structures
code_ape;62.46;1;entite_juridique.code_ape;finess_structures
code_ape;63.91Z;1;entite_juridique.code_ape;finess_structures
code_ape;64.1C;1;entite_juridique.code_ape;finess_structures
code_ape;65.2E;1;entite_juridique.code_ape;finess_structures
code_ape;66.29Z;1;entite_juridique.code_ape;finess_structures
code_ape;67.08;1;entite_juridique.code_ape;finess_structures
code_ape;67.09;1;entite_juridique.code_ape;finess_structures
code_ape;70.1A;1;entite_juridique.code_ape;finess_structures
code_ape;70.1D;1;entite_juridique.code_ape;finess_structures
code_ape;70.3C;1;entite_juridique.code_ape;finess_structures
code_ape;71.11Z;1;entite_juridique.code_ape;finess_structures
code_ape;71.20A;1;entite_juridique.code_ape;finess_structures
code_ape;71.3G;1;entite_juridique.code_ape;finess_structures
code_ape;71.4B;1;entite_juridique.code_ape;finess_structures
code_ape;72.5Z;1;entite_juridique.code_ape;finess_structures
code_ape;73.11Z;1;entite_juridique.code_ape;finess_structures
code_ape;73.12Z;1;entite_juridique.code_ape;finess_structures
code_ape;74.10Z;1;entite_juridique.code_ape;finess_structures
code_ape;74.1E;1;entite_juridique.code_ape;finess_structures
code_ape;74.5B;1;entite_juridique.code_ape;finess_structures
code_ape;75.1E;1;entite_juridique.code_ape;finess_structures
code_ape;75.3B;1;entite_juridique.code_ape;finess_structures
code_ape;77.12;1;entite_juridique.code_ape;finess_structures
code_ape;77.21Z;1;entite_juridique.code_ape;finess_structures
code_ape;79.04;1;entite_juridique.code_ape;finess_structures
code_ape;79.12Z;1;entite_juridique.code_ape;finess_structures
code_ape;80.10Z;1;entite_juridique.code_ape;finess_structures
code_ape;80.2C;1;entite_juridique.code_ape;finess_structures
code_ape;80.30Z;1;entite_juridique.code_ape;finess_structures
code_ape;81.11;1;entite_juridique.code_ape;finess_structures
code_ape;82.01;1;entite_juridique.code_ape;finess_structures
code_ape;82.05;1;entite_juridique.code_ape;finess_structures
code_ape;84.09;1;entite_juridique.code_ape;finess_structures
code_ape;86.05;1;entite_juridique.code_ape;finess_structures
code_ape;87.07;1;entite_juridique.code_ape;finess_structures
code_ape;88.02;1;entite_juridique.code_ape;finess_structures
code_ape;90.01;1;entite_juridique.code_ape;finess_structures
code_ape;90.11;1;entite_juridique.code_ape;finess_structures
code_ape;91.02Z;1;entite_juridique.code_ape;finess_structures
code_ape;91.03Z;1;entite_juridique.code_ape;finess_structures
code_ape;92.6A;1;entite_juridique.code_ape;finess_structures
code_ape;92.6C;1;entite_juridique.code_ape;finess_structures
code_ape;93.0A;1;entite_juridique.code_ape;finess_structures
code_ape;93.21;1;entite_juridique.code_ape;finess_structures
code_ape;95.11Z;1;entite_juridique.code_ape;finess_structures
code_ape;95.13;1;entite_juridique.code_ape;finess_structures
code_ape;95.25Z;1;entite_juridique.code_ape;finess_structures
code_ape;96.15;1;entite_juridique.code_ape;finess_structures
code_evenement;010;671046;evenement.code_evenement;finess_activites|finess_structures
code_evenement;013;275636;evenement.code_evenement;finess_activites|finess_structures
code_evenement;012;249420;evenement.code_evenement;finess_activites|finess_structures
code_evenement;003;174601;evenement.code_evenement;finess_activites|finess_structures
code_evenement;007;173217;evenement.code_evenement;finess_activites|finess_structures
code_evenement;015;117095;evenement.code_evenement;finess_activites|finess_structures
code_evenement;005;100174;evenement.code_evenement;finess_activites|finess_structures
code_evenement;001;98169;evenement.code_evenement;finess_activites|finess_structures
code_evenement;036;23019;evenement.code_evenement;finess_activites|finess_structures
code_evenement;035;23008;evenement.code_evenement;finess_activites|finess_structures
code_evenement;034;22687;evenement.code_evenement;finess_activites|finess_structures
code_evenement;008;18628;evenement.code_evenement;finess_activites|finess_structures
code_evenement;002;13888;evenement.code_evenement;finess_activites|finess_structures
code_evenement;037;143;evenement.code_evenement;finess_activites|finess_structures
code_evenement;018;78;evenement.code_evenement;finess_activites|finess_structures
code_evenement;019;78;evenement.code_evenement;finess_activites|finess_structures
code_evenement;030;78;evenement.code_evenement;finess_activites|finess_structures
code_evenement;031;78;evenement.code_evenement;finess_activites|finess_structures
code_evenement;009;54;evenement.code_evenement;finess_activites|finess_structures
code_evenement;016;13;evenement.code_evenement;finess_activites|finess_structures
code_evenement;021;7;evenement.code_evenement;finess_activites|finess_structures
code_evenement;022;7;evenement.code_evenement;finess_activites|finess_structures
espic;1;10489;etablissement.code_espic;finess_structures
espic;0;6430;etablissement.code_espic;finess_structures
espic;6;2189;etablissement.code_espic;finess_structures
espic;9;1401;etablissement.code_espic;finess_structures
espic;2;401;etablissement.code_espic;finess_structures
espic;7;365;etablissement.code_espic;finess_structures
espic;3;23;etablissement.code_espic;finess_structures
espic;4;6;etablissement.code_espic;finess_structures
espic;5;6;etablissement.code_espic;finess_structures
etat_arhgos;02;2176;activite.code_etat_arhgos;finess_activites
etat_arhgos;01;13;activite.code_etat_arhgos;finess_activites
etat_arhgos;04;3;activite.code_etat_arhgos;finess_activites
etat_objet;A;482175;activite.etat_objet|entite_juridique.etat_objet|etablissement.etat_objet|groupement.etat_objet;finess_activites|finess_structures
etat_objet;I;376382;activite.etat_objet|entite_juridique.etat_objet|etablissement.etat_objet|groupement.etat_objet;finess_activites|finess_structures
etat_objet_evenement;010;671046;evenement.code_etat_objet_1;finess_activites|finess_structures
etat_objet_evenement;013;275636;evenement.code_etat_objet_1;finess_activites|finess_structures
etat_objet_evenement;012;249420;evenement.code_etat_objet_1;finess_activites|finess_structures
etat_objet_evenement;003;174601;evenement.code_etat_objet_1;finess_activites|finess_structures
etat_objet_evenement;007;173217;evenement.code_etat_objet_1;finess_activites|finess_structures
etat_objet_evenement;015;117095;evenement.code_etat_objet_1;finess_activites|finess_structures
etat_objet_evenement;001;98169;evenement.code_etat_objet_1;finess_activites|finess_structures
etat_objet_evenement;100;40575;evenement.code_etat_objet_1;finess_activites|finess_structures
etat_objet_evenement;005;29358;evenement.code_etat_objet_1;finess_activites|finess_structures
etat_objet_evenement;036;23019;evenement.code_etat_objet_1;finess_activites|finess_structures
etat_objet_evenement;035;23008;evenement.code_etat_objet_1;finess_activites|finess_structures
etat_objet_evenement;034;22687;evenement.code_etat_objet_1;finess_activites|finess_structures
etat_objet_evenement;102;20078;evenement.code_etat_objet_1;finess_activites|finess_structures
etat_objet_evenement;008;18628;evenement.code_etat_objet_1;finess_activites|finess_structures
etat_objet_evenement;002;13888;evenement.code_etat_objet_1;finess_activites|finess_structures
etat_objet_evenement;101;7732;evenement.code_etat_objet_1;finess_activites|finess_structures
etat_objet_evenement;103;1239;evenement.code_etat_objet_1;finess_activites|finess_structures
etat_objet_evenement;037;143;evenement.code_etat_objet_1;finess_activites|finess_structures
etat_objet_evenement;004;97;evenement.code_etat_objet_1;finess_activites|finess_structures
etat_objet_evenement;018;78;evenement.code_etat_objet_1;finess_activites|finess_structures
etat_objet_evenement;019;78;evenement.code_etat_objet_1;finess_activites|finess_structures
etat_objet_evenement;030;78;evenement.code_etat_objet_1;finess_activites|finess_structures
etat_objet_evenement;031;78;evenement.code_etat_objet_1;finess_activites|finess_structures
etat_objet_evenement;009;54;evenement.code_etat_objet_1;finess_activites|finess_structures
etat_objet_evenement;016;13;evenement.code_etat_objet_1;finess_activites|finess_structures
etat_objet_evenement;021;7;evenement.code_etat_objet_1;finess_activites|finess_structures
etat_objet_evenement;022;7;evenement.code_etat_objet_1;finess_activites|finess_structures
fonction_publique;01;12021;entite_juridique.code_fonction_publique;finess_structures
fonction_publique;02;1874;entite_juridique.code_fonction_publique;finess_structures
fonction_publique;03;1671;entite_juridique.code_fonction_publique;finess_structures
forme_activite;00;6266;activite.code_forme_activite;finess_activites
forme_activite;01;4690;activite.code_forme_activite;finess_activites
forme_activite;14;2194;activite.code_forme_activite;finess_activites
forme_activite;02;1872;activite.code_forme_activite;finess_activites
forme_activite;03;684;activite.code_forme_activite;finess_activites
forme_activite;21;670;activite.code_forme_activite;finess_activites
forme_activite;15;610;activite.code_forme_activite;finess_activites
forme_activite;20;428;activite.code_forme_activite;finess_activites
forme_activite;07;322;activite.code_forme_activite;finess_activites
forme_activite;22;84;activite.code_forme_activite;finess_activites
forme_activite;05;78;activite.code_forme_activite;finess_activites
forme_activite;09;50;activite.code_forme_activite;finess_activites
forme_activite;13;44;activite.code_forme_activite;finess_activites
forme_activite;04;42;activite.code_forme_activite;finess_activites
forme_activite;10;34;activite.code_forme_activite;finess_activites
forme_activite;11;34;activite.code_forme_activite;finess_activites
forme_activite;12;20;activite.code_forme_activite;finess_activites
forme_activite;06;6;activite.code_forme_activite;finess_activites
genre;01;28800;capacite.code_genre;finess_activites
genre;02;28652;capacite.code_genre;finess_activites
habilitation;02;77292;capacite.code_habilitation;finess_activites
modalite_activite;00;4964;activite.code_modalite_activite;finess_activites
modalite_activite;09;1822;activite.code_modalite_activite;finess_activites
modalite_activite;M0;726;activite.code_modalite_activite;finess_activites
modalite_activite;23;708;activite.code_modalite_activite;finess_activites
modalite_activite;06;700;activite.code_modalite_activite;finess_activites
modalite_activite;01;618;activite.code_modalite_activite;finess_activites
modalite_activite;44;588;activite.code_modalite_activite;finess_activites
modalite_activite;42;520;activite.code_modalite_activite;finess_activites
modalite_activite;26;478;activite.code_modalite_activite;finess_activites
modalite_activite;M2;398;activite.code_modalite_activite;finess_activites
modalite_activite;31;346;activite.code_modalite_activite;finess_activites
modalite_activite;40;344;activite.code_modalite_activite;finess_activites
modalite_activite;P4;326;activite.code_modalite_activite;finess_activites
modalite_activite;07;304;activite.code_modalite_activite;finess_activites
modalite_activite;45;290;activite.code_modalite_activite;finess_activites
modalite_activite;02;276;activite.code_modalite_activite;finess_activites
modalite_activite;46;272;activite.code_modalite_activite;finess_activites
modalite_activite;68;272;activite.code_modalite_activite;finess_activites
modalite_activite;M1;268;activite.code_modalite_activite;finess_activites
modalite_activite;43;204;activite.code_modalite_activite;finess_activites
modalite_activite;51;192;activite.code_modalite_activite;finess_activites
modalite_activite;10;188;activite.code_modalite_activite;finess_activites
modalite_activite;AQ;148;activite.code_modalite_activite;finess_activites
modalite_activite;03;136;activite.code_modalite_activite;finess_activites
modalite_activite;79;136;activite.code_modalite_activite;finess_activites
modalite_activite;22;124;activite.code_modalite_activite;finess_activites
modalite_activite;24;120;activite.code_modalite_activite;finess_activites
modalite_activite;47;114;activite.code_modalite_activite;finess_activites
modalite_activite;85;114;activite.code_modalite_activite;finess_activites
modalite_activite;50;112;activite.code_modalite_activite;finess_activites
modalite_activite;M8;108;activite.code_modalite_activite;finess_activites
modalite_activite;80;106;activite.code_modalite_activite;finess_activites
modalite_activite;74;104;activite.code_modalite_activite;finess_activites
modalite_activite;29;92;activite.code_modalite_activite;finess_activites
modalite_activite;70;90;activite.code_modalite_activite;finess_activites
modalite_activite;49;88;activite.code_modalite_activite;finess_activites
modalite_activite;99;72;activite.code_modalite_activite;finess_activites
modalite_activite;AL;72;activite.code_modalite_activite;finess_activites
modalite_activite;AR;72;activite.code_modalite_activite;finess_activites
modalite_activite;M5;72;activite.code_modalite_activite;finess_activites
modalite_activite;M7;72;activite.code_modalite_activite;finess_activites
modalite_activite;13;68;activite.code_modalite_activite;finess_activites
modalite_activite;81;66;activite.code_modalite_activite;finess_activites
modalite_activite;M6;66;activite.code_modalite_activite;finess_activites
modalite_activite;78;64;activite.code_modalite_activite;finess_activites
modalite_activite;83;64;activite.code_modalite_activite;finess_activites
modalite_activite;AN;64;activite.code_modalite_activite;finess_activites
modalite_activite;75;62;activite.code_modalite_activite;finess_activites
modalite_activite;04;58;activite.code_modalite_activite;finess_activites
modalite_activite;M9;58;activite.code_modalite_activite;finess_activites
modalite_activite;87;56;activite.code_modalite_activite;finess_activites
modalite_activite;60;52;activite.code_modalite_activite;finess_activites
modalite_activite;AP;50;activite.code_modalite_activite;finess_activites
modalite_activite;27;48;activite.code_modalite_activite;finess_activites
modalite_activite;84;46;activite.code_modalite_activite;finess_activites
modalite_activite;62;42;activite.code_modalite_activite;finess_activites
modalite_activite;88;40;activite.code_modalite_activite;finess_activites
modalite_activite;M4;40;activite.code_modalite_activite;finess_activites
modalite_activite;52;38;activite.code_modalite_activite;finess_activites
modalite_activite;54;36;activite.code_modalite_activite;finess_activites
modalite_activite;48;34;activite.code_modalite_activite;finess_activites
modalite_activite;77;34;activite.code_modalite_activite;finess_activites
modalite_activite;90;34;activite.code_modalite_activite;finess_activites
modalite_activite;71;30;activite.code_modalite_activite;finess_activites
modalite_activite;M3;26;activite.code_modalite_activite;finess_activites
modalite_activite;41;22;activite.code_modalite_activite;finess_activites
modalite_activite;94;20;activite.code_modalite_activite;finess_activites
modalite_activite;59;18;activite.code_modalite_activite;finess_activites
modalite_activite;73;18;activite.code_modalite_activite;finess_activites
modalite_activite;92;18;activite.code_modalite_activite;finess_activites
modalite_activite;AM;18;activite.code_modalite_activite;finess_activites
modalite_activite;12;16;activite.code_modalite_activite;finess_activites
modalite_activite;69;14;activite.code_modalite_activite;finess_activites
modalite_activite;95;14;activite.code_modalite_activite;finess_activites
modalite_activite;91;12;activite.code_modalite_activite;finess_activites
modalite_activite;82;10;activite.code_modalite_activite;finess_activites
modalite_activite;67;8;activite.code_modalite_activite;finess_activites
modalite_activite;93;4;activite.code_modalite_activite;finess_activites
modalite_activite;08;2;activite.code_modalite_activite;finess_activites
modalite_activite;89;2;activite.code_modalite_activite;finess_activites
modalite_amm;MO006;25832;activite.code_modalite_amm;finess_activites
modalite_amm;MO000;17588;activite.code_modalite_amm;finess_activites
modalite_amm;MO008;7750;activite.code_modalite_amm;finess_activites
modalite_amm;MO007;1962;activite.code_modalite_amm;finess_activites
modalite_amm;MO011;1234;activite.code_modalite_amm;finess_activites
modalite_amm;MO010;994;activite.code_modalite_amm;finess_activites
modalite_amm;MO003;642;activite.code_modalite_amm;finess_activites
modalite_amm;MO016;602;activite.code_modalite_amm;finess_activites
modalite_amm;MO021;588;activite.code_modalite_amm;finess_activites
modalite_amm;MO023;564;activite.code_modalite_amm;finess_activites
modalite_amm;MO032;478;activite.code_modalite_amm;finess_activites
modalite_amm;MO020;390;activite.code_modalite_amm;finess_activites
modalite_amm;MO002;362;activite.code_modalite_amm;finess_activites
modalite_amm;MO005;356;activite.code_modalite_amm;finess_activites
modalite_amm;MO031;354;activite.code_modalite_amm;finess_activites
modalite_amm;MO022;270;activite.code_modalite_amm;finess_activites
modalite_amm;MO017;242;activite.code_modalite_amm;finess_activites
modalite_amm;MO025;196;activite.code_modalite_amm;finess_activites
modalite_amm;MO024;176;activite.code_modalite_amm;finess_activites
modalite_amm;MO018;174;activite.code_modalite_amm;finess_activites
modalite_amm;MO051;168;activite.code_modalite_amm;finess_activites
modalite_amm;MO001;134;activite.code_modalite_amm;finess_activites
modalite_amm;MO076;134;activite.code_modalite_amm;finess_activites
modalite_amm;MO027;128;activite.code_modalite_amm;finess_activites
modalite_amm;MO009;122;activite.code_modalite_amm;finess_activites
modalite_amm;MO026;116;activite.code_modalite_amm;finess_activites
modalite_amm;MO047;112;activite.code_modalite_amm;finess_activites
modalite_amm;MO050;112;activite.code_modalite_amm;finess_activites
modalite_amm;MO074;112;activite.code_modalite_amm;finess_activites
modalite_amm;MO080;112;activite.code_modalite_amm;finess_activites
modalite_amm;MO075;94;activite.code_modalite_amm;finess_activites
modalite_amm;MO004;84;activite.code_modalite_amm;finess_activites
modalite_amm;MO049;84;activite.code_modalite_amm;finess_activites
modalite_amm;MO019;78;activite.code_modalite_amm;finess_activites
modalite_amm;MO030;78;activite.code_modalite_amm;finess_activites
modalite_amm;MO060;58;activite.code_modalite_amm;finess_activites
modalite_amm;MO033;52;activite.code_modalite_amm;finess_activites
modalite_amm;MOMAL;52;activite.code_modalite_amm;finess_activites
modalite_amm;MOMAN;50;activite.code_modalite_amm;finess_activites
modalite_amm;MO048;42;activite.code_modalite_amm;finess_activites
modalite_amm;MO054;38;activite.code_modalite_amm;finess_activites
modalite_amm;MO052;34;activite.code_modalite_amm;finess_activites
modalite_amm;MO062;32;activite.code_modalite_amm;finess_activites
modalite_amm;MO059;30;activite.code_modalite_amm;finess_activites
modalite_amm;MO073;30;activite.code_modalite_amm;finess_activites
modalite_amm;MO013;24;activite.code_modalite_amm;finess_activites
modalite_amm;MO012;16;activite.code_modalite_amm;finess_activites
modalite_amm;MO099;16;activite.code_modalite_amm;finess_activites
modalite_amm;MOMAP;14;activite.code_modalite_amm;finess_activites
modalite_amm;MO015;8;activite.code_modalite_amm;finess_activites
modalite_amm;MOMAM;8;activite.code_modalite_amm;finess_activites
mode_financement;01;2019;capacite.code_mode_financement;finess_activites
mode_financement;03;821;capacite.code_mode_financement;finess_activites
mode_financement;02;577;capacite.code_mode_financement;finess_activites
mode_financement;04;161;capacite.code_mode_financement;finess_activites
mode_financement;05;55;capacite.code_mode_financement;finess_activites
mode_fixation_tarifaire;01;83007;etablissement.code_mode_fixation_tarifaire;finess_structures
mode_fixation_tarifaire;08;18373;etablissement.code_mode_fixation_tarifaire;finess_structures
mode_fixation_tarifaire;99;15967;etablissement.code_mode_fixation_tarifaire;finess_structures
mode_fixation_tarifaire;03;9124;etablissement.code_mode_fixation_tarifaire;finess_structures
mode_fixation_tarifaire;05;5613;etablissement.code_mode_fixation_tarifaire;finess_structures
mode_fixation_tarifaire;36;4782;etablissement.code_mode_fixation_tarifaire;finess_structures
mode_fixation_tarifaire;07;4098;etablissement.code_mode_fixation_tarifaire;finess_structures
mode_fixation_tarifaire;57;3968;etablissement.code_mode_fixation_tarifaire;finess_structures
mode_fixation_tarifaire;34;3963;etablissement.code_mode_fixation_tarifaire;finess_structures
mode_fixation_tarifaire;45;3197;etablissement.code_mode_fixation_tarifaire;finess_structures
mode_fixation_tarifaire;09;2561;etablissement.code_mode_fixation_tarifaire;finess_structures
mode_fixation_tarifaire;30;2416;etablissement.code_mode_fixation_tarifaire;finess_structures
mode_fixation_tarifaire;10;2206;etablissement.code_mode_fixation_tarifaire;finess_structures
mode_fixation_tarifaire;54;1817;etablissement.code_mode_fixation_tarifaire;finess_structures
mode_fixation_tarifaire;04;1770;etablissement.code_mode_fixation_tarifaire;finess_structures
mode_fixation_tarifaire;40;1647;etablissement.code_mode_fixation_tarifaire;finess_structures
mode_fixation_tarifaire;35;1645;etablissement.code_mode_fixation_tarifaire;finess_structures
mode_fixation_tarifaire;41;1596;etablissement.code_mode_fixation_tarifaire;finess_structures
mode_fixation_tarifaire;02;1285;etablissement.code_mode_fixation_tarifaire;finess_structures
mode_fixation_tarifaire;47;925;etablissement.code_mode_fixation_tarifaire;finess_structures
mode_fixation_tarifaire;17;570;etablissement.code_mode_fixation_tarifaire;finess_structures
mode_fixation_tarifaire;22;547;etablissement.code_mode_fixation_tarifaire;finess_structures
mode_fixation_tarifaire;43;483;etablissement.code_mode_fixation_tarifaire;finess_structures
mode_fixation_tarifaire;21;370;etablissement.code_mode_fixation_tarifaire;finess_structures
mode_fixation_tarifaire;15;356;etablissement.code_mode_fixation_tarifaire;finess_structures
mode_fixation_tarifaire;32;331;etablissement.code_mode_fixation_tarifaire;finess_structures
mode_fixation_tarifaire;58;323;etablissement.code_mode_fixation_tarifaire;finess_structures
mode_fixation_tarifaire;52;259;etablissement.code_mode_fixation_tarifaire;finess_structures
mode_fixation_tarifaire;33;252;etablissement.code_mode_fixation_tarifaire;finess_structures
mode_fixation_tarifaire;25;145;etablissement.code_mode_fixation_tarifaire;finess_structures
mode_fixation_tarifaire;06;132;etablissement.code_mode_fixation_tarifaire;finess_structures
mode_fixation_tarifaire;38;111;etablissement.code_mode_fixation_tarifaire;finess_structures
mode_fixation_tarifaire;14;102;etablissement.code_mode_fixation_tarifaire;finess_structures
mode_fixation_tarifaire;53;90;etablissement.code_mode_fixation_tarifaire;finess_structures
mode_fixation_tarifaire;11;80;etablissement.code_mode_fixation_tarifaire;finess_structures
mode_fixation_tarifaire;20;60;etablissement.code_mode_fixation_tarifaire;finess_structures
mode_fixation_tarifaire;44;60;etablissement.code_mode_fixation_tarifaire;finess_structures
mode_fixation_tarifaire;16;54;etablissement.code_mode_fixation_tarifaire;finess_structures
mode_fixation_tarifaire;23;38;etablissement.code_mode_fixation_tarifaire;finess_structures
mode_fixation_tarifaire;48;37;etablissement.code_mode_fixation_tarifaire;finess_structures
mode_fixation_tarifaire;51;28;etablissement.code_mode_fixation_tarifaire;finess_structures
mode_fixation_tarifaire;42;20;etablissement.code_mode_fixation_tarifaire;finess_structures
mode_fixation_tarifaire;55;20;etablissement.code_mode_fixation_tarifaire;finess_structures
mode_fixation_tarifaire;31;17;etablissement.code_mode_fixation_tarifaire;finess_structures
mode_fixation_tarifaire;56;17;etablissement.code_mode_fixation_tarifaire;finess_structures
mode_fixation_tarifaire;49;15;etablissement.code_mode_fixation_tarifaire;finess_structures
mode_fixation_tarifaire;24;14;etablissement.code_mode_fixation_tarifaire;finess_structures
mode_fixation_tarifaire;50;9;etablissement.code_mode_fixation_tarifaire;finess_structures
mode_fixation_tarifaire;46;3;etablissement.code_mode_fixation_tarifaire;finess_structures
mode_fonctionnement;11;109950;activite.code_mode_fonctionnement;finess_activites
mode_fonctionnement;16;102738;activite.code_mode_fonctionnement;finess_activites
mode_fonctionnement;21;45636;activite.code_mode_fonctionnement;finess_activites
mode_fonctionnement;03;33632;activite.code_mode_fonctionnement;finess_activites
mode_fonctionnement;26;31964;activite.code_mode_fonctionnement;finess_activites
mode_fonctionnement;13;22260;activite.code_mode_fonctionnement;finess_activites
mode_fonctionnement;07;20924;activite.code_mode_fonctionnement;finess_activites
mode_fonctionnement;60;17810;activite.code_mode_fonctionnement;finess_activites
mode_fonctionnement;97;16292;activite.code_mode_fonctionnement;finess_activites
mode_fonctionnement;09;14576;activite.code_mode_fonctionnement;finess_activites
mode_fonctionnement;04;14038;activite.code_mode_fonctionnement;finess_activites
mode_fonctionnement;18;12252;activite.code_mode_fonctionnement;finess_activites
mode_fonctionnement;34;11778;activite.code_mode_fonctionnement;finess_activites
mode_fonctionnement;19;8778;activite.code_mode_fonctionnement;finess_activites
mode_fonctionnement;14;4324;activite.code_mode_fonctionnement;finess_activites
mode_fonctionnement;44;3966;activite.code_mode_fonctionnement;finess_activites
mode_fonctionnement;31;3550;activite.code_mode_fonctionnement;finess_activites
mode_fonctionnement;40;2724;activite.code_mode_fonctionnement;finess_activites
mode_fonctionnement;15;2580;activite.code_mode_fonctionnement;finess_activites
mode_fonctionnement;10;2458;activite.code_mode_fonctionnement;finess_activites
mode_fonctionnement;32;2408;activite.code_mode_fonctionnement;finess_activites
mode_fonctionnement;23;2274;activite.code_mode_fonctionnement;finess_activites
mode_fonctionnement;47;2088;activite.code_mode_fonctionnement;finess_activites
mode_fonctionnement;28;1910;activite.code_mode_fonctionnement;finess_activites
mode_fonctionnement;48;1698;activite.code_mode_fonctionnement;finess_activites
mode_fonctionnement;50;1174;activite.code_mode_fonctionnement;finess_activites
mode_fonctionnement;17;1128;activite.code_mode_fonctionnement;finess_activites
mode_fonctionnement;06;1106;activite.code_mode_fonctionnement;finess_activites
mode_fonctionnement;30;964;activite.code_mode_fonctionnement;finess_activites
mode_fonctionnement;99;954;activite.code_mode_fonctionnement;finess_activites
mode_fonctionnement;43;776;activite.code_mode_fonctionnement;finess_activites
mode_fonctionnement;45;760;activite.code_mode_fonctionnement;finess_activites
mode_fonctionnement;05;640;activite.code_mode_fonctionnement;finess_activites
mode_fonctionnement;22;600;activite.code_mode_fonctionnement;finess_activites
mode_fonctionnement;20;576;activite.code_mode_fonctionnement;finess_activites
mode_fonctionnement;24;480;activite.code_mode_fonctionnement;finess_activites
mode_fonctionnement;37;460;activite.code_mode_fonctionnement;finess_activites
mode_fonctionnement;46;400;activite.code_mode_fonctionnement;finess_activites
mode_fonctionnement;27;386;activite.code_mode_fonctionnement;finess_activites
mode_fonctionnement;08;286;activite.code_mode_fonctionnement;finess_activites
mode_fonctionnement;51;268;activite.code_mode_fonctionnement;finess_activites
mode_fonctionnement;42;244;activite.code_mode_fonctionnement;finess_activites
mode_fonctionnement;41;168;activite.code_mode_fonctionnement;finess_activites
mode_fonctionnement;54;138;activite.code_mode_fonctionnement;finess_activites
mode_fonctionnement;01;130;activite.code_mode_fonctionnement;finess_activites
mode_fonctionnement;33;86;activite.code_mode_fonctionnement;finess_activites
mode_fonctionnement;38;62;activite.code_mode_fonctionnement;finess_activites
mode_fonctionnement;25;56;activite.code_mode_fonctionnement;finess_activites
mode_fonctionnement;39;38;activite.code_mode_fonctionnement;finess_activites
mode_fonctionnement;53;30;activite.code_mode_fonctionnement;finess_activites
mode_fonctionnement;52;28;activite.code_mode_fonctionnement;finess_activites
mode_fonctionnement;12;10;activite.code_mode_fonctionnement;finess_activites
motif_arrete;C;91;engagement.code_motif_arrete;finess_activites|finess_structures
motif_arrete;P;72;engagement.code_motif_arrete;finess_activites|finess_structures
motif_arrete;V;47;engagement.code_motif_arrete;finess_activites|finess_structures
motif_arrete;F;34;engagement.code_motif_arrete;finess_activites|finess_structures
motif_arrete;T;28;engagement.code_motif_arrete;finess_activites|finess_structures
motif_arrete;X;19;engagement.code_motif_arrete;finess_activites|finess_structures
motif_arrete;R;5;engagement.code_motif_arrete;finess_activites|finess_structures
nature_activite;ASMR;226840;activite.code_nature;finess_activites
nature_activite;ASDR;174410;activite.code_nature;finess_activites
nature_activite;ASOCR;91516;activite.code_nature;finess_activites
nature_activite;AMM;62926;activite.code_nature;finess_activites
nature_activite;AMF;13744;activite.code_nature;finess_activites
nature_activite;AER;11790;activite.code_nature;finess_activites
nature_activite;AASA;4384;activite.code_nature;finess_activites
nature_activite;EML;136;activite.code_nature;finess_activites
public;990;173608;activite.code_public;finess_activites
public;700;53346;activite.code_public;finess_activites
public;010;44440;activite.code_public;finess_activites
public;711;26958;activite.code_public;finess_activites
public;808;25182;activite.code_public;finess_activites
public;436;21844;activite.code_public;finess_activites
public;800;14410;activite.code_public;finess_activites
public;701;13014;activite.code_public;finess_activites
public;117;9658;activite.code_public;finess_activites
public;437;9310;activite.code_public;finess_activites
public;842;9002;activite.code_public;finess_activites
public;899;8852;activite.code_public;finess_activites
public;110;6752;activite.code_public;finess_activites
public;821;6290;activite.code_public;finess_activites
public;200;5944;activite.code_public;finess_activites
public;500;5538;activite.code_public;finess_activites
public;843;4998;activite.code_public;finess_activites
public;844;3954;activite.code_public;finess_activites
public;810;3390;activite.code_public;finess_activites
public;809;2714;activite.code_public;finess_activites
public;803;2692;activite.code_public;finess_activites
public;826;2602;activite.code_public;finess_activites
public;206;2530;activite.code_public;finess_activites
public;804;2514;activite.code_public;finess_activites
public;115;2170;activite.code_public;finess_activites
public;802;1788;activite.code_public;finess_activites
public;414;1734;activite.code_public;finess_activites
public;111;1730;activite.code_public;finess_activites
public;830;1548;activite.code_public;finess_activites
public;840;1462;activite.code_public;finess_activites
public;814;1426;activite.code_public;finess_activites
public;829;1304;activite.code_public;finess_activites
public;820;1254;activite.code_public;finess_activites
public;120;1234;activite.code_public;finess_activites
public;118;1222;activite.code_public;finess_activites
public;860;1202;activite.code_public;finess_activites
public;410;1124;activite.code_public;finess_activites
public;205;1062;activite.code_public;finess_activites
public;831;1040;activite.code_public;finess_activites
public;801;1010;activite.code_public;finess_activites
public;824;972;activite.code_public;finess_activites
public;420;928;activite.code_public;finess_activites
public;438;928;activite.code_public;finess_activites
public;811;910;activite.code_public;finess_activites
public;430;902;activite.code_public;finess_activites
public;999;894;activite.code_public;finess_activites
public;812;878;activite.code_public;finess_activites
public;040;870;activite.code_public;finess_activites
public;813;816;activite.code_public;finess_activites
public;310;780;activite.code_public;finess_activites
public;702;772;activite.code_public;finess_activites
public;825;748;activite.code_public;finess_activites
public;318;736;activite.code_public;finess_activites
public;805;700;activite.code_public;finess_activites
public;841;674;activite.code_public;finess_activites
public;320;558;activite.code_public;finess_activites
public;324;538;activite.code_public;finess_activites
public;833;490;activite.code_public;finess_activites
public;832;480;activite.code_public;finess_activites
public;207;472;activite.code_public;finess_activites
public;827;466;activite.code_public;finess_activites
public;819;434;activite.code_public;finess_activites
public;851;426;activite.code_public;finess_activites
public;823;424;activite.code_public;finess_activites
public;850;402;activite.code_public;finess_activites
public;852;376;activite.code_public;finess_activites
public;121;364;activite.code_public;finess_activites
public;806;358;activite.code_public;finess_activites
public;125;298;activite.code_public;finess_activites
public;807;294;activite.code_public;finess_activites
public;203;286;activite.code_public;finess_activites
public;835;258;activite.code_public;finess_activites
public;202;232;activite.code_public;finess_activites
public;042;222;activite.code_public;finess_activites
public;317;218;activite.code_public;finess_activites
public;853;198;activite.code_public;finess_activites
public;011;196;activite.code_public;finess_activites
public;327;174;activite.code_public;finess_activites
public;817;170;activite.code_public;finess_activites
public;204;160;activite.code_public;finess_activites
public;511;154;activite.code_public;finess_activites
public;128;130;activite.code_public;finess_activites
public;600;130;activite.code_public;finess_activites
public;861;114;activite.code_public;finess_activites
public;816;110;activite.code_public;finess_activites
public;442;108;activite.code_public;finess_activites
public;114;92;activite.code_public;finess_activites
public;620;86;activite.code_public;finess_activites
public;834;86;activite.code_public;finess_activites
public;440;72;activite.code_public;finess_activites
public;116;70;activite.code_public;finess_activites
public;822;68;activite.code_public;finess_activites
public;818;58;activite.code_public;finess_activites
public;828;56;activite.code_public;finess_activites
public;041;54;activite.code_public;finess_activites
public;602;52;activite.code_public;finess_activites
public;815;50;activite.code_public;finess_activites
public;043;36;activite.code_public;finess_activites
public;439;36;activite.code_public;finess_activites
public;862;30;activite.code_public;finess_activites
public;441;22;activite.code_public;finess_activites
public;201;20;activite.code_public;finess_activites
public;510;12;activite.code_public;finess_activites
public;601;10;activite.code_public;finess_activites
public;113;8;activite.code_public;finess_activites
public;433;8;activite.code_public;finess_activites
public;311;6;activite.code_public;finess_activites
public;836;6;activite.code_public;finess_activites
public;321;4;activite.code_public;finess_activites
public;506;4;activite.code_public;finess_activites
public;323;2;activite.code_public;finess_activites
public;411;2;activite.code_public;finess_activites
public;412;2;activite.code_public;finess_activites
public;431;2;activite.code_public;finess_activites
public;434;2;activite.code_public;finess_activites
role_contact;01;222505;contact.code_role_contact;finess_structures
role_membre_groupement;M;628;groupement_membre.code_role_membre;finess_structures
role_membre_groupement;S;135;groupement_membre.code_role_membre;finess_structures
role_relation_ege;B;47462;relation_etablissement.code_role_relation;finess_structures
role_relation_ege;C;12;relation_etablissement.code_role_relation;finess_structures
sous_type_engagement;ARR;39449;engagement.code_sous_type_engagement;finess_activites|finess_structures
sous_type_engagement;ASE;11421;engagement.code_sous_type_engagement;finess_activites|finess_structures
sous_type_engagement;ASD;11374;engagement.code_sous_type_engagement;finess_activites|finess_structures
sous_type_engagement;QAL;6426;engagement.code_sous_type_engagement;finess_activites|finess_structures
sous_type_engagement;CPM;3844;engagement.code_sous_type_engagement;finess_activites|finess_structures
sous_type_engagement;JUS;1005;engagement.code_sous_type_engagement;finess_activites|finess_structures
sous_type_engagement;DIT;751;engagement.code_sous_type_engagement;finess_activites|finess_structures
sous_type_engagement;PAD;514;engagement.code_sous_type_engagement;finess_activites|finess_structures
sous_type_engagement;APL;406;engagement.code_sous_type_engagement;finess_activites|finess_structures
sous_type_engagement;ACI;398;engagement.code_sous_type_engagement;finess_activites|finess_structures
sous_type_engagement;HPR;241;engagement.code_sous_type_engagement;finess_activites|finess_structures
sous_type_engagement;PCP;198;engagement.code_sous_type_engagement;finess_activites|finess_structures
sous_type_engagement;RUR;162;engagement.code_sous_type_engagement;finess_activites|finess_structures
sous_type_engagement;RSE;158;engagement.code_sous_type_engagement;finess_activites|finess_structures
sous_type_engagement;UEM;153;engagement.code_sous_type_engagement;finess_activites|finess_structures
sous_type_engagement;SAD;138;engagement.code_sous_type_engagement;finess_activites|finess_structures
sous_type_engagement;EX3;127;engagement.code_sous_type_engagement;finess_activites|finess_structures
sous_type_engagement;DIS;107;engagement.code_sous_type_engagement;finess_activites|finess_structures
sous_type_engagement;UEE;89;engagement.code_sous_type_engagement;finess_activites|finess_structures
sous_type_engagement;EMA;68;engagement.code_sous_type_engagement;finess_activites|finess_structures
sous_type_engagement;PCO;65;engagement.code_sous_type_engagement;finess_activites|finess_structures
sous_type_engagement;EX1;58;engagement.code_sous_type_engagement;finess_activites|finess_structures
sous_type_engagement;UEA;58;engagement.code_sous_type_engagement;finess_activites|finess_structures
sous_type_engagement;CPU;50;engagement.code_sous_type_engagement;finess_activites|finess_structures
sous_type_engagement;REL;25;engagement.code_sous_type_engagement;finess_activites|finess_structures
sous_type_engagement;DEA;13;engagement.code_sous_type_engagement;finess_activites|finess_structures
sous_type_engagement;PEN;9;engagement.code_sous_type_engagement;finess_activites|finess_structures
sous_type_engagement;PDI;6;engagement.code_sous_type_engagement;finess_activites|finess_structures
sous_type_engagement;UNI;5;engagement.code_sous_type_engagement;finess_activites|finess_structures
sous_type_engagement;CPP;4;engagement.code_sous_type_engagement;finess_activites|finess_structures
sous_type_engagement;EX2;4;engagement.code_sous_type_engagement;finess_activites|finess_structures
sous_type_engagement;MIL;2;engagement.code_sous_type_engagement;finess_activites|finess_structures
sous_type_engagement;MDI;1;engagement.code_sous_type_engagement;finess_activites|finess_structures
sous_type_engagement;PAP;1;engagement.code_sous_type_engagement;finess_activites|finess_structures
sous_type_engagement;SID;1;engagement.code_sous_type_engagement;finess_activites|finess_structures
statut_appareil;08;8048;appareil.code_statut_appareil;finess_activites
statut_appareil;09;8048;appareil.code_statut_appareil;finess_activites
statut_capacite;09;277392;capacite.code_statut_capacite;finess_activites
statut_capacite;08;259841;capacite.code_statut_capacite;finess_activites
statut_juridique;60;25179;entite_juridique.code_statut_juridique;finess_structures
statut_juridique;85;13524;entite_juridique.code_statut_juridique;finess_structures
statut_juridique;72;8286;entite_juridique.code_statut_juridique;finess_structures
statut_juridique;70;7316;entite_juridique.code_statut_juridique;finess_structures
statut_juridique;17;5495;entite_juridique.code_statut_juridique;finess_structures
statut_juridique;91;4770;entite_juridique.code_statut_juridique;finess_structures
statut_juridique;95;3610;entite_juridique.code_statut_juridique;finess_structures
statut_juridique;61;3609;entite_juridique.code_statut_juridique;finess_structures
statut_juridique;78;3436;entite_juridique.code_statut_juridique;finess_structures
statut_juridique;03;3246;entite_juridique.code_statut_juridique;finess_structures
statut_juridique;80;2256;entite_juridique.code_statut_juridique;finess_structures
statut_juridique;73;1902;entite_juridique.code_statut_juridique;finess_structures
statut_juridique;21;1638;entite_juridique.code_statut_juridique;finess_structures
statut_juridique;71;1235;entite_juridique.code_statut_juridique;finess_structures
statut_juridique;75;1143;entite_juridique.code_statut_juridique;finess_structures
statut_juridique;62;882;entite_juridique.code_statut_juridique;finess_structures
statut_juridique;13;802;entite_juridique.code_statut_juridique;finess_structures
statut_juridique;26;794;entite_juridique.code_statut_juridique;finess_structures
statut_juridique;74;762;entite_juridique.code_statut_juridique;finess_structures
statut_juridique;29;549;entite_juridique.code_statut_juridique;finess_structures
statut_juridique;64;534;entite_juridique.code_statut_juridique;finess_structures
statut_juridique;89;532;entite_juridique.code_statut_juridique;finess_structures
statut_juridique;01;524;entite_juridique.code_statut_juridique;finess_structures
statut_juridique;88;482;entite_juridique.code_statut_juridique;finess_structures
statut_juridique;79;461;entite_juridique.code_statut_juridique;finess_structures
statut_juridique;76;459;entite_juridique.code_statut_juridique;finess_structures
statut_juridique;47;446;entite_juridique.code_statut_juridique;finess_structures
statut_juridique;22;342;entite_juridique.code_statut_juridique;finess_structures
statut_juridique;40;319;entite_juridique.code_statut_juridique;finess_structures
statut_juridique;06;300;entite_juridique.code_statut_juridique;finess_structures
statut_juridique;02;295;entite_juridique.code_statut_juridique;finess_structures
statut_juridique;08;271;entite_juridique.code_statut_juridique;finess_structures
statut_juridique;19;268;entite_juridique.code_statut_juridique;finess_structures
statut_juridique;63;256;entite_juridique.code_statut_juridique;finess_structures
statut_juridique;28;235;entite_juridique.code_statut_juridique;finess_structures
statut_juridique;65;215;entite_juridique.code_statut_juridique;finess_structures
statut_juridique;11;185;entite_juridique.code_statut_juridique;finess_structures
statut_juridique;14;181;entite_juridique.code_statut_juridique;finess_structures
statut_juridique;66;169;entite_juridique.code_statut_juridique;finess_structures
statut_juridique;86;152;entite_juridique.code_statut_juridique;finess_structures
statut_juridique;77;121;entite_juridique.code_statut_juridique;finess_structures
statut_juridique;16;118;entite_juridique.code_statut_juridique;finess_structures
statut_juridique;46;101;entite_juridique.code_statut_juridique;finess_structures
statut_juridique;87;94;entite_juridique.code_statut_juridique;finess_structures
statut_juridique;30;93;entite_juridique.code_statut_juridique;finess_structures
statut_juridique;50;86;entite_juridique.code_statut_juridique;finess_structures
statut_juridique;18;79;entite_juridique.code_statut_juridique;finess_structures
statut_juridique;90;72;entite_juridique.code_statut_juridique;finess_structures
statut_juridique;43;57;entite_juridique.code_statut_juridique;finess_structures
statut_juridique;41;44;entite_juridique.code_statut_juridique;finess_structures
statut_juridique;27;39;entite_juridique.code_statut_juridique;finess_structures
statut_juridique;51;26;entite_juridique.code_statut_juridique;finess_structures
statut_juridique;49;23;entite_juridique.code_statut_juridique;finess_structures
statut_juridique;24;19;entite_juridique.code_statut_juridique;finess_structures
statut_juridique;15;18;entite_juridique.code_statut_juridique;finess_structures
statut_juridique;12;16;entite_juridique.code_statut_juridique;finess_structures
statut_juridique;04;14;entite_juridique.code_statut_juridique;finess_structures
statut_juridique;25;14;entite_juridique.code_statut_juridique;finess_structures
statut_juridique;45;11;entite_juridique.code_statut_juridique;finess_structures
statut_juridique;20;9;entite_juridique.code_statut_juridique;finess_structures
statut_juridique;23;9;entite_juridique.code_statut_juridique;finess_structures
statut_juridique;52;8;entite_juridique.code_statut_juridique;finess_structures
statut_juridique;07;7;entite_juridique.code_statut_juridique;finess_structures
statut_juridique;10;7;entite_juridique.code_statut_juridique;finess_structures
statut_juridique;42;7;entite_juridique.code_statut_juridique;finess_structures
statut_juridique;44;6;entite_juridique.code_statut_juridique;finess_structures
statut_juridique;93;5;entite_juridique.code_statut_juridique;finess_structures
statut_juridique;48;4;entite_juridique.code_statut_juridique;finess_structures
statut_juridique;05;1;entite_juridique.code_statut_juridique;finess_structures
systeme_maitre;01;1747828;evenement.code_systeme_maitre;finess_activites|finess_structures
systeme_maitre;02;139688;evenement.code_systeme_maitre;finess_activites|finess_structures
systeme_maitre;04;69049;evenement.code_systeme_maitre;finess_activites|finess_structures
systeme_maitre;05;4559;evenement.code_systeme_maitre;finess_activites|finess_structures
type_activite_smsse;70237;30620;activite.code_type_activite_smsse;finess_activites
type_activite_smsse;70227;22184;activite.code_type_activite_smsse;finess_activites
type_activite_smsse;50053;17644;activite.code_type_activite_smsse;finess_activites
type_activite_smsse;71735;16780;activite.code_type_activite_smsse;finess_activites
type_activite_smsse;80276;10308;activite.code_type_activite_smsse;finess_activites
type_activite_smsse;80283;8340;activite.code_type_activite_smsse;finess_activites
type_activite_smsse;70496;7008;activite.code_type_activite_smsse;finess_activites
type_activite_smsse;71729;6514;activite.code_type_activite_smsse;finess_activites
type_activite_smsse;50648;5320;activite.code_type_activite_smsse;finess_activites
type_activite_smsse;71959;5006;activite.code_type_activite_smsse;finess_activites
type_activite_smsse;70124;4996;activite.code_type_activite_smsse;finess_activites
type_activite_smsse;80294;4992;activite.code_type_activite_smsse;finess_activites
type_activite_smsse;50556;4566;activite.code_type_activite_smsse;finess_activites
type_activite_smsse;80197;4340;activite.code_type_activite_smsse;finess_activites
type_activite_smsse;71740;3994;activite.code_type_activite_smsse;finess_activites
type_activite_smsse;50447;3950;activite.code_type_activite_smsse;finess_activites
type_activite_smsse;70003;3824;activite.code_type_activite_smsse;finess_activites
type_activite_smsse;71775;3600;activite.code_type_activite_smsse;finess_activites
type_activite_smsse;50350;3550;activite.code_type_activite_smsse;finess_activites
type_activite_smsse;50328;3474;activite.code_type_activite_smsse;finess_activites
type_activite_smsse;70108;3394;activite.code_type_activite_smsse;finess_activites
type_activite_smsse;71765;3280;activite.code_type_activite_smsse;finess_activites
type_activite_smsse;71755;3174;activite.code_type_activite_smsse;finess_activites
type_activite_smsse;70097;3154;activite.code_type_activite_smsse;finess_activites
type_activite_smsse;50399;3140;activite.code_type_activite_smsse;finess_activites
type_activite_smsse;40207;3076;activite.code_type_activite_smsse;finess_activites
type_activite_smsse;50662;3038;activite.code_type_activite_smsse;finess_activites
type_activite_smsse;50341;3014;activite.code_type_activite_smsse;finess_activites
type_activite_smsse;50453;2962;activite.code_type_activite_smsse;finess_activites
type_activite_smsse;50445;2780;activite.code_type_activite_smsse;finess_activites
type_activite_smsse;50063;2754;activite.code_type_activite_smsse;finess_activites
type_activite_smsse;70490;2640;activite.code_type_activite_smsse;finess_activites
type_activite_smsse;50262;2574;activite.code_type_activite_smsse;finess_activites
type_activite_smsse;50400;2478;activite.code_type_activite_smsse;finess_activites
type_activite_smsse;50700;2470;activite.code_type_activite_smsse;finess_activites
type_activite_smsse;50034;2370;activite.code_type_activite_smsse;finess_activites
type_activite_smsse;40176;2360;activite.code_type_activite_smsse;finess_activites
type_activite_smsse;60012;2328;activite.code_type_activite_smsse;finess_activites
type_activite_smsse;50387;2326;activite.code_type_activite_smsse;finess_activites
type_activite_smsse;71732;2320;activite.code_type_activite_smsse;finess_activites
type_activite_smsse;80434;2304;activite.code_type_activite_smsse;finess_activites
type_activite_smsse;50042;2226;activite.code_type_activite_smsse;finess_activites
type_activite_smsse;80288;2210;activite.code_type_activite_smsse;finess_activites
type_activite_smsse;50704;2184;activite.code_type_activite_smsse;finess_activites
type_activite_smsse;50701;1986;activite.code_type_activite_smsse;finess_activites
type_activite_smsse;50045;1966;activite.code_type_activite_smsse;finess_activites
type_activite_smsse;50401;1942;activite.code_type_activite_smsse;finess_activites
type_activite_smsse;50327;1910;activite.code_type_activite_smsse;finess_activites
type_activite_smsse;50278;1862;activite.code_type_activite_smsse;finess_activites
type_activite_smsse;50367;1796;activite.code_type_activite_smsse;finess_activites
type_activite_smsse;50384;1778;activite.code_type_activite_smsse;finess_activites
type_activite_smsse;50048;1726;activite.code_type_activite_smsse;finess_activites
type_activite_smsse;50664;1630;activite.code_type_activite_smsse;finess_activites
type_activite_smsse;80714;1598;activite.code_type_activite_smsse;finess_activites
type_activite_smsse;40001;1566;activite.code_type_activite_smsse;finess_activites
type_activite_smsse;80056;1564;activite.code_type_activite_smsse;finess_activites
type_activite_smsse;50691;1522;activite.code_type_activite_smsse;finess_activites
type_activite_smsse;50342;1502;activite.code_type_activite_smsse;finess_activites
type_activite_smsse;50408;1500;activite.code_type_activite_smsse;finess_activites
type_activite_smsse;80235;1498;activite.code_type_activite_smsse;finess_activites
type_activite_smsse;71744;1476;activite.code_type_activite_smsse;finess_activites
type_activite_smsse;81011;1458;activite.code_type_activite_smsse;finess_activites
type_activite_smsse;70087;1454;activite.code_type_activite_smsse;finess_activites
type_activite_smsse;50703;1436;activite.code_type_activite_smsse;finess_activites
type_activite_smsse;50383;1424;activite.code_type_activite_smsse;finess_activites
type_activite_smsse;40006;1412;activite.code_type_activite_smsse;finess_activites
type_activite_smsse;50435;1408;activite.code_type_activite_smsse;finess_activites
type_activite_smsse;40014;1402;activite.code_type_activite_smsse;finess_activites
type_activite_smsse;50156;1402;activite.code_type_activite_smsse;finess_activites
type_activite_smsse;80712;1378;activite.code_type_activite_smsse;finess_activites
type_activite_smsse;50033;1372;activite.code_type_activite_smsse;finess_activites
type_activite_smsse;60004;1368;activite.code_type_activite_smsse;finess_activites
type_activite_smsse;50490;1350;activite.code_type_activite_smsse;finess_activites
type_activite_smsse;40005;1344;activite.code_type_activite_smsse;finess_activites
type_activite_smsse;40013;1344;activite.code_type_activite_smsse;finess_activites
type_activite_smsse;50535;1342;activite.code_type_activite_smsse;finess_activites
type_activite_smsse;40184;1340;activite.code_type_activite_smsse;finess_activites
type_activite_smsse;70498;1340;activite.code_type_activite_smsse;finess_activites
type_activite_smsse;40034;1296;activite.code_type_activite_smsse;finess_activites
type_activite_smsse;71733;1292;activite.code_type_activite_smsse;finess_activites
type_activite_smsse;50705;1282;activite.code_type_activite_smsse;finess_activites
type_activite_smsse;40024;1278;activite.code_type_activite_smsse;finess_activites
type_activite_smsse;40022;1276;activite.code_type_activite_smsse;finess_activites
type_activite_smsse;40016;1268;activite.code_type_activite_smsse;finess_activites
type_activite_smsse;40004;1260;activite.code_type_activite_smsse;finess_activites
type_activite_smsse;20001;1258;activite.code_type_activite_smsse;finess_activites
type_activite_smsse;40020;1258;activite.code_type_activite_smsse;finess_activites
type_activite_smsse;80908;1256;activite.code_type_activite_smsse;finess_activites
type_activite_smsse;50405;1224;activite.code_type_activite_smsse;finess_activites
type_activite_smsse;40015;1216;activite.code_type_activite_smsse;finess_activites
type_activite_smsse;40023;1200;activite.code_type_activite_smsse;finess_activites
type_activite_smsse;50573;1198;activite.code_type_activite_smsse;finess_activites
type_activite_smsse;40021;1180;activite.code_type_activite_smsse;finess_activites
type_activite_smsse;50281;1178;activite.code_type_activite_smsse;finess_activites
type_activite_smsse;40121;1172;activite.code_type_activite_smsse;finess_activites
type_activite_smsse;70104;1162;activite.code_type_activite_smsse;finess_activites
type_activite_smsse;50003;1154;activite.code_type_activite_smsse;finess_activites
type_activite_smsse;40003;1152;activite.code_type_activite_smsse;finess_activites
type_activite_smsse;70905;1148;activite.code_type_activite_smsse;finess_activites
type_activite_smsse;40012;1144;activite.code_type_activite_smsse;finess_activites
type_activite_smsse;72101;1136;activite.code_type_activite_smsse;finess_activites
type_activite_smsse;80348;1126;activite.code_type_activite_smsse;finess_activites
type_activite_smsse;50557;1120;activite.code_type_activite_smsse;finess_activites
type_activite_smsse;80297;1110;activite.code_type_activite_smsse;finess_activites
type_activite_smsse;40008;1100;activite.code_type_activite_smsse;finess_activites
type_activite_smsse;81030;1100;activite.code_type_activite_smsse;finess_activites
type_activite_smsse;70888;1092;activite.code_type_activite_smsse;finess_activites
type_activite_smsse;80898;1090;activite.code_type_activite_smsse;finess_activites
type_activite_smsse;50235;1082;activite.code_type_activite_smsse;finess_activites
type_activite_smsse;40019;1080;activite.code_type_activite_smsse;finess_activites
type_activite_smsse;40007;1068;activite.code_type_activite_smsse;finess_activites
type_activite_smsse;60049;1066;activite.code_type_activite_smsse;finess_activites
type_activite_smsse;50402;1064;activite.code_type_activite_smsse;finess_activites
type_activite_smsse;71774;1062;activite.code_type_activite_smsse;finess_activites
type_activite_smsse;40011;1054;activite.code_type_activite_smsse;finess_activites
type_activite_smsse;70897;1036;activite.code_type_activite_smsse;finess_activites
type_activite_smsse;50731;1032;activite.code_type_activite_smsse;finess_activites
type_activite_smsse;72105;1030;activite.code_type_activite_smsse;finess_activites
type_activite_smsse;50225;1000;activite.code_type_activite_smsse;finess_activites
type_activite_smsse;70493;994;activite.code_type_activite_smsse;finess_activites
type_activite_smsse;80296;994;activite.code_type_activite_smsse;finess_activites
type_activite_smsse;70494;990;activite.code_type_activite_smsse;finess_activites
type_activite_smsse;50339;984;activite.code_type_activite_smsse;finess_activites
type_activite_smsse;70913;970;activite.code_type_activite_smsse;finess_activites
type_activite_smsse;71783;960;activite.code_type_activite_smsse;finess_activites
type_activite_smsse;20002;946;activite.code_type_activite_smsse;finess_activites
type_activite_smsse;80193;936;activite.code_type_activite_smsse;finess_activites
type_activite_smsse;71754;918;activite.code_type_activite_smsse;finess_activites
type_activite_smsse;50348;906;activite.code_type_activite_smsse;finess_activites
type_activite_smsse;60046;902;activite.code_type_activite_smsse;finess_activites
type_activite_smsse;80324;894;activite.code_type_activite_smsse;finess_activites
type_activite_smsse;50692;892;activite.code_type_activite_smsse;finess_activites
type_activite_smsse;50246;870;activite.code_type_activite_smsse;finess_activites
type_activite_smsse;50579;866;activite.code_type_activite_smsse;finess_activites
type_activite_smsse;70995;862;activite.code_type_activite_smsse;finess_activites
type_activite_smsse;40177;856;activite.code_type_activite_smsse;finess_activites
type_activite_smsse;50707;846;activite.code_type_activite_smsse;finess_activites
type_activite_smsse;72141;844;activite.code_type_activite_smsse;finess_activites
type_activite_smsse;70293;840;activite.code_type_activite_smsse;finess_activites
type_activite_smsse;70889;838;activite.code_type_activite_smsse;finess_activites
type_activite_smsse;80831;818;activite.code_type_activite_smsse;finess_activites
type_activite_smsse;80874;818;activite.code_type_activite_smsse;finess_activites
type_activite_smsse;40178;804;activite.code_type_activite_smsse;finess_activites
type_activite_smsse;40151;790;activite.code_type_activite_smsse;finess_activites
type_activite_smsse;70311;776;activite.code_type_activite_smsse;finess_activites
type_activite_smsse;50056;768;activite.code_type_activite_smsse;finess_activites
type_activite_smsse;80351;766;activite.code_type_activite_smsse;finess_activites
type_activite_smsse;50250;762;activite.code_type_activite_smsse;finess_activites
type_activite_smsse;40026;754;activite.code_type_activite_smsse;finess_activites
type_activite_smsse;40119;754;activite.code_type_activite_smsse;finess_activites
type_activite_smsse;50394;754;activite.code_type_activite_smsse;finess_activites
type_activite_smsse;70210;744;activite.code_type_activite_smsse;finess_activites
type_activite_smsse;50603;742;activite.code_type_activite_smsse;finess_activites
type_activite_smsse;80518;734;activite.code_type_activite_smsse;finess_activites
type_activite_smsse;71850;732;activite.code_type_activite_smsse;finess_activites
type_activite_smsse;72125;730;activite.code_type_activite_smsse;finess_activites
type_activite_smsse;30004;726;activite.code_type_activite_smsse;finess_activites
type_activite_smsse;71548;718;activite.code_type_activite_smsse;finess_activites
type_activite_smsse;71764;718;activite.code_type_activite_smsse;finess_activites
type_activite_smsse;80060;718;activite.code_type_activite_smsse;finess_activites
type_activite_smsse;70755;712;activite.code_type_activite_smsse;finess_activites
type_activite_smsse;50694;710;activite.code_type_activite_smsse;finess_activites
type_activite_smsse;20049;708;activite.code_type_activite_smsse;finess_activites
type_activite_smsse;80133;704;activite.code_type_activite_smsse;finess_activites
type_activite_smsse;70513;694;activite.code_type_activite_smsse;finess_activites
type_activite_smsse;50159;690;activite.code_type_activite_smsse;finess_activites
type_activite_smsse;70863;690;activite.code_type_activite_smsse;finess_activites
type_activite_smsse;80031;686;activite.code_type_activite_smsse;finess_activites
type_activite_smsse;20031;684;activite.code_type_activite_smsse;finess_activites
type_activite_smsse;60032;684;activite.code_type_activite_smsse;finess_activites
type_activite_smsse;80380;682;activite.code_type_activite_smsse;finess_activites
type_activite_smsse;40035;680;activite.code_type_activite_smsse;finess_activites
type_activite_smsse;80485;676;activite.code_type_activite_smsse;finess_activites
type_activite_smsse;71964;672;activite.code_type_activite_smsse;finess_activites
type_activite_smsse;80089;670;activite.code_type_activite_smsse;finess_activites
type_activite_smsse;40025;662;activite.code_type_activite_smsse;finess_activites
type_activite_smsse;50622;658;activite.code_type_activite_smsse;finess_activites
type_activite_smsse;40132;654;activite.code_type_activite_smsse;finess_activites
type_activite_smsse;40027;652;activite.code_type_activite_smsse;finess_activites
type_activite_smsse;80198;652;activite.code_type_activite_smsse;finess_activites
type_activite_smsse;71549;648;activite.code_type_activite_smsse;finess_activites
type_activite_smsse;80960;646;activite.code_type_activite_smsse;finess_activites
type_activite_smsse;80726;636;activite.code_type_activite_smsse;finess_activites
type_activite_smsse;50087;630;activite.code_type_activite_smsse;finess_activites
type_activite_smsse;50426;630;activite.code_type_activite_smsse;finess_activites
type_activite_smsse;70906;622;activite.code_type_activite_smsse;finess_activites
type_activite_smsse;70259;620;activite.code_type_activite_smsse;finess_activites
type_activite_smsse;50083;618;activite.code_type_activite_smsse;finess_activites
type_activite_smsse;80494;610;activite.code_type_activite_smsse;finess_activites
type_activite_smsse;70996;606;activite.code_type_activite_smsse;finess_activites
type_activite_smsse;71645;604;activite.code_type_activite_smsse;finess_activites
type_activite_smsse;40037;592;activite.code_type_activite_smsse;finess_activites
type_activite_smsse;40028;582;activite.code_type_activite_smsse;finess_activites
type_activite_smsse;50727;578;activite.code_type_activite_smsse;finess_activites
type_activite_smsse;72144;578;activite.code_type_activite_smsse;finess_activites
type_activite_smsse;50130;576;activite.code_type_activite_smsse;finess_activites
type_activite_smsse;60042;574;activite.code_type_activite_smsse;finess_activites
type_activite_smsse;80819;572;activite.code_type_activite_smsse;finess_activites
type_activite_smsse;50668;570;activite.code_type_activite_smsse;finess_activites
type_activite_smsse;80359;570;activite.code_type_activite_smsse;finess_activites
type_activite_smsse;50446;564;activite.code_type_activite_smsse;finess_activites
type_activite_smsse;70225;564;activite.code_type_activite_smsse;finess_activites
type_activite_smsse;71851;564;activite.code_type_activite_smsse;finess_activites
type_activite_smsse;20066;560;activite.code_type_activite_smsse;finess_activites
type_activite_smsse;50085;560;activite.code_type_activite_smsse;finess_activites
type_activite_smsse;71734;556;activite.code_type_activite_smsse;finess_activites
type_activite_smsse;71784;552;activite.code_type_activite_smsse;finess_activites
type_activite_smsse;40092;548;activite.code_type_activite_smsse;finess_activites
type_activite_smsse;40128;542;activite.code_type_activite_smsse;finess_activites
type_activite_smsse;40122;538;activite.code_type_activite_smsse;finess_activites
type_activite_smsse;80517;538;activite.code_type_activite_smsse;finess_activites
type_activite_smsse;30003;536;activite.code_type_activite_smsse;finess_activites
type_activite_smsse;40072;524;activite.code_type_activite_smsse;finess_activites
type_activite_smsse;70864;522;activite.code_type_activite_smsse;finess_activites
type_activite_smsse;80199;522;activite.code_type_activite_smsse;finess_activites
type_activite_smsse;80462;522;activite.code_type_activite_smsse;finess_activites
type_activite_smsse;20062;520;activite.code_type_activite_smsse;finess_activites
type_activite_smsse;50097;514;activite.code_type_activite_smsse;finess_activites
type_activite_smsse;70072;510;activite.code_type_activite_smsse;finess_activites
type_activite_smsse;81002;508;activite.code_type_activite_smsse;finess_activites
type_activite_smsse;72167;506;activite.code_type_activite_smsse;finess_activites
type_activite_smsse;40066;502;activite.code_type_activite_smsse;finess_activites
type_activite_smsse;70292;502;activite.code_type_activite_smsse;finess_activites
type_activite_smsse;50385;500;activite.code_type_activite_smsse;finess_activites
type_activite_smsse;50082;498;activite.code_type_activite_smsse;finess_activites
type_activite_smsse;80939;498;activite.code_type_activite_smsse;finess_activites
type_activite_smsse;40088;496;activite.code_type_activite_smsse;finess_activites
type_activite_smsse;40002;494;activite.code_type_activite_smsse;finess_activites
type_activite_smsse;60047;490;activite.code_type_activite_smsse;finess_activites
type_activite_smsse;40017;484;activite.code_type_activite_smsse;finess_activites
type_activite_smsse;40126;482;activite.code_type_activite_smsse;finess_activites
type_activite_smsse;50202;480;activite.code_type_activite_smsse;finess_activites
type_activite_smsse;71978;480;activite.code_type_activite_smsse;finess_activites
type_activite_smsse;72007;480;activite.code_type_activite_smsse;finess_activites
type_activite_smsse;40018;478;activite.code_type_activite_smsse;finess_activites
type_activite_smsse;40179;478;activite.code_type_activite_smsse;finess_activites
type_activite_smsse;50138;478;activite.code_type_activite_smsse;finess_activites
type_activite_smsse;20052;476;activite.code_type_activite_smsse;finess_activites
type_activite_smsse;40038;476;activite.code_type_activite_smsse;finess_activites
type_activite_smsse;40064;476;activite.code_type_activite_smsse;finess_activites
type_activite_smsse;50734;476;activite.code_type_activite_smsse;finess_activites
type_activite_smsse;70565;476;activite.code_type_activite_smsse;finess_activites
type_activite_smsse;50164;474;activite.code_type_activite_smsse;finess_activites
type_activite_smsse;70747;474;activite.code_type_activite_smsse;finess_activites
type_activite_smsse;70871;474;activite.code_type_activite_smsse;finess_activites
type_activite_smsse;20007;472;activite.code_type_activite_smsse;finess_activites
type_activite_smsse;50230;472;activite.code_type_activite_smsse;finess_activites
type_activite_smsse;40156;470;activite.code_type_activite_smsse;finess_activites
type_activite_smsse;81021;470;activite.code_type_activite_smsse;finess_activites
type_activite_smsse;20107;462;activite.code_type_activite_smsse;finess_activites
type_activite_smsse;70694;462;activite.code_type_activite_smsse;finess_activites
type_activite_smsse;71143;462;activite.code_type_activite_smsse;finess_activites
type_activite_smsse;50190;456;activite.code_type_activite_smsse;finess_activites
type_activite_smsse;50309;456;activite.code_type_activite_smsse;finess_activites
type_activite_smsse;80295;456;activite.code_type_activite_smsse;finess_activites
type_activite_smsse;40130;452;activite.code_type_activite_smsse;finess_activites
type_activite_smsse;80298;452;activite.code_type_activite_smsse;finess_activites
type_activite_smsse;50420;450;activite.code_type_activite_smsse;finess_activites
type_activite_smsse;81027;450;activite.code_type_activite_smsse;finess_activites
type_activite_smsse;40029;448;activite.code_type_activite_smsse;finess_activites
type_activite_smsse;20015;446;activite.code_type_activite_smsse;finess_activites
type_activite_smsse;50343;446;activite.code_type_activite_smsse;finess_activites
type_activite_smsse;50207;444;activite.code_type_activite_smsse;finess_activites
type_activite_smsse;80334;444;activite.code_type_activite_smsse;finess_activites
type_activite_smsse;80993;442;activite.code_type_activite_smsse;finess_activites
type_activite_smsse;40138;436;activite.code_type_activite_smsse;finess_activites
type_activite_smsse;70916;436;activite.code_type_activite_smsse;finess_activites
type_activite_smsse;50491;432;activite.code_type_activite_smsse;finess_activites
type_activite_smsse;72222;432;activite.code_type_activite_smsse;finess_activites
type_activite_smsse;80085;432;activite.code_type_activite_smsse;finess_activites
type_activite_smsse;30001;428;activite.code_type_activite_smsse;finess_activites
type_activite_smsse;30022;426;activite.code_type_activite_smsse;finess_activites
type_activite_smsse;50290;426;activite.code_type_activite_smsse;finess_activites
type_activite_smsse;81001;426;activite.code_type_activite_smsse;finess_activites
type_activite_smsse;80034;424;activite.code_type_activite_smsse;finess_activites
type_activite_smsse;50351;422;activite.code_type_activite_smsse;finess_activites
type_activite_smsse;50454;422;activite.code_type_activite_smsse;finess_activites
type_activite_smsse;50459;418;activite.code_type_activite_smsse;finess_activites
type_activite_smsse;20108;416;activite.code_type_activite_smsse;finess_activites
type_activite_smsse;50486;416;activite.code_type_activite_smsse;finess_activites
type_activite_smsse;70241;416;activite.code_type_activite_smsse;finess_activites
type_activite_smsse;50368;410;activite.code_type_activite_smsse;finess_activites
type_activite_smsse;50581;410;activite.code_type_activite_smsse;finess_activites
type_activite_smsse;70514;410;activite.code_type_activite_smsse;finess_activites
type_activite_smsse;80106;410;activite.code_type_activite_smsse;finess_activites
type_activite_smsse;40009;406;activite.code_type_activite_smsse;finess_activites
type_activite_smsse;50060;406;activite.code_type_activite_smsse;finess_activites
type_activite_smsse;30006;398;activite.code_type_activite_smsse;finess_activites
type_activite_smsse;40010;398;activite.code_type_activite_smsse;finess_activites
type_activite_smsse;40109;398;activite.code_type_activite_smsse;finess_activites
type_activite_smsse;50404;394;activite.code_type_activite_smsse;finess_activites
type_activite_smsse;50052;390;activite.code_type_activite_smsse;finess_activites
type_activite_smsse;80684;388;activite.code_type_activite_smsse;finess_activites
type_activite_smsse;70313;384;activite.code_type_activite_smsse;finess_activites
type_activite_smsse;70884;382;activite.code_type_activite_smsse;finess_activites
type_activite_smsse;80008;382;activite.code_type_activite_smsse;finess_activites
type_activite_smsse;50375;380;activite.code_type_activite_smsse;finess_activites
type_activite_smsse;50413;380;activite.code_type_activite_smsse;finess_activites
type_activite_smsse;71053;378;activite.code_type_activite_smsse;finess_activites
type_activite_smsse;80769;378;activite.code_type_activite_smsse;finess_activites
type_activite_smsse;50251;374;activite.code_type_activite_smsse;finess_activites
type_activite_smsse;72242;372;activite.code_type_activite_smsse;finess_activites
type_activite_smsse;72232;368;activite.code_type_activite_smsse;finess_activites
type_activite_smsse;40115;366;activite.code_type_activite_smsse;finess_activites
type_activite_smsse;50597;362;activite.code_type_activite_smsse;finess_activites
type_activite_smsse;80040;360;activite.code_type_activite_smsse;finess_activites
type_activite_smsse;50044;358;activite.code_type_activite_smsse;finess_activites
type_activite_smsse;40049;356;activite.code_type_activite_smsse;finess_activites
type_activite_smsse;50732;356;activite.code_type_activite_smsse;finess_activites
type_activite_smsse;71577;356;activite.code_type_activite_smsse;finess_activites
type_activite_smsse;40180;354;activite.code_type_activite_smsse;finess_activites
type_activite_smsse;70683;354;activite.code_type_activite_smsse;finess_activites
type_activite_smsse;72002;352;activite.code_type_activite_smsse;finess_activites
type_activite_smsse;72169;348;activite.code_type_activite_smsse;finess_activites
type_activite_smsse;80976;346;activite.code_type_activite_smsse;finess_activites
type_activite_smsse;20060;344;activite.code_type_activite_smsse;finess_activites
type_activite_smsse;30021;344;activite.code_type_activite_smsse;finess_activites
type_activite_smsse;70014;340;activite.code_type_activite_smsse;finess_activites
type_activite_smsse;70222;340;activite.code_type_activite_smsse;finess_activites
type_activite_smsse;70769;340;activite.code_type_activite_smsse;finess_activites
type_activite_smsse;72224;340;activite.code_type_activite_smsse;finess_activites
type_activite_smsse;50028;338;activite.code_type_activite_smsse;finess_activites
type_activite_smsse;50088;338;activite.code_type_activite_smsse;finess_activites
type_activite_smsse;71025;338;activite.code_type_activite_smsse;finess_activites
type_activite_smsse;71115;338;activite.code_type_activite_smsse;finess_activites
type_activite_smsse;71126;338;activite.code_type_activite_smsse;finess_activites
type_activite_smsse;40036;336;activite.code_type_activite_smsse;finess_activites
type_activite_smsse;40117;334;activite.code_type_activite_smsse;finess_activites
type_activite_smsse;40171;334;activite.code_type_activite_smsse;finess_activites
type_activite_smsse;50046;334;activite.code_type_activite_smsse;finess_activites
type_activite_smsse;50124;332;activite.code_type_activite_smsse;finess_activites
type_activite_smsse;40157;330;activite.code_type_activite_smsse;finess_activites
type_activite_smsse;70748;330;activite.code_type_activite_smsse;finess_activites
type_activite_smsse;50461;328;activite.code_type_activite_smsse;finess_activites
type_activite_smsse;30023;326;activite.code_type_activite_smsse;finess_activites
type_activite_smsse;70502;324;activite.code_type_activite_smsse;finess_activites
type_activite_smsse;80721;322;activite.code_type_activite_smsse;finess_activites
type_activite_smsse;70088;318;activite.code_type_activite_smsse;finess_activites
type_activite_smsse;60031;316;activite.code_type_activite_smsse;finess_activites
type_activite_smsse;70024;314;activite.code_type_activite_smsse;finess_activites
type_activite_smsse;70900;306;activite.code_type_activite_smsse;finess_activites
type_activite_smsse;71988;304;activite.code_type_activite_smsse;finess_activites
type_activite_smsse;80794;304;activite.code_type_activite_smsse;finess_activites
type_activite_smsse;40059;302;activite.code_type_activite_smsse;finess_activites
type_activite_smsse;50336;302;activite.code_type_activite_smsse;finess_activites
type_activite_smsse;50499;300;activite.code_type_activite_smsse;finess_activites
type_activite_smsse;70295;300;activite.code_type_activite_smsse;finess_activites
type_activite_smsse;72040;298;activite.code_type_activite_smsse;finess_activites
type_activite_smsse;81006;298;activite.code_type_activite_smsse;finess_activites
type_activite_smsse;50004;296;activite.code_type_activite_smsse;finess_activites
type_activite_smsse;50032;296;activite.code_type_activite_smsse;finess_activites
type_activite_smsse;70297;296;activite.code_type_activite_smsse;finess_activites
type_activite_smsse;71609;294;activite.code_type_activite_smsse;finess_activites
type_activite_smsse;50330;292;activite.code_type_activite_smsse;finess_activites
type_activite_smsse;60001;292;activite.code_type_activite_smsse;finess_activites
type_activite_smsse;20067;290;activite.code_type_activite_smsse;finess_activites
type_activite_smsse;40043;290;activite.code_type_activite_smsse;finess_activites
type_activite_smsse;40073;290;activite.code_type_activite_smsse;finess_activites
type_activite_smsse;40084;290;activite.code_type_activite_smsse;finess_activites
type_activite_smsse;71235;290;activite.code_type_activite_smsse;finess_activites
type_activite_smsse;71611;290;activite.code_type_activite_smsse;finess_activites
type_activite_smsse;60027;288;activite.code_type_activite_smsse;finess_activites
type_activite_smsse;71623;288;activite.code_type_activite_smsse;finess_activites
type_activite_smsse;40183;284;activite.code_type_activite_smsse;finess_activites
type_activite_smsse;71263;284;activite.code_type_activite_smsse;finess_activites
type_activite_smsse;40071;282;activite.code_type_activite_smsse;finess_activites
type_activite_smsse;71682;282;activite.code_type_activite_smsse;finess_activites
type_activite_smsse;70296;280;activite.code_type_activite_smsse;finess_activites
type_activite_smsse;71118;280;activite.code_type_activite_smsse;finess_activites
type_activite_smsse;20010;276;activite.code_type_activite_smsse;finess_activites
type_activite_smsse;71338;276;activite.code_type_activite_smsse;finess_activites
type_activite_smsse;71073;274;activite.code_type_activite_smsse;finess_activites
type_activite_smsse;71635;274;activite.code_type_activite_smsse;finess_activites
type_activite_smsse;20068;272;activite.code_type_activite_smsse;finess_activites
type_activite_smsse;20092;272;activite.code_type_activite_smsse;finess_activites
type_activite_smsse;50329;272;activite.code_type_activite_smsse;finess_activites
type_activite_smsse;50598;272;activite.code_type_activite_smsse;finess_activites
type_activite_smsse;40136;270;activite.code_type_activite_smsse;finess_activites
type_activite_smsse;72126;270;activite.code_type_activite_smsse;finess_activites
type_activite_smsse;80995;270;activite.code_type_activite_smsse;finess_activites
type_activite_smsse;30005;268;activite.code_type_activite_smsse;finess_activites
type_activite_smsse;40181;268;activite.code_type_activite_smsse;finess_activites
type_activite_smsse;50134;268;activite.code_type_activite_smsse;finess_activites
type_activite_smsse;71097;268;activite.code_type_activite_smsse;finess_activites
type_activite_smsse;80148;268;activite.code_type_activite_smsse;finess_activites
type_activite_smsse;81008;268;activite.code_type_activite_smsse;finess_activites
type_activite_smsse;60015;266;activite.code_type_activite_smsse;finess_activites
type_activite_smsse;70005;266;activite.code_type_activite_smsse;finess_activites
type_activite_smsse;70131;266;activite.code_type_activite_smsse;finess_activites
type_activite_smsse;40090;264;activite.code_type_activite_smsse;finess_activites
type_activite_smsse;50050;262;activite.code_type_activite_smsse;finess_activites
type_activite_smsse;50440;262;activite.code_type_activite_smsse;finess_activites
type_activite_smsse;72247;262;activite.code_type_activite_smsse;finess_activites
type_activite_smsse;50684;260;activite.code_type_activite_smsse;finess_activites
type_activite_smsse;50322;258;activite.code_type_activite_smsse;finess_activites
type_activite_smsse;70268;258;activite.code_type_activite_smsse;finess_activites
type_activite_smsse;71582;258;activite.code_type_activite_smsse;finess_activites
type_activite_smsse;71622;258;activite.code_type_activite_smsse;finess_activites
type_activite_smsse;40186;256;activite.code_type_activite_smsse;finess_activites
type_activite_smsse;50047;254;activite.code_type_activite_smsse;finess_activites
type_activite_smsse;50358;254;activite.code_type_activite_smsse;finess_activites
type_activite_smsse;60026;252;activite.code_type_activite_smsse;finess_activites
type_activite_smsse;71992;252;activite.code_type_activite_smsse;finess_activites
type_activite_smsse;20215;250;activite.code_type_activite_smsse;finess_activites
type_activite_smsse;70874;250;activite.code_type_activite_smsse;finess_activites
type_activite_smsse;50333;248;activite.code_type_activite_smsse;finess_activites
type_activite_smsse;50432;248;activite.code_type_activite_smsse;finess_activites
type_activite_smsse;71757;248;activite.code_type_activite_smsse;finess_activites
type_activite_smsse;40140;246;activite.code_type_activite_smsse;finess_activites
type_activite_smsse;40158;244;activite.code_type_activite_smsse;finess_activites
type_activite_smsse;50347;244;activite.code_type_activite_smsse;finess_activites
type_activite_smsse;50710;244;activite.code_type_activite_smsse;finess_activites
type_activite_smsse;71741;244;activite.code_type_activite_smsse;finess_activites
type_activite_smsse;81025;244;activite.code_type_activite_smsse;finess_activites
type_activite_smsse;40031;242;activite.code_type_activite_smsse;finess_activites
type_activite_smsse;50100;242;activite.code_type_activite_smsse;finess_activites
type_activite_smsse;70836;242;activite.code_type_activite_smsse;finess_activites
type_activite_smsse;80368;242;activite.code_type_activite_smsse;finess_activites
type_activite_smsse;50728;240;activite.code_type_activite_smsse;finess_activites
type_activite_smsse;70571;238;activite.code_type_activite_smsse;finess_activites
type_activite_smsse;80604;238;activite.code_type_activite_smsse;finess_activites
type_activite_smsse;20023;236;activite.code_type_activite_smsse;finess_activites
type_activite_smsse;40124;236;activite.code_type_activite_smsse;finess_activites
type_activite_smsse;70762;236;activite.code_type_activite_smsse;finess_activites
type_activite_smsse;40159;234;activite.code_type_activite_smsse;finess_activites
type_activite_smsse;50702;232;activite.code_type_activite_smsse;finess_activites
type_activite_smsse;60028;232;activite.code_type_activite_smsse;finess_activites
type_activite_smsse;70536;232;activite.code_type_activite_smsse;finess_activites
type_activite_smsse;71141;232;activite.code_type_activite_smsse;finess_activites
type_activite_smsse;70061;230;activite.code_type_activite_smsse;finess_activites
type_activite_smsse;71111;230;activite.code_type_activite_smsse;finess_activites
type_activite_smsse;72226;230;activite.code_type_activite_smsse;finess_activites
type_activite_smsse;50218;228;activite.code_type_activite_smsse;finess_activites
type_activite_smsse;50471;228;activite.code_type_activite_smsse;finess_activites
type_activite_smsse;72239;228;activite.code_type_activite_smsse;finess_activites
type_activite_smsse;50395;226;activite.code_type_activite_smsse;finess_activites
type_activite_smsse;70049;226;activite.code_type_activite_smsse;finess_activites
type_activite_smsse;70895;226;activite.code_type_activite_smsse;finess_activites
type_activite_smsse;71026;226;activite.code_type_activite_smsse;finess_activites
type_activite_smsse;80670;226;activite.code_type_activite_smsse;finess_activites
type_activite_smsse;40113;224;activite.code_type_activite_smsse;finess_activites
type_activite_smsse;50069;224;activite.code_type_activite_smsse;finess_activites
type_activite_smsse;70284;224;activite.code_type_activite_smsse;finess_activites
type_activite_smsse;71887;224;activite.code_type_activite_smsse;finess_activites
type_activite_smsse;40142;220;activite.code_type_activite_smsse;finess_activites
type_activite_smsse;50448;220;activite.code_type_activite_smsse;finess_activites
type_activite_smsse;80216;220;activite.code_type_activite_smsse;finess_activites
type_activite_smsse;81012;218;activite.code_type_activite_smsse;finess_activites
type_activite_smsse;80929;216;activite.code_type_activite_smsse;finess_activites
type_activite_smsse;70253;214;activite.code_type_activite_smsse;finess_activites
type_activite_smsse;71266;214;activite.code_type_activite_smsse;finess_activites
type_activite_smsse;80991;214;activite.code_type_activite_smsse;finess_activites
type_activite_smsse;60036;212;activite.code_type_activite_smsse;finess_activites
type_activite_smsse;71777;210;activite.code_type_activite_smsse;finess_activites
type_activite_smsse;80648;210;activite.code_type_activite_smsse;finess_activites
type_activite_smsse;80954;210;activite.code_type_activite_smsse;finess_activites
type_activite_smsse;70100;208;activite.code_type_activite_smsse;finess_activites
type_activite_smsse;71785;208;activite.code_type_activite_smsse;finess_activites
type_activite_smsse;50226;206;activite.code_type_activite_smsse;finess_activites
type_activite_smsse;50396;206;activite.code_type_activite_smsse;finess_activites
type_activite_smsse;50165;204;activite.code_type_activite_smsse;finess_activites
type_activite_smsse;80363;204;activite.code_type_activite_smsse;finess_activites
type_activite_smsse;20064;202;activite.code_type_activite_smsse;finess_activites
type_activite_smsse;50279;202;activite.code_type_activite_smsse;finess_activites
type_activite_smsse;50391;200;activite.code_type_activite_smsse;finess_activites
type_activite_smsse;50414;200;activite.code_type_activite_smsse;finess_activites
type_activite_smsse;71660;198;activite.code_type_activite_smsse;finess_activites
type_activite_smsse;72264;198;activite.code_type_activite_smsse;finess_activites
type_activite_smsse;80350;198;activite.code_type_activite_smsse;finess_activites
type_activite_smsse;80941;198;activite.code_type_activite_smsse;finess_activites
type_activite_smsse;40094;196;activite.code_type_activite_smsse;finess_activites
type_activite_smsse;80934;196;activite.code_type_activite_smsse;finess_activites
type_activite_smsse;50723;194;activite.code_type_activite_smsse;finess_activites
type_activite_smsse;60029;194;activite.code_type_activite_smsse;finess_activites
type_activite_smsse;20074;192;activite.code_type_activite_smsse;finess_activites
type_activite_smsse;50112;190;activite.code_type_activite_smsse;finess_activites
type_activite_smsse;50143;190;activite.code_type_activite_smsse;finess_activites
type_activite_smsse;80302;190;activite.code_type_activite_smsse;finess_activites
type_activite_smsse;80910;190;activite.code_type_activite_smsse;finess_activites
type_activite_smsse;50139;188;activite.code_type_activite_smsse;finess_activites
type_activite_smsse;80313;188;activite.code_type_activite_smsse;finess_activites
type_activite_smsse;20216;186;activite.code_type_activite_smsse;finess_activites
type_activite_smsse;20006;182;activite.code_type_activite_smsse;finess_activites
type_activite_smsse;40172;180;activite.code_type_activite_smsse;finess_activites
type_activite_smsse;40175;178;activite.code_type_activite_smsse;finess_activites
type_activite_smsse;71592;178;activite.code_type_activite_smsse;finess_activites
type_activite_smsse;80570;178;activite.code_type_activite_smsse;finess_activites
type_activite_smsse;40093;176;activite.code_type_activite_smsse;finess_activites
type_activite_smsse;50125;176;activite.code_type_activite_smsse;finess_activites
type_activite_smsse;50457;176;activite.code_type_activite_smsse;finess_activites
type_activite_smsse;80921;176;activite.code_type_activite_smsse;finess_activites
type_activite_smsse;80950;176;activite.code_type_activite_smsse;finess_activites
type_activite_smsse;40032;174;activite.code_type_activite_smsse;finess_activites
type_activite_smsse;50376;174;activite.code_type_activite_smsse;finess_activites
type_activite_smsse;50458;174;activite.code_type_activite_smsse;finess_activites
type_activite_smsse;70902;174;activite.code_type_activite_smsse;finess_activites
type_activite_smsse;72108;174;activite.code_type_activite_smsse;finess_activites
type_activite_smsse;20005;172;activite.code_type_activite_smsse;finess_activites
type_activite_smsse;71363;172;activite.code_type_activite_smsse;finess_activites
type_activite_smsse;70065;170;activite.code_type_activite_smsse;finess_activites
type_activite_smsse;72028;170;activite.code_type_activite_smsse;finess_activites
type_activite_smsse;80892;170;activite.code_type_activite_smsse;finess_activites
type_activite_smsse;40100;168;activite.code_type_activite_smsse;finess_activites
type_activite_smsse;50108;168;activite.code_type_activite_smsse;finess_activites
type_activite_smsse;50160;168;activite.code_type_activite_smsse;finess_activites
type_activite_smsse;50472;168;activite.code_type_activite_smsse;finess_activites
type_activite_smsse;71720;168;activite.code_type_activite_smsse;finess_activites
type_activite_smsse;71778;168;activite.code_type_activite_smsse;finess_activites
type_activite_smsse;72037;168;activite.code_type_activite_smsse;finess_activites
type_activite_smsse;50175;166;activite.code_type_activite_smsse;finess_activites
type_activite_smsse;50644;166;activite.code_type_activite_smsse;finess_activites
type_activite_smsse;70515;166;activite.code_type_activite_smsse;finess_activites
type_activite_smsse;72235;166;activite.code_type_activite_smsse;finess_activites
type_activite_smsse;50302;164;activite.code_type_activite_smsse;finess_activites
type_activite_smsse;50319;164;activite.code_type_activite_smsse;finess_activites
type_activite_smsse;60006;164;activite.code_type_activite_smsse;finess_activites
type_activite_smsse;60038;164;activite.code_type_activite_smsse;finess_activites
type_activite_smsse;70892;164;activite.code_type_activite_smsse;finess_activites
type_activite_smsse;71767;164;activite.code_type_activite_smsse;finess_activites
type_activite_smsse;50040;162;activite.code_type_activite_smsse;finess_activites
type_activite_smsse;50599;162;activite.code_type_activite_smsse;finess_activites
type_activite_smsse;71578;162;activite.code_type_activite_smsse;finess_activites
type_activite_smsse;72059;162;activite.code_type_activite_smsse;finess_activites
type_activite_smsse;81010;162;activite.code_type_activite_smsse;finess_activites
type_activite_smsse;40188;160;activite.code_type_activite_smsse;finess_activites
type_activite_smsse;50264;160;activite.code_type_activite_smsse;finess_activites
type_activite_smsse;60005;160;activite.code_type_activite_smsse;finess_activites
type_activite_smsse;70542;160;activite.code_type_activite_smsse;finess_activites
type_activite_smsse;70640;160;activite.code_type_activite_smsse;finess_activites
type_activite_smsse;70763;160;activite.code_type_activite_smsse;finess_activites
type_activite_smsse;71888;160;activite.code_type_activite_smsse;finess_activites
type_activite_smsse;50211;158;activite.code_type_activite_smsse;finess_activites
type_activite_smsse;50621;158;activite.code_type_activite_smsse;finess_activites
type_activite_smsse;50631;158;activite.code_type_activite_smsse;finess_activites
type_activite_smsse;50645;158;activite.code_type_activite_smsse;finess_activites
type_activite_smsse;71768;158;activite.code_type_activite_smsse;finess_activites
type_activite_smsse;72254;158;activite.code_type_activite_smsse;finess_activites
type_activite_smsse;40045;156;activite.code_type_activite_smsse;finess_activites
type_activite_smsse;50291;156;activite.code_type_activite_smsse;finess_activites
type_activite_smsse;70809;156;activite.code_type_activite_smsse;finess_activites
type_activite_smsse;40030;154;activite.code_type_activite_smsse;finess_activites
type_activite_smsse;50071;154;activite.code_type_activite_smsse;finess_activites
type_activite_smsse;50305;154;activite.code_type_activite_smsse;finess_activites
type_activite_smsse;50538;154;activite.code_type_activite_smsse;finess_activites
type_activite_smsse;70363;154;activite.code_type_activite_smsse;finess_activites
type_activite_smsse;71996;154;activite.code_type_activite_smsse;finess_activites
type_activite_smsse;72230;154;activite.code_type_activite_smsse;finess_activites
type_activite_smsse;80109;152;activite.code_type_activite_smsse;finess_activites
type_activite_smsse;80653;152;activite.code_type_activite_smsse;finess_activites
type_activite_smsse;50314;150;activite.code_type_activite_smsse;finess_activites
type_activite_smsse;50410;150;activite.code_type_activite_smsse;finess_activites
type_activite_smsse;60010;150;activite.code_type_activite_smsse;finess_activites
type_activite_smsse;71563;150;activite.code_type_activite_smsse;finess_activites
type_activite_smsse;80174;150;activite.code_type_activite_smsse;finess_activites
type_activite_smsse;30010;148;activite.code_type_activite_smsse;finess_activites
type_activite_smsse;40081;148;activite.code_type_activite_smsse;finess_activites
type_activite_smsse;50171;148;activite.code_type_activite_smsse;finess_activites
type_activite_smsse;70860;148;activite.code_type_activite_smsse;finess_activites
type_activite_smsse;72129;148;activite.code_type_activite_smsse;finess_activites
type_activite_smsse;80155;148;activite.code_type_activite_smsse;finess_activites
type_activite_smsse;50607;146;activite.code_type_activite_smsse;finess_activites
type_activite_smsse;50608;146;activite.code_type_activite_smsse;finess_activites
type_activite_smsse;71116;146;activite.code_type_activite_smsse;finess_activites
type_activite_smsse;20008;144;activite.code_type_activite_smsse;finess_activites
type_activite_smsse;50101;144;activite.code_type_activite_smsse;finess_activites
type_activite_smsse;50503;144;activite.code_type_activite_smsse;finess_activites
type_activite_smsse;70728;144;activite.code_type_activite_smsse;finess_activites
type_activite_smsse;70095;142;activite.code_type_activite_smsse;finess_activites
type_activite_smsse;30002;140;activite.code_type_activite_smsse;finess_activites
type_activite_smsse;80188;140;activite.code_type_activite_smsse;finess_activites
type_activite_smsse;40152;138;activite.code_type_activite_smsse;finess_activites
type_activite_smsse;50214;138;activite.code_type_activite_smsse;finess_activites
type_activite_smsse;70039;138;activite.code_type_activite_smsse;finess_activites
type_activite_smsse;70751;138;activite.code_type_activite_smsse;finess_activites
type_activite_smsse;71390;138;activite.code_type_activite_smsse;finess_activites
type_activite_smsse;72272;138;activite.code_type_activite_smsse;finess_activites
type_activite_smsse;80930;138;activite.code_type_activite_smsse;finess_activites
type_activite_smsse;20011;136;activite.code_type_activite_smsse;finess_activites
type_activite_smsse;50186;136;activite.code_type_activite_smsse;finess_activites
type_activite_smsse;50369;136;activite.code_type_activite_smsse;finess_activites
type_activite_smsse;50698;136;activite.code_type_activite_smsse;finess_activites
type_activite_smsse;70037;136;activite.code_type_activite_smsse;finess_activites
type_activite_smsse;71982;136;activite.code_type_activite_smsse;finess_activites
type_activite_smsse;80854;136;activite.code_type_activite_smsse;finess_activites
type_activite_smsse;40095;134;activite.code_type_activite_smsse;finess_activites
type_activite_smsse;40107;134;activite.code_type_activite_smsse;finess_activites
type_activite_smsse;40134;134;activite.code_type_activite_smsse;finess_activites
type_activite_smsse;70298;134;activite.code_type_activite_smsse;finess_activites
type_activite_smsse;70534;134;activite.code_type_activite_smsse;finess_activites
type_activite_smsse;71240;134;activite.code_type_activite_smsse;finess_activites
type_activite_smsse;71909;134;activite.code_type_activite_smsse;finess_activites
type_activite_smsse;40173;132;activite.code_type_activite_smsse;finess_activites
type_activite_smsse;50018;132;activite.code_type_activite_smsse;finess_activites
type_activite_smsse;50729;132;activite.code_type_activite_smsse;finess_activites
type_activite_smsse;50735;132;activite.code_type_activite_smsse;finess_activites
type_activite_smsse;70631;132;activite.code_type_activite_smsse;finess_activites
type_activite_smsse;70893;132;activite.code_type_activite_smsse;finess_activites
type_activite_smsse;70912;132;activite.code_type_activite_smsse;finess_activites
type_activite_smsse;71553;132;activite.code_type_activite_smsse;finess_activites
type_activite_smsse;71852;132;activite.code_type_activite_smsse;finess_activites
type_activite_smsse;72282;132;activite.code_type_activite_smsse;finess_activites
type_activite_smsse;80645;132;activite.code_type_activite_smsse;finess_activites
type_activite_smsse;50647;130;activite.code_type_activite_smsse;finess_activites
type_activite_smsse;60018;130;activite.code_type_activite_smsse;finess_activites
type_activite_smsse;70619;130;activite.code_type_activite_smsse;finess_activites
type_activite_smsse;70997;130;activite.code_type_activite_smsse;finess_activites
type_activite_smsse;71614;130;activite.code_type_activite_smsse;finess_activites
type_activite_smsse;80581;130;activite.code_type_activite_smsse;finess_activites
type_activite_smsse;80667;130;activite.code_type_activite_smsse;finess_activites
type_activite_smsse;80796;130;activite.code_type_activite_smsse;finess_activites
type_activite_smsse;40074;128;activite.code_type_activite_smsse;finess_activites
type_activite_smsse;40111;128;activite.code_type_activite_smsse;finess_activites
type_activite_smsse;40155;128;activite.code_type_activite_smsse;finess_activites
type_activite_smsse;50324;128;activite.code_type_activite_smsse;finess_activites
type_activite_smsse;50359;128;activite.code_type_activite_smsse;finess_activites
type_activite_smsse;50600;128;activite.code_type_activite_smsse;finess_activites
type_activite_smsse;70824;128;activite.code_type_activite_smsse;finess_activites
type_activite_smsse;50243;126;activite.code_type_activite_smsse;finess_activites
type_activite_smsse;50602;126;activite.code_type_activite_smsse;finess_activites
type_activite_smsse;71509;126;activite.code_type_activite_smsse;finess_activites
type_activite_smsse;80868;126;activite.code_type_activite_smsse;finess_activites
type_activite_smsse;20047;124;activite.code_type_activite_smsse;finess_activites
type_activite_smsse;50502;124;activite.code_type_activite_smsse;finess_activites
type_activite_smsse;50580;124;activite.code_type_activite_smsse;finess_activites
type_activite_smsse;60019;124;activite.code_type_activite_smsse;finess_activites
type_activite_smsse;70306;124;activite.code_type_activite_smsse;finess_activites
type_activite_smsse;70645;124;activite.code_type_activite_smsse;finess_activites
type_activite_smsse;71625;124;activite.code_type_activite_smsse;finess_activites
type_activite_smsse;72112;124;activite.code_type_activite_smsse;finess_activites
type_activite_smsse;50037;122;activite.code_type_activite_smsse;finess_activites
type_activite_smsse;50619;122;activite.code_type_activite_smsse;finess_activites
type_activite_smsse;70894;122;activite.code_type_activite_smsse;finess_activites
type_activite_smsse;70998;122;activite.code_type_activite_smsse;finess_activites
type_activite_smsse;72045;122;activite.code_type_activite_smsse;finess_activites
type_activite_smsse;80382;122;activite.code_type_activite_smsse;finess_activites
type_activite_smsse;80525;122;activite.code_type_activite_smsse;finess_activites
type_activite_smsse;20050;120;activite.code_type_activite_smsse;finess_activites
type_activite_smsse;50113;120;activite.code_type_activite_smsse;finess_activites
type_activite_smsse;50119;120;activite.code_type_activite_smsse;finess_activites
type_activite_smsse;50157;120;activite.code_type_activite_smsse;finess_activites
type_activite_smsse;50231;120;activite.code_type_activite_smsse;finess_activites
type_activite_smsse;50517;120;activite.code_type_activite_smsse;finess_activites
type_activite_smsse;50536;120;activite.code_type_activite_smsse;finess_activites
type_activite_smsse;71087;120;activite.code_type_activite_smsse;finess_activites
type_activite_smsse;71814;120;activite.code_type_activite_smsse;finess_activites
type_activite_smsse;80961;120;activite.code_type_activite_smsse;finess_activites
type_activite_smsse;50493;118;activite.code_type_activite_smsse;finess_activites
type_activite_smsse;50617;118;activite.code_type_activite_smsse;finess_activites
type_activite_smsse;60014;118;activite.code_type_activite_smsse;finess_activites
type_activite_smsse;70056;118;activite.code_type_activite_smsse;finess_activites
type_activite_smsse;70287;118;activite.code_type_activite_smsse;finess_activites
type_activite_smsse;70676;118;activite.code_type_activite_smsse;finess_activites
type_activite_smsse;80059;118;activite.code_type_activite_smsse;finess_activites
type_activite_smsse;80132;118;activite.code_type_activite_smsse;finess_activites
type_activite_smsse;80272;118;activite.code_type_activite_smsse;finess_activites
type_activite_smsse;81020;118;activite.code_type_activite_smsse;finess_activites
type_activite_smsse;50120;116;activite.code_type_activite_smsse;finess_activites
type_activite_smsse;70364;116;activite.code_type_activite_smsse;finess_activites
type_activite_smsse;71980;116;activite.code_type_activite_smsse;finess_activites
type_activite_smsse;80444;116;activite.code_type_activite_smsse;finess_activites
type_activite_smsse;20070;114;activite.code_type_activite_smsse;finess_activites
type_activite_smsse;20106;114;activite.code_type_activite_smsse;finess_activites
type_activite_smsse;40174;114;activite.code_type_activite_smsse;finess_activites
type_activite_smsse;60030;114;activite.code_type_activite_smsse;finess_activites
type_activite_smsse;60035;114;activite.code_type_activite_smsse;finess_activites
type_activite_smsse;70020;114;activite.code_type_activite_smsse;finess_activites
type_activite_smsse;70305;114;activite.code_type_activite_smsse;finess_activites
type_activite_smsse;70745;114;activite.code_type_activite_smsse;finess_activites
type_activite_smsse;71122;114;activite.code_type_activite_smsse;finess_activites
type_activite_smsse;72032;114;activite.code_type_activite_smsse;finess_activites
type_activite_smsse;80967;114;activite.code_type_activite_smsse;finess_activites
type_activite_smsse;81007;114;activite.code_type_activite_smsse;finess_activites
type_activite_smsse;20073;112;activite.code_type_activite_smsse;finess_activites
type_activite_smsse;40096;112;activite.code_type_activite_smsse;finess_activites
type_activite_smsse;40099;112;activite.code_type_activite_smsse;finess_activites
type_activite_smsse;40105;112;activite.code_type_activite_smsse;finess_activites
type_activite_smsse;40108;112;activite.code_type_activite_smsse;finess_activites
type_activite_smsse;50055;112;activite.code_type_activite_smsse;finess_activites
type_activite_smsse;50352;112;activite.code_type_activite_smsse;finess_activites
type_activite_smsse;70013;112;activite.code_type_activite_smsse;finess_activites
type_activite_smsse;70256;112;activite.code_type_activite_smsse;finess_activites
type_activite_smsse;40044;110;activite.code_type_activite_smsse;finess_activites
type_activite_smsse;50131;110;activite.code_type_activite_smsse;finess_activites
type_activite_smsse;50706;110;activite.code_type_activite_smsse;finess_activites
type_activite_smsse;71237;110;activite.code_type_activite_smsse;finess_activites
type_activite_smsse;80923;110;activite.code_type_activite_smsse;finess_activites
type_activite_smsse;80955;110;activite.code_type_activite_smsse;finess_activites
type_activite_smsse;30015;108;activite.code_type_activite_smsse;finess_activites
type_activite_smsse;50025;108;activite.code_type_activite_smsse;finess_activites
type_activite_smsse;60048;108;activite.code_type_activite_smsse;finess_activites
type_activite_smsse;70286;108;activite.code_type_activite_smsse;finess_activites
type_activite_smsse;70870;108;activite.code_type_activite_smsse;finess_activites
type_activite_smsse;71550;108;activite.code_type_activite_smsse;finess_activites
type_activite_smsse;80650;108;activite.code_type_activite_smsse;finess_activites
type_activite_smsse;20083;106;activite.code_type_activite_smsse;finess_activites
type_activite_smsse;40185;106;activite.code_type_activite_smsse;finess_activites
type_activite_smsse;70660;106;activite.code_type_activite_smsse;finess_activites
type_activite_smsse;70753;106;activite.code_type_activite_smsse;finess_activites
type_activite_smsse;71911;106;activite.code_type_activite_smsse;finess_activites
type_activite_smsse;80709;106;activite.code_type_activite_smsse;finess_activites
type_activite_smsse;20081;104;activite.code_type_activite_smsse;finess_activites
type_activite_smsse;50671;104;activite.code_type_activite_smsse;finess_activites
type_activite_smsse;70527;104;activite.code_type_activite_smsse;finess_activites
type_activite_smsse;71090;104;activite.code_type_activite_smsse;finess_activites
type_activite_smsse;71646;104;activite.code_type_activite_smsse;finess_activites
type_activite_smsse;80361;104;activite.code_type_activite_smsse;finess_activites
type_activite_smsse;50076;102;activite.code_type_activite_smsse;finess_activites
type_activite_smsse;50441;102;activite.code_type_activite_smsse;finess_activites
type_activite_smsse;50606;102;activite.code_type_activite_smsse;finess_activites
type_activite_smsse;70033;102;activite.code_type_activite_smsse;finess_activites
type_activite_smsse;70240;102;activite.code_type_activite_smsse;finess_activites
type_activite_smsse;70677;102;activite.code_type_activite_smsse;finess_activites
type_activite_smsse;70729;102;activite.code_type_activite_smsse;finess_activites
type_activite_smsse;70879;102;activite.code_type_activite_smsse;finess_activites
type_activite_smsse;80884;102;activite.code_type_activite_smsse;finess_activites
type_activite_smsse;80942;102;activite.code_type_activite_smsse;finess_activites
type_activite_smsse;80949;102;activite.code_type_activite_smsse;finess_activites
type_activite_smsse;50015;100;activite.code_type_activite_smsse;finess_activites
type_activite_smsse;50241;100;activite.code_type_activite_smsse;finess_activites
type_activite_smsse;60022;100;activite.code_type_activite_smsse;finess_activites
type_activite_smsse;70735;100;activite.code_type_activite_smsse;finess_activites
type_activite_smsse;70935;100;activite.code_type_activite_smsse;finess_activites
type_activite_smsse;72274;100;activite.code_type_activite_smsse;finess_activites
type_activite_smsse;80159;100;activite.code_type_activite_smsse;finess_activites
type_activite_smsse;80658;100;activite.code_type_activite_smsse;finess_activites
type_activite_smsse;80760;100;activite.code_type_activite_smsse;finess_activites
type_activite_smsse;80849;100;activite.code_type_activite_smsse;finess_activites
type_activite_smsse;50543;98;activite.code_type_activite_smsse;finess_activites
type_activite_smsse;50730;98;activite.code_type_activite_smsse;finess_activites
type_activite_smsse;71799;98;activite.code_type_activite_smsse;finess_activites
type_activite_smsse;80385;98;activite.code_type_activite_smsse;finess_activites
type_activite_smsse;80464;98;activite.code_type_activite_smsse;finess_activites
type_activite_smsse;81014;98;activite.code_type_activite_smsse;finess_activites
type_activite_smsse;50093;96;activite.code_type_activite_smsse;finess_activites
type_activite_smsse;50109;96;activite.code_type_activite_smsse;finess_activites
type_activite_smsse;50587;96;activite.code_type_activite_smsse;finess_activites
type_activite_smsse;50711;96;activite.code_type_activite_smsse;finess_activites
type_activite_smsse;70843;96;activite.code_type_activite_smsse;finess_activites
type_activite_smsse;71139;96;activite.code_type_activite_smsse;finess_activites
type_activite_smsse;71374;96;activite.code_type_activite_smsse;finess_activites
type_activite_smsse;80299;96;activite.code_type_activite_smsse;finess_activites
type_activite_smsse;40106;94;activite.code_type_activite_smsse;finess_activites
type_activite_smsse;50180;94;activite.code_type_activite_smsse;finess_activites
type_activite_smsse;50436;94;activite.code_type_activite_smsse;finess_activites
type_activite_smsse;70569;94;activite.code_type_activite_smsse;finess_activites
type_activite_smsse;70605;94;activite.code_type_activite_smsse;finess_activites
type_activite_smsse;71205;94;activite.code_type_activite_smsse;finess_activites
type_activite_smsse;71853;94;activite.code_type_activite_smsse;finess_activites
type_activite_smsse;72246;94;activite.code_type_activite_smsse;finess_activites
type_activite_smsse;72405;94;activite.code_type_activite_smsse;finess_activites
type_activite_smsse;80219;94;activite.code_type_activite_smsse;finess_activites
type_activite_smsse;80389;94;activite.code_type_activite_smsse;finess_activites
type_activite_smsse;80674;94;activite.code_type_activite_smsse;finess_activites
type_activite_smsse;81026;94;activite.code_type_activite_smsse;finess_activites
type_activite_smsse;20014;92;activite.code_type_activite_smsse;finess_activites
type_activite_smsse;40087;92;activite.code_type_activite_smsse;finess_activites
type_activite_smsse;60037;92;activite.code_type_activite_smsse;finess_activites
type_activite_smsse;71131;92;activite.code_type_activite_smsse;finess_activites
type_activite_smsse;71758;92;activite.code_type_activite_smsse;finess_activites
type_activite_smsse;72056;92;activite.code_type_activite_smsse;finess_activites
type_activite_smsse;72195;92;activite.code_type_activite_smsse;finess_activites
type_activite_smsse;81004;92;activite.code_type_activite_smsse;finess_activites
type_activite_smsse;20096;90;activite.code_type_activite_smsse;finess_activites
type_activite_smsse;50282;90;activite.code_type_activite_smsse;finess_activites
type_activite_smsse;50292;90;activite.code_type_activite_smsse;finess_activites
type_activite_smsse;70035;90;activite.code_type_activite_smsse;finess_activites
type_activite_smsse;70275;90;activite.code_type_activite_smsse;finess_activites
type_activite_smsse;70673;90;activite.code_type_activite_smsse;finess_activites
type_activite_smsse;71348;90;activite.code_type_activite_smsse;finess_activites
type_activite_smsse;71476;90;activite.code_type_activite_smsse;finess_activites
type_activite_smsse;71498;90;activite.code_type_activite_smsse;finess_activites
type_activite_smsse;71706;90;activite.code_type_activite_smsse;finess_activites
type_activite_smsse;72133;90;activite.code_type_activite_smsse;finess_activites
type_activite_smsse;72257;90;activite.code_type_activite_smsse;finess_activites
type_activite_smsse;72276;90;activite.code_type_activite_smsse;finess_activites
type_activite_smsse;80017;90;activite.code_type_activite_smsse;finess_activites
type_activite_smsse;80194;90;activite.code_type_activite_smsse;finess_activites
type_activite_smsse;80274;90;activite.code_type_activite_smsse;finess_activites
type_activite_smsse;80633;90;activite.code_type_activite_smsse;finess_activites
type_activite_smsse;80770;90;activite.code_type_activite_smsse;finess_activites
type_activite_smsse;20072;88;activite.code_type_activite_smsse;finess_activites
type_activite_smsse;50423;88;activite.code_type_activite_smsse;finess_activites
type_activite_smsse;70350;88;activite.code_type_activite_smsse;finess_activites
type_activite_smsse;70680;88;activite.code_type_activite_smsse;finess_activites
type_activite_smsse;71264;88;activite.code_type_activite_smsse;finess_activites
type_activite_smsse;71971;88;activite.code_type_activite_smsse;finess_activites
type_activite_smsse;72416;88;activite.code_type_activite_smsse;finess_activites
type_activite_smsse;80122;88;activite.code_type_activite_smsse;finess_activites
type_activite_smsse;80977;88;activite.code_type_activite_smsse;finess_activites
type_activite_smsse;81013;88;activite.code_type_activite_smsse;finess_activites
type_activite_smsse;40046;86;activite.code_type_activite_smsse;finess_activites
type_activite_smsse;50009;86;activite.code_type_activite_smsse;finess_activites
type_activite_smsse;60050;86;activite.code_type_activite_smsse;finess_activites
type_activite_smsse;70029;86;activite.code_type_activite_smsse;finess_activites
type_activite_smsse;70325;86;activite.code_type_activite_smsse;finess_activites
type_activite_smsse;70649;86;activite.code_type_activite_smsse;finess_activites
type_activite_smsse;70831;86;activite.code_type_activite_smsse;finess_activites
type_activite_smsse;71121;86;activite.code_type_activite_smsse;finess_activites
type_activite_smsse;71535;86;activite.code_type_activite_smsse;finess_activites
type_activite_smsse;71680;86;activite.code_type_activite_smsse;finess_activites
type_activite_smsse;72022;86;activite.code_type_activite_smsse;finess_activites
type_activite_smsse;72159;86;activite.code_type_activite_smsse;finess_activites
type_activite_smsse;80543;86;activite.code_type_activite_smsse;finess_activites
type_activite_smsse;40098;84;activite.code_type_activite_smsse;finess_activites
type_activite_smsse;40187;84;activite.code_type_activite_smsse;finess_activites
type_activite_smsse;50017;84;activite.code_type_activite_smsse;finess_activites
type_activite_smsse;50077;84;activite.code_type_activite_smsse;finess_activites
type_activite_smsse;50510;84;activite.code_type_activite_smsse;finess_activites
type_activite_smsse;70134;84;activite.code_type_activite_smsse;finess_activites
type_activite_smsse;70983;84;activite.code_type_activite_smsse;finess_activites
type_activite_smsse;71889;84;activite.code_type_activite_smsse;finess_activites
type_activite_smsse;72003;84;activite.code_type_activite_smsse;finess_activites
type_activite_smsse;80315;84;activite.code_type_activite_smsse;finess_activites
type_activite_smsse;80496;84;activite.code_type_activite_smsse;finess_activites
type_activite_smsse;81029;84;activite.code_type_activite_smsse;finess_activites
type_activite_smsse;20035;82;activite.code_type_activite_smsse;finess_activites
type_activite_smsse;50049;82;activite.code_type_activite_smsse;finess_activites
type_activite_smsse;50064;82;activite.code_type_activite_smsse;finess_activites
type_activite_smsse;50406;82;activite.code_type_activite_smsse;finess_activites
type_activite_smsse;70126;82;activite.code_type_activite_smsse;finess_activites
type_activite_smsse;70930;82;activite.code_type_activite_smsse;finess_activites
type_activite_smsse;70936;82;activite.code_type_activite_smsse;finess_activites
type_activite_smsse;70986;82;activite.code_type_activite_smsse;finess_activites
type_activite_smsse;71650;82;activite.code_type_activite_smsse;finess_activites
type_activite_smsse;72012;82;activite.code_type_activite_smsse;finess_activites
type_activite_smsse;80115;82;activite.code_type_activite_smsse;finess_activites
type_activite_smsse;20055;80;activite.code_type_activite_smsse;finess_activites
type_activite_smsse;50144;80;activite.code_type_activite_smsse;finess_activites
type_activite_smsse;50236;80;activite.code_type_activite_smsse;finess_activites
type_activite_smsse;50245;80;activite.code_type_activite_smsse;finess_activites
type_activite_smsse;50693;80;activite.code_type_activite_smsse;finess_activites
type_activite_smsse;70118;80;activite.code_type_activite_smsse;finess_activites
type_activite_smsse;70300;80;activite.code_type_activite_smsse;finess_activites
type_activite_smsse;70910;80;activite.code_type_activite_smsse;finess_activites
type_activite_smsse;70991;80;activite.code_type_activite_smsse;finess_activites
type_activite_smsse;71366;80;activite.code_type_activite_smsse;finess_activites
type_activite_smsse;71742;80;activite.code_type_activite_smsse;finess_activites
type_activite_smsse;71815;80;activite.code_type_activite_smsse;finess_activites
type_activite_smsse;71900;80;activite.code_type_activite_smsse;finess_activites
type_activite_smsse;40033;78;activite.code_type_activite_smsse;finess_activites
type_activite_smsse;40056;78;activite.code_type_activite_smsse;finess_activites
type_activite_smsse;40070;78;activite.code_type_activite_smsse;finess_activites
type_activite_smsse;50019;78;activite.code_type_activite_smsse;finess_activites
type_activite_smsse;50298;78;activite.code_type_activite_smsse;finess_activites
type_activite_smsse;50427;78;activite.code_type_activite_smsse;finess_activites
type_activite_smsse;50504;78;activite.code_type_activite_smsse;finess_activites
type_activite_smsse;50561;78;activite.code_type_activite_smsse;finess_activites
type_activite_smsse;50680;78;activite.code_type_activite_smsse;finess_activites
type_activite_smsse;50686;78;activite.code_type_activite_smsse;finess_activites
type_activite_smsse;70344;78;activite.code_type_activite_smsse;finess_activites
type_activite_smsse;70543;78;activite.code_type_activite_smsse;finess_activites
type_activite_smsse;70629;78;activite.code_type_activite_smsse;finess_activites
type_activite_smsse;71196;78;activite.code_type_activite_smsse;finess_activites
type_activite_smsse;71273;78;activite.code_type_activite_smsse;finess_activites
type_activite_smsse;71745;78;activite.code_type_activite_smsse;finess_activites
type_activite_smsse;80215;78;activite.code_type_activite_smsse;finess_activites
type_activite_smsse;80261;78;activite.code_type_activite_smsse;finess_activites
type_activite_smsse;80822;78;activite.code_type_activite_smsse;finess_activites
type_activite_smsse;80883;78;activite.code_type_activite_smsse;finess_activites
type_activite_smsse;80922;78;activite.code_type_activite_smsse;finess_activites
type_activite_smsse;40083;76;activite.code_type_activite_smsse;finess_activites
type_activite_smsse;40144;76;activite.code_type_activite_smsse;finess_activites
type_activite_smsse;40154;76;activite.code_type_activite_smsse;finess_activites
type_activite_smsse;50057;76;activite.code_type_activite_smsse;finess_activites
type_activite_smsse;50418;76;activite.code_type_activite_smsse;finess_activites
type_activite_smsse;60016;76;activite.code_type_activite_smsse;finess_activites
type_activite_smsse;60045;76;activite.code_type_activite_smsse;finess_activites
type_activite_smsse;70531;76;activite.code_type_activite_smsse;finess_activites
type_activite_smsse;70621;76;activite.code_type_activite_smsse;finess_activites
type_activite_smsse;71088;76;activite.code_type_activite_smsse;finess_activites
type_activite_smsse;72082;76;activite.code_type_activite_smsse;finess_activites
type_activite_smsse;72120;76;activite.code_type_activite_smsse;finess_activites
type_activite_smsse;72497;76;activite.code_type_activite_smsse;finess_activites
type_activite_smsse;80383;76;activite.code_type_activite_smsse;finess_activites
type_activite_smsse;80943;76;activite.code_type_activite_smsse;finess_activites
type_activite_smsse;50029;74;activite.code_type_activite_smsse;finess_activites
type_activite_smsse;50135;74;activite.code_type_activite_smsse;finess_activites
type_activite_smsse;50203;74;activite.code_type_activite_smsse;finess_activites
type_activite_smsse;50265;74;activite.code_type_activite_smsse;finess_activites
type_activite_smsse;50558;74;activite.code_type_activite_smsse;finess_activites
type_activite_smsse;50713;74;activite.code_type_activite_smsse;finess_activites
type_activite_smsse;70382;74;activite.code_type_activite_smsse;finess_activites
type_activite_smsse;70500;74;activite.code_type_activite_smsse;finess_activites
type_activite_smsse;70750;74;activite.code_type_activite_smsse;finess_activites
type_activite_smsse;70772;74;activite.code_type_activite_smsse;finess_activites
type_activite_smsse;70908;74;activite.code_type_activite_smsse;finess_activites
type_activite_smsse;71787;74;activite.code_type_activite_smsse;finess_activites
type_activite_smsse;71790;74;activite.code_type_activite_smsse;finess_activites
type_activite_smsse;71952;74;activite.code_type_activite_smsse;finess_activites
type_activite_smsse;72147;74;activite.code_type_activite_smsse;finess_activites
type_activite_smsse;80111;74;activite.code_type_activite_smsse;finess_activites
type_activite_smsse;80419;74;activite.code_type_activite_smsse;finess_activites
type_activite_smsse;80495;74;activite.code_type_activite_smsse;finess_activites
type_activite_smsse;80586;74;activite.code_type_activite_smsse;finess_activites
type_activite_smsse;80654;74;activite.code_type_activite_smsse;finess_activites
type_activite_smsse;80785;74;activite.code_type_activite_smsse;finess_activites
type_activite_smsse;80842;74;activite.code_type_activite_smsse;finess_activites
type_activite_smsse;80936;74;activite.code_type_activite_smsse;finess_activites
type_activite_smsse;20046;72;activite.code_type_activite_smsse;finess_activites
type_activite_smsse;20084;72;activite.code_type_activite_smsse;finess_activites
type_activite_smsse;30011;72;activite.code_type_activite_smsse;finess_activites
type_activite_smsse;30012;72;activite.code_type_activite_smsse;finess_activites
type_activite_smsse;30014;72;activite.code_type_activite_smsse;finess_activites
type_activite_smsse;40067;72;activite.code_type_activite_smsse;finess_activites
type_activite_smsse;50011;72;activite.code_type_activite_smsse;finess_activites
type_activite_smsse;50564;72;activite.code_type_activite_smsse;finess_activites
type_activite_smsse;70690;72;activite.code_type_activite_smsse;finess_activites
type_activite_smsse;71215;72;activite.code_type_activite_smsse;finess_activites
type_activite_smsse;71340;72;activite.code_type_activite_smsse;finess_activites
type_activite_smsse;72196;72;activite.code_type_activite_smsse;finess_activites
type_activite_smsse;80327;72;activite.code_type_activite_smsse;finess_activites
type_activite_smsse;80352;72;activite.code_type_activite_smsse;finess_activites
type_activite_smsse;80963;72;activite.code_type_activite_smsse;finess_activites
type_activite_smsse;80994;72;activite.code_type_activite_smsse;finess_activites
type_activite_smsse;70331;70;activite.code_type_activite_smsse;finess_activites
type_activite_smsse;70519;70;activite.code_type_activite_smsse;finess_activites
type_activite_smsse;70758;70;activite.code_type_activite_smsse;finess_activites
type_activite_smsse;70891;70;activite.code_type_activite_smsse;finess_activites
type_activite_smsse;71557;70;activite.code_type_activite_smsse;finess_activites
type_activite_smsse;71884;70;activite.code_type_activite_smsse;finess_activites
type_activite_smsse;72018;70;activite.code_type_activite_smsse;finess_activites
type_activite_smsse;72267;70;activite.code_type_activite_smsse;finess_activites
type_activite_smsse;80130;70;activite.code_type_activite_smsse;finess_activites
type_activite_smsse;80400;70;activite.code_type_activite_smsse;finess_activites
type_activite_smsse;80687;70;activite.code_type_activite_smsse;finess_activites
type_activite_smsse;30019;68;activite.code_type_activite_smsse;finess_activites
type_activite_smsse;50067;68;activite.code_type_activite_smsse;finess_activites
type_activite_smsse;50340;68;activite.code_type_activite_smsse;finess_activites
type_activite_smsse;70516;68;activite.code_type_activite_smsse;finess_activites
type_activite_smsse;71021;68;activite.code_type_activite_smsse;finess_activites
type_activite_smsse;71109;68;activite.code_type_activite_smsse;finess_activites
type_activite_smsse;71370;68;activite.code_type_activite_smsse;finess_activites
type_activite_smsse;71804;68;activite.code_type_activite_smsse;finess_activites
type_activite_smsse;72179;68;activite.code_type_activite_smsse;finess_activites
type_activite_smsse;72180;68;activite.code_type_activite_smsse;finess_activites
type_activite_smsse;72233;68;activite.code_type_activite_smsse;finess_activites
type_activite_smsse;72248;68;activite.code_type_activite_smsse;finess_activites
type_activite_smsse;80353;68;activite.code_type_activite_smsse;finess_activites
type_activite_smsse;80488;68;activite.code_type_activite_smsse;finess_activites
type_activite_smsse;80608;68;activite.code_type_activite_smsse;finess_activites
type_activite_smsse;20037;66;activite.code_type_activite_smsse;finess_activites
type_activite_smsse;20218;66;activite.code_type_activite_smsse;finess_activites
type_activite_smsse;30013;66;activite.code_type_activite_smsse;finess_activites
type_activite_smsse;40153;66;activite.code_type_activite_smsse;finess_activites
type_activite_smsse;50002;66;activite.code_type_activite_smsse;finess_activites
type_activite_smsse;50023;66;activite.code_type_activite_smsse;finess_activites
type_activite_smsse;50195;66;activite.code_type_activite_smsse;finess_activites
type_activite_smsse;50518;66;activite.code_type_activite_smsse;finess_activites
type_activite_smsse;50609;66;activite.code_type_activite_smsse;finess_activites
type_activite_smsse;50712;66;activite.code_type_activite_smsse;finess_activites
type_activite_smsse;60021;66;activite.code_type_activite_smsse;finess_activites
type_activite_smsse;70098;66;activite.code_type_activite_smsse;finess_activites
type_activite_smsse;70105;66;activite.code_type_activite_smsse;finess_activites
type_activite_smsse;70499;66;activite.code_type_activite_smsse;finess_activites
type_activite_smsse;70663;66;activite.code_type_activite_smsse;finess_activites
type_activite_smsse;70752;66;activite.code_type_activite_smsse;finess_activites
type_activite_smsse;70878;66;activite.code_type_activite_smsse;finess_activites
type_activite_smsse;71028;66;activite.code_type_activite_smsse;finess_activites
type_activite_smsse;71107;66;activite.code_type_activite_smsse;finess_activites
type_activite_smsse;71137;66;activite.code_type_activite_smsse;finess_activites
type_activite_smsse;72151;66;activite.code_type_activite_smsse;finess_activites
type_activite_smsse;72285;66;activite.code_type_activite_smsse;finess_activites
type_activite_smsse;80087;66;activite.code_type_activite_smsse;finess_activites
type_activite_smsse;80316;66;activite.code_type_activite_smsse;finess_activites
type_activite_smsse;80692;66;activite.code_type_activite_smsse;finess_activites
type_activite_smsse;20039;64;activite.code_type_activite_smsse;finess_activites
type_activite_smsse;20086;64;activite.code_type_activite_smsse;finess_activites
type_activite_smsse;50222;64;activite.code_type_activite_smsse;finess_activites
type_activite_smsse;50273;64;activite.code_type_activite_smsse;finess_activites
type_activite_smsse;50444;64;activite.code_type_activite_smsse;finess_activites
type_activite_smsse;50738;64;activite.code_type_activite_smsse;finess_activites
type_activite_smsse;70333;64;activite.code_type_activite_smsse;finess_activites
type_activite_smsse;70497;64;activite.code_type_activite_smsse;finess_activites
type_activite_smsse;70656;64;activite.code_type_activite_smsse;finess_activites
type_activite_smsse;70825;64;activite.code_type_activite_smsse;finess_activites
type_activite_smsse;72049;64;activite.code_type_activite_smsse;finess_activites
type_activite_smsse;72216;64;activite.code_type_activite_smsse;finess_activites
type_activite_smsse;72259;64;activite.code_type_activite_smsse;finess_activites
type_activite_smsse;72297;64;activite.code_type_activite_smsse;finess_activites
type_activite_smsse;80009;64;activite.code_type_activite_smsse;finess_activites
type_activite_smsse;20003;62;activite.code_type_activite_smsse;finess_activites
type_activite_smsse;20082;62;activite.code_type_activite_smsse;finess_activites
type_activite_smsse;50249;62;activite.code_type_activite_smsse;finess_activites
type_activite_smsse;50269;62;activite.code_type_activite_smsse;finess_activites
type_activite_smsse;50403;62;activite.code_type_activite_smsse;finess_activites
type_activite_smsse;50477;62;activite.code_type_activite_smsse;finess_activites
type_activite_smsse;70271;62;activite.code_type_activite_smsse;finess_activites
type_activite_smsse;71357;62;activite.code_type_activite_smsse;finess_activites
type_activite_smsse;71522;62;activite.code_type_activite_smsse;finess_activites
type_activite_smsse;71893;62;activite.code_type_activite_smsse;finess_activites
type_activite_smsse;72171;62;activite.code_type_activite_smsse;finess_activites
type_activite_smsse;80688;62;activite.code_type_activite_smsse;finess_activites
type_activite_smsse;80834;62;activite.code_type_activite_smsse;finess_activites
type_activite_smsse;80906;62;activite.code_type_activite_smsse;finess_activites
type_activite_smsse;40082;60;activite.code_type_activite_smsse;finess_activites
type_activite_smsse;50038;60;activite.code_type_activite_smsse;finess_activites
type_activite_smsse;50259;60;activite.code_type_activite_smsse;finess_activites
type_activite_smsse;50283;60;activite.code_type_activite_smsse;finess_activites
type_activite_smsse;50397;60;activite.code_type_activite_smsse;finess_activites
type_activite_smsse;50474;60;activite.code_type_activite_smsse;finess_activites
type_activite_smsse;50646;60;activite.code_type_activite_smsse;finess_activites
type_activite_smsse;70017;60;activite.code_type_activite_smsse;finess_activites
type_activite_smsse;70691;60;activite.code_type_activite_smsse;finess_activites
type_activite_smsse;71001;60;activite.code_type_activite_smsse;finess_activites
type_activite_smsse;71391;60;activite.code_type_activite_smsse;finess_activites
type_activite_smsse;71469;60;activite.code_type_activite_smsse;finess_activites
type_activite_smsse;71619;60;activite.code_type_activite_smsse;finess_activites
type_activite_smsse;72052;60;activite.code_type_activite_smsse;finess_activites
type_activite_smsse;72354;60;activite.code_type_activite_smsse;finess_activites
type_activite_smsse;80123;60;activite.code_type_activite_smsse;finess_activites
type_activite_smsse;80381;60;activite.code_type_activite_smsse;finess_activites
type_activite_smsse;80806;60;activite.code_type_activite_smsse;finess_activites
type_activite_smsse;80920;60;activite.code_type_activite_smsse;finess_activites
type_activite_smsse;20012;58;activite.code_type_activite_smsse;finess_activites
type_activite_smsse;20042;58;activite.code_type_activite_smsse;finess_activites
type_activite_smsse;20242;58;activite.code_type_activite_smsse;finess_activites
type_activite_smsse;30016;58;activite.code_type_activite_smsse;finess_activites
type_activite_smsse;40146;58;activite.code_type_activite_smsse;finess_activites
type_activite_smsse;40160;58;activite.code_type_activite_smsse;finess_activites
type_activite_smsse;50007;58;activite.code_type_activite_smsse;finess_activites
type_activite_smsse;50208;58;activite.code_type_activite_smsse;finess_activites
type_activite_smsse;50362;58;activite.code_type_activite_smsse;finess_activites
type_activite_smsse;50544;58;activite.code_type_activite_smsse;finess_activites
type_activite_smsse;50605;58;activite.code_type_activite_smsse;finess_activites
type_activite_smsse;50634;58;activite.code_type_activite_smsse;finess_activites
type_activite_smsse;70315;58;activite.code_type_activite_smsse;finess_activites
type_activite_smsse;70664;58;activite.code_type_activite_smsse;finess_activites
type_activite_smsse;70951;58;activite.code_type_activite_smsse;finess_activites
type_activite_smsse;71247;58;activite.code_type_activite_smsse;finess_activites
type_activite_smsse;71283;58;activite.code_type_activite_smsse;finess_activites
type_activite_smsse;71654;58;activite.code_type_activite_smsse;finess_activites
type_activite_smsse;71906;58;activite.code_type_activite_smsse;finess_activites
type_activite_smsse;72025;58;activite.code_type_activite_smsse;finess_activites
type_activite_smsse;80090;58;activite.code_type_activite_smsse;finess_activites
type_activite_smsse;80326;58;activite.code_type_activite_smsse;finess_activites
type_activite_smsse;80863;58;activite.code_type_activite_smsse;finess_activites
type_activite_smsse;20044;56;activite.code_type_activite_smsse;finess_activites
type_activite_smsse;50010;56;activite.code_type_activite_smsse;finess_activites
type_activite_smsse;50193;56;activite.code_type_activite_smsse;finess_activites
type_activite_smsse;50624;56;activite.code_type_activite_smsse;finess_activites
type_activite_smsse;70285;56;activite.code_type_activite_smsse;finess_activites
type_activite_smsse;70457;56;activite.code_type_activite_smsse;finess_activites
type_activite_smsse;70972;56;activite.code_type_activite_smsse;finess_activites
type_activite_smsse;71410;56;activite.code_type_activite_smsse;finess_activites
type_activite_smsse;71591;56;activite.code_type_activite_smsse;finess_activites
type_activite_smsse;72000;56;activite.code_type_activite_smsse;finess_activites
type_activite_smsse;72280;56;activite.code_type_activite_smsse;finess_activites
type_activite_smsse;80253;56;activite.code_type_activite_smsse;finess_activites
type_activite_smsse;80362;56;activite.code_type_activite_smsse;finess_activites
type_activite_smsse;80702;56;activite.code_type_activite_smsse;finess_activites
type_activite_smsse;50344;54;activite.code_type_activite_smsse;finess_activites
type_activite_smsse;50695;54;activite.code_type_activite_smsse;finess_activites
type_activite_smsse;60013;54;activite.code_type_activite_smsse;finess_activites
type_activite_smsse;60017;54;activite.code_type_activite_smsse;finess_activites
type_activite_smsse;70145;54;activite.code_type_activite_smsse;finess_activites
type_activite_smsse;70823;54;activite.code_type_activite_smsse;finess_activites
type_activite_smsse;70985;54;activite.code_type_activite_smsse;finess_activites
type_activite_smsse;71080;54;activite.code_type_activite_smsse;finess_activites
type_activite_smsse;71268;54;activite.code_type_activite_smsse;finess_activites
type_activite_smsse;71269;54;activite.code_type_activite_smsse;finess_activites
type_activite_smsse;71416;54;activite.code_type_activite_smsse;finess_activites
type_activite_smsse;71726;54;activite.code_type_activite_smsse;finess_activites
type_activite_smsse;71916;54;activite.code_type_activite_smsse;finess_activites
type_activite_smsse;71962;54;activite.code_type_activite_smsse;finess_activites
type_activite_smsse;72154;54;activite.code_type_activite_smsse;finess_activites
type_activite_smsse;72188;54;activite.code_type_activite_smsse;finess_activites
type_activite_smsse;80281;54;activite.code_type_activite_smsse;finess_activites
type_activite_smsse;80455;54;activite.code_type_activite_smsse;finess_activites
type_activite_smsse;80675;54;activite.code_type_activite_smsse;finess_activites
type_activite_smsse;80971;54;activite.code_type_activite_smsse;finess_activites
type_activite_smsse;1;52;activite.code_type_activite_smsse;finess_activites
type_activite_smsse;20078;52;activite.code_type_activite_smsse;finess_activites
type_activite_smsse;40065;52;activite.code_type_activite_smsse;finess_activites
type_activite_smsse;40162;52;activite.code_type_activite_smsse;finess_activites
type_activite_smsse;50026;52;activite.code_type_activite_smsse;finess_activites
type_activite_smsse;50199;52;activite.code_type_activite_smsse;finess_activites
type_activite_smsse;50219;52;activite.code_type_activite_smsse;finess_activites
type_activite_smsse;50242;52;activite.code_type_activite_smsse;finess_activites
type_activite_smsse;50381;52;activite.code_type_activite_smsse;finess_activites
type_activite_smsse;50429;52;activite.code_type_activite_smsse;finess_activites
type_activite_smsse;50500;52;activite.code_type_activite_smsse;finess_activites
type_activite_smsse;70178;52;activite.code_type_activite_smsse;finess_activites
type_activite_smsse;70277;52;activite.code_type_activite_smsse;finess_activites
type_activite_smsse;70288;52;activite.code_type_activite_smsse;finess_activites
type_activite_smsse;70289;52;activite.code_type_activite_smsse;finess_activites
type_activite_smsse;70290;52;activite.code_type_activite_smsse;finess_activites
type_activite_smsse;70630;52;activite.code_type_activite_smsse;finess_activites
type_activite_smsse;70636;52;activite.code_type_activite_smsse;finess_activites
type_activite_smsse;70816;52;activite.code_type_activite_smsse;finess_activites
type_activite_smsse;70868;52;activite.code_type_activite_smsse;finess_activites
type_activite_smsse;70973;52;activite.code_type_activite_smsse;finess_activites
type_activite_smsse;71305;52;activite.code_type_activite_smsse;finess_activites
type_activite_smsse;71673;52;activite.code_type_activite_smsse;finess_activites
type_activite_smsse;72033;52;activite.code_type_activite_smsse;finess_activites
type_activite_smsse;72161;52;activite.code_type_activite_smsse;finess_activites
type_activite_smsse;72174;52;activite.code_type_activite_smsse;finess_activites
type_activite_smsse;80226;52;activite.code_type_activite_smsse;finess_activites
type_activite_smsse;80325;52;activite.code_type_activite_smsse;finess_activites
type_activite_smsse;80360;52;activite.code_type_activite_smsse;finess_activites
type_activite_smsse;80952;52;activite.code_type_activite_smsse;finess_activites
type_activite_smsse;81000;52;activite.code_type_activite_smsse;finess_activites
type_activite_smsse;20087;50;activite.code_type_activite_smsse;finess_activites
type_activite_smsse;40164;50;activite.code_type_activite_smsse;finess_activites
type_activite_smsse;50020;50;activite.code_type_activite_smsse;finess_activites
type_activite_smsse;50372;50;activite.code_type_activite_smsse;finess_activites
type_activite_smsse;50515;50;activite.code_type_activite_smsse;finess_activites
type_activite_smsse;70051;50;activite.code_type_activite_smsse;finess_activites
type_activite_smsse;70319;50;activite.code_type_activite_smsse;finess_activites
type_activite_smsse;70449;50;activite.code_type_activite_smsse;finess_activites
type_activite_smsse;70495;50;activite.code_type_activite_smsse;finess_activites
type_activite_smsse;70530;50;activite.code_type_activite_smsse;finess_activites
type_activite_smsse;71030;50;activite.code_type_activite_smsse;finess_activites
type_activite_smsse;71123;50;activite.code_type_activite_smsse;finess_activites
type_activite_smsse;71362;50;activite.code_type_activite_smsse;finess_activites
type_activite_smsse;71364;50;activite.code_type_activite_smsse;finess_activites
type_activite_smsse;71748;50;activite.code_type_activite_smsse;finess_activites
type_activite_smsse;71825;50;activite.code_type_activite_smsse;finess_activites
type_activite_smsse;72241;50;activite.code_type_activite_smsse;finess_activites
type_activite_smsse;72482;50;activite.code_type_activite_smsse;finess_activites
type_activite_smsse;80023;50;activite.code_type_activite_smsse;finess_activites
type_activite_smsse;80470;50;activite.code_type_activite_smsse;finess_activites
type_activite_smsse;20053;48;activite.code_type_activite_smsse;finess_activites
type_activite_smsse;50051;48;activite.code_type_activite_smsse;finess_activites
type_activite_smsse;50337;48;activite.code_type_activite_smsse;finess_activites
type_activite_smsse;50475;48;activite.code_type_activite_smsse;finess_activites
type_activite_smsse;50584;48;activite.code_type_activite_smsse;finess_activites
type_activite_smsse;50733;48;activite.code_type_activite_smsse;finess_activites
type_activite_smsse;70541;48;activite.code_type_activite_smsse;finess_activites
type_activite_smsse;70634;48;activite.code_type_activite_smsse;finess_activites
type_activite_smsse;70668;48;activite.code_type_activite_smsse;finess_activites
type_activite_smsse;71238;48;activite.code_type_activite_smsse;finess_activites
type_activite_smsse;71938;48;activite.code_type_activite_smsse;finess_activites
type_activite_smsse;72115;48;activite.code_type_activite_smsse;finess_activites
type_activite_smsse;72262;48;activite.code_type_activite_smsse;finess_activites
type_activite_smsse;80370;48;activite.code_type_activite_smsse;finess_activites
type_activite_smsse;80404;48;activite.code_type_activite_smsse;finess_activites
type_activite_smsse;80773;48;activite.code_type_activite_smsse;finess_activites
type_activite_smsse;81023;48;activite.code_type_activite_smsse;finess_activites
type_activite_smsse;20105;46;activite.code_type_activite_smsse;finess_activites
type_activite_smsse;40061;46;activite.code_type_activite_smsse;finess_activites
type_activite_smsse;40068;46;activite.code_type_activite_smsse;finess_activites
type_activite_smsse;50170;46;activite.code_type_activite_smsse;finess_activites
type_activite_smsse;50206;46;activite.code_type_activite_smsse;finess_activites
type_activite_smsse;50253;46;activite.code_type_activite_smsse;finess_activites
type_activite_smsse;50460;46;activite.code_type_activite_smsse;finess_activites
type_activite_smsse;50548;46;activite.code_type_activite_smsse;finess_activites
type_activite_smsse;50595;46;activite.code_type_activite_smsse;finess_activites
type_activite_smsse;50613;46;activite.code_type_activite_smsse;finess_activites
type_activite_smsse;50724;46;activite.code_type_activite_smsse;finess_activites
type_activite_smsse;70562;46;activite.code_type_activite_smsse;finess_activites
type_activite_smsse;71108;46;activite.code_type_activite_smsse;finess_activites
type_activite_smsse;71124;46;activite.code_type_activite_smsse;finess_activites
type_activite_smsse;71157;46;activite.code_type_activite_smsse;finess_activites
type_activite_smsse;71489;46;activite.code_type_activite_smsse;finess_activites
type_activite_smsse;71568;46;activite.code_type_activite_smsse;finess_activites
type_activite_smsse;71630;46;activite.code_type_activite_smsse;finess_activites
type_activite_smsse;71718;46;activite.code_type_activite_smsse;finess_activites
type_activite_smsse;71805;46;activite.code_type_activite_smsse;finess_activites
type_activite_smsse;71811;46;activite.code_type_activite_smsse;finess_activites
type_activite_smsse;72187;46;activite.code_type_activite_smsse;finess_activites
type_activite_smsse;72505;46;activite.code_type_activite_smsse;finess_activites
type_activite_smsse;80036;46;activite.code_type_activite_smsse;finess_activites
type_activite_smsse;80328;46;activite.code_type_activite_smsse;finess_activites
type_activite_smsse;80578;46;activite.code_type_activite_smsse;finess_activites
type_activite_smsse;30009;44;activite.code_type_activite_smsse;finess_activites
type_activite_smsse;40047;44;activite.code_type_activite_smsse;finess_activites
type_activite_smsse;40069;44;activite.code_type_activite_smsse;finess_activites
type_activite_smsse;50013;44;activite.code_type_activite_smsse;finess_activites
type_activite_smsse;50058;44;activite.code_type_activite_smsse;finess_activites
type_activite_smsse;50210;44;activite.code_type_activite_smsse;finess_activites
type_activite_smsse;50386;44;activite.code_type_activite_smsse;finess_activites
type_activite_smsse;50463;44;activite.code_type_activite_smsse;finess_activites
type_activite_smsse;50542;44;activite.code_type_activite_smsse;finess_activites
type_activite_smsse;50576;44;activite.code_type_activite_smsse;finess_activites
type_activite_smsse;70204;44;activite.code_type_activite_smsse;finess_activites
type_activite_smsse;70504;44;activite.code_type_activite_smsse;finess_activites
type_activite_smsse;70535;44;activite.code_type_activite_smsse;finess_activites
type_activite_smsse;70609;44;activite.code_type_activite_smsse;finess_activites
type_activite_smsse;70681;44;activite.code_type_activite_smsse;finess_activites
type_activite_smsse;70960;44;activite.code_type_activite_smsse;finess_activites
type_activite_smsse;70988;44;activite.code_type_activite_smsse;finess_activites
type_activite_smsse;71012;44;activite.code_type_activite_smsse;finess_activites
type_activite_smsse;71057;44;activite.code_type_activite_smsse;finess_activites
type_activite_smsse;71092;44;activite.code_type_activite_smsse;finess_activites
type_activite_smsse;71569;44;activite.code_type_activite_smsse;finess_activites
type_activite_smsse;71663;44;activite.code_type_activite_smsse;finess_activites
type_activite_smsse;71954;44;activite.code_type_activite_smsse;finess_activites
type_activite_smsse;72074;44;activite.code_type_activite_smsse;finess_activites
type_activite_smsse;80048;44;activite.code_type_activite_smsse;finess_activites
type_activite_smsse;80446;44;activite.code_type_activite_smsse;finess_activites
type_activite_smsse;80457;44;activite.code_type_activite_smsse;finess_activites
type_activite_smsse;80606;44;activite.code_type_activite_smsse;finess_activites
type_activite_smsse;80909;44;activite.code_type_activite_smsse;finess_activites
type_activite_smsse;20079;42;activite.code_type_activite_smsse;finess_activites
type_activite_smsse;40097;42;activite.code_type_activite_smsse;finess_activites
type_activite_smsse;40182;42;activite.code_type_activite_smsse;finess_activites
type_activite_smsse;50312;42;activite.code_type_activite_smsse;finess_activites
type_activite_smsse;50545;42;activite.code_type_activite_smsse;finess_activites
type_activite_smsse;50681;42;activite.code_type_activite_smsse;finess_activites
type_activite_smsse;60007;42;activite.code_type_activite_smsse;finess_activites
type_activite_smsse;60025;42;activite.code_type_activite_smsse;finess_activites
type_activite_smsse;70031;42;activite.code_type_activite_smsse;finess_activites
type_activite_smsse;70170;42;activite.code_type_activite_smsse;finess_activites
type_activite_smsse;70520;42;activite.code_type_activite_smsse;finess_activites
type_activite_smsse;71000;42;activite.code_type_activite_smsse;finess_activites
type_activite_smsse;71027;42;activite.code_type_activite_smsse;finess_activites
type_activite_smsse;71093;42;activite.code_type_activite_smsse;finess_activites
type_activite_smsse;71102;42;activite.code_type_activite_smsse;finess_activites
type_activite_smsse;71133;42;activite.code_type_activite_smsse;finess_activites
type_activite_smsse;71198;42;activite.code_type_activite_smsse;finess_activites
type_activite_smsse;71639;42;activite.code_type_activite_smsse;finess_activites
type_activite_smsse;71662;42;activite.code_type_activite_smsse;finess_activites
type_activite_smsse;71696;42;activite.code_type_activite_smsse;finess_activites
type_activite_smsse;71856;42;activite.code_type_activite_smsse;finess_activites
type_activite_smsse;72417;42;activite.code_type_activite_smsse;finess_activites
type_activite_smsse;72435;42;activite.code_type_activite_smsse;finess_activites
type_activite_smsse;72453;42;activite.code_type_activite_smsse;finess_activites
type_activite_smsse;80065;42;activite.code_type_activite_smsse;finess_activites
type_activite_smsse;80100;42;activite.code_type_activite_smsse;finess_activites
type_activite_smsse;80482;42;activite.code_type_activite_smsse;finess_activites
type_activite_smsse;80526;42;activite.code_type_activite_smsse;finess_activites
type_activite_smsse;80656;42;activite.code_type_activite_smsse;finess_activites
type_activite_smsse;80743;42;activite.code_type_activite_smsse;finess_activites
type_activite_smsse;80750;42;activite.code_type_activite_smsse;finess_activites
type_activite_smsse;20043;40;activite.code_type_activite_smsse;finess_activites
type_activite_smsse;20045;40;activite.code_type_activite_smsse;finess_activites
type_activite_smsse;30008;40;activite.code_type_activite_smsse;finess_activites
type_activite_smsse;40048;40;activite.code_type_activite_smsse;finess_activites
type_activite_smsse;40052;40;activite.code_type_activite_smsse;finess_activites
type_activite_smsse;50005;40;activite.code_type_activite_smsse;finess_activites
type_activite_smsse;50161;40;activite.code_type_activite_smsse;finess_activites
type_activite_smsse;50191;40;activite.code_type_activite_smsse;finess_activites
type_activite_smsse;50194;40;activite.code_type_activite_smsse;finess_activites
type_activite_smsse;50254;40;activite.code_type_activite_smsse;finess_activites
type_activite_smsse;50455;40;activite.code_type_activite_smsse;finess_activites
type_activite_smsse;50456;40;activite.code_type_activite_smsse;finess_activites
type_activite_smsse;50513;40;activite.code_type_activite_smsse;finess_activites
type_activite_smsse;50615;40;activite.code_type_activite_smsse;finess_activites
type_activite_smsse;50637;40;activite.code_type_activite_smsse;finess_activites
type_activite_smsse;70157;40;activite.code_type_activite_smsse;finess_activites
type_activite_smsse;70276;40;activite.code_type_activite_smsse;finess_activites
type_activite_smsse;70358;40;activite.code_type_activite_smsse;finess_activites
type_activite_smsse;70637;40;activite.code_type_activite_smsse;finess_activites
type_activite_smsse;70653;40;activite.code_type_activite_smsse;finess_activites
type_activite_smsse;70956;40;activite.code_type_activite_smsse;finess_activites
type_activite_smsse;71581;40;activite.code_type_activite_smsse;finess_activites
type_activite_smsse;71584;40;activite.code_type_activite_smsse;finess_activites
type_activite_smsse;71969;40;activite.code_type_activite_smsse;finess_activites
type_activite_smsse;80291;40;activite.code_type_activite_smsse;finess_activites
type_activite_smsse;80454;40;activite.code_type_activite_smsse;finess_activites
type_activite_smsse;80584;40;activite.code_type_activite_smsse;finess_activites
type_activite_smsse;80845;40;activite.code_type_activite_smsse;finess_activites
type_activite_smsse;81039;40;activite.code_type_activite_smsse;finess_activites
type_activite_smsse;20075;38;activite.code_type_activite_smsse;finess_activites
type_activite_smsse;40102;38;activite.code_type_activite_smsse;finess_activites
type_activite_smsse;40149;38;activite.code_type_activite_smsse;finess_activites
type_activite_smsse;50062;38;activite.code_type_activite_smsse;finess_activites
type_activite_smsse;50066;38;activite.code_type_activite_smsse;finess_activites
type_activite_smsse;50163;38;activite.code_type_activite_smsse;finess_activites
type_activite_smsse;50316;38;activite.code_type_activite_smsse;finess_activites
type_activite_smsse;50338;38;activite.code_type_activite_smsse;finess_activites
type_activite_smsse;50407;38;activite.code_type_activite_smsse;finess_activites
type_activite_smsse;50451;38;activite.code_type_activite_smsse;finess_activites
type_activite_smsse;50665;38;activite.code_type_activite_smsse;finess_activites
type_activite_smsse;50720;38;activite.code_type_activite_smsse;finess_activites
type_activite_smsse;70219;38;activite.code_type_activite_smsse;finess_activites
type_activite_smsse;70658;38;activite.code_type_activite_smsse;finess_activites
type_activite_smsse;70866;38;activite.code_type_activite_smsse;finess_activites
type_activite_smsse;70903;38;activite.code_type_activite_smsse;finess_activites
type_activite_smsse;70987;38;activite.code_type_activite_smsse;finess_activites
type_activite_smsse;71135;38;activite.code_type_activite_smsse;finess_activites
type_activite_smsse;71242;38;activite.code_type_activite_smsse;finess_activites
type_activite_smsse;71307;38;activite.code_type_activite_smsse;finess_activites
type_activite_smsse;71556;38;activite.code_type_activite_smsse;finess_activites
type_activite_smsse;71894;38;activite.code_type_activite_smsse;finess_activites
type_activite_smsse;71939;38;activite.code_type_activite_smsse;finess_activites
type_activite_smsse;71979;38;activite.code_type_activite_smsse;finess_activites
type_activite_smsse;72206;38;activite.code_type_activite_smsse;finess_activites
type_activite_smsse;72265;38;activite.code_type_activite_smsse;finess_activites
type_activite_smsse;80006;38;activite.code_type_activite_smsse;finess_activites
type_activite_smsse;80026;38;activite.code_type_activite_smsse;finess_activites
type_activite_smsse;80092;38;activite.code_type_activite_smsse;finess_activites
type_activite_smsse;80301;38;activite.code_type_activite_smsse;finess_activites
type_activite_smsse;80354;38;activite.code_type_activite_smsse;finess_activites
type_activite_smsse;80660;38;activite.code_type_activite_smsse;finess_activites
type_activite_smsse;80891;38;activite.code_type_activite_smsse;finess_activites
type_activite_smsse;80932;38;activite.code_type_activite_smsse;finess_activites
type_activite_smsse;80968;38;activite.code_type_activite_smsse;finess_activites
type_activite_smsse;80988;38;activite.code_type_activite_smsse;finess_activites
type_activite_smsse;20016;36;activite.code_type_activite_smsse;finess_activites
type_activite_smsse;20022;36;activite.code_type_activite_smsse;finess_activites
type_activite_smsse;20076;36;activite.code_type_activite_smsse;finess_activites
type_activite_smsse;50035;36;activite.code_type_activite_smsse;finess_activites
type_activite_smsse;50126;36;activite.code_type_activite_smsse;finess_activites
type_activite_smsse;50270;36;activite.code_type_activite_smsse;finess_activites
type_activite_smsse;50280;36;activite.code_type_activite_smsse;finess_activites
type_activite_smsse;50360;36;activite.code_type_activite_smsse;finess_activites
type_activite_smsse;50398;36;activite.code_type_activite_smsse;finess_activites
type_activite_smsse;50501;36;activite.code_type_activite_smsse;finess_activites
type_activite_smsse;50675;36;activite.code_type_activite_smsse;finess_activites
type_activite_smsse;50726;36;activite.code_type_activite_smsse;finess_activites
type_activite_smsse;60023;36;activite.code_type_activite_smsse;finess_activites
type_activite_smsse;60051;36;activite.code_type_activite_smsse;finess_activites
type_activite_smsse;70006;36;activite.code_type_activite_smsse;finess_activites
type_activite_smsse;70019;36;activite.code_type_activite_smsse;finess_activites
type_activite_smsse;70026;36;activite.code_type_activite_smsse;finess_activites
type_activite_smsse;70243;36;activite.code_type_activite_smsse;finess_activites
type_activite_smsse;70255;36;activite.code_type_activite_smsse;finess_activites
type_activite_smsse;70909;36;activite.code_type_activite_smsse;finess_activites
type_activite_smsse;70928;36;activite.code_type_activite_smsse;finess_activites
type_activite_smsse;71007;36;activite.code_type_activite_smsse;finess_activites
type_activite_smsse;71342;36;activite.code_type_activite_smsse;finess_activites
type_activite_smsse;71344;36;activite.code_type_activite_smsse;finess_activites
type_activite_smsse;71371;36;activite.code_type_activite_smsse;finess_activites
type_activite_smsse;71756;36;activite.code_type_activite_smsse;finess_activites
type_activite_smsse;71864;36;activite.code_type_activite_smsse;finess_activites
type_activite_smsse;71869;36;activite.code_type_activite_smsse;finess_activites
type_activite_smsse;71871;36;activite.code_type_activite_smsse;finess_activites
type_activite_smsse;71905;36;activite.code_type_activite_smsse;finess_activites
type_activite_smsse;72093;36;activite.code_type_activite_smsse;finess_activites
type_activite_smsse;72130;36;activite.code_type_activite_smsse;finess_activites
type_activite_smsse;72238;36;activite.code_type_activite_smsse;finess_activites
type_activite_smsse;72245;36;activite.code_type_activite_smsse;finess_activites
type_activite_smsse;72511;36;activite.code_type_activite_smsse;finess_activites
type_activite_smsse;80558;36;activite.code_type_activite_smsse;finess_activites
type_activite_smsse;80575;36;activite.code_type_activite_smsse;finess_activites
type_activite_smsse;80598;36;activite.code_type_activite_smsse;finess_activites
type_activite_smsse;80984;36;activite.code_type_activite_smsse;finess_activites
type_activite_smsse;20019;34;activite.code_type_activite_smsse;finess_activites
type_activite_smsse;20020;34;activite.code_type_activite_smsse;finess_activites
type_activite_smsse;20071;34;activite.code_type_activite_smsse;finess_activites
type_activite_smsse;20099;34;activite.code_type_activite_smsse;finess_activites
type_activite_smsse;40101;34;activite.code_type_activite_smsse;finess_activites
type_activite_smsse;50068;34;activite.code_type_activite_smsse;finess_activites
type_activite_smsse;50142;34;activite.code_type_activite_smsse;finess_activites
type_activite_smsse;50287;34;activite.code_type_activite_smsse;finess_activites
type_activite_smsse;50482;34;activite.code_type_activite_smsse;finess_activites
type_activite_smsse;50484;34;activite.code_type_activite_smsse;finess_activites
type_activite_smsse;50494;34;activite.code_type_activite_smsse;finess_activites
type_activite_smsse;50528;34;activite.code_type_activite_smsse;finess_activites
type_activite_smsse;50569;34;activite.code_type_activite_smsse;finess_activites
type_activite_smsse;70345;34;activite.code_type_activite_smsse;finess_activites
type_activite_smsse;70381;34;activite.code_type_activite_smsse;finess_activites
type_activite_smsse;70508;34;activite.code_type_activite_smsse;finess_activites
type_activite_smsse;70608;34;activite.code_type_activite_smsse;finess_activites
type_activite_smsse;70626;34;activite.code_type_activite_smsse;finess_activites
type_activite_smsse;70737;34;activite.code_type_activite_smsse;finess_activites
type_activite_smsse;70920;34;activite.code_type_activite_smsse;finess_activites
type_activite_smsse;70921;34;activite.code_type_activite_smsse;finess_activites
type_activite_smsse;70964;34;activite.code_type_activite_smsse;finess_activites
type_activite_smsse;70974;34;activite.code_type_activite_smsse;finess_activites
type_activite_smsse;70980;34;activite.code_type_activite_smsse;finess_activites
type_activite_smsse;70993;34;activite.code_type_activite_smsse;finess_activites
type_activite_smsse;71214;34;activite.code_type_activite_smsse;finess_activites
type_activite_smsse;71281;34;activite.code_type_activite_smsse;finess_activites
type_activite_smsse;71636;34;activite.code_type_activite_smsse;finess_activites
type_activite_smsse;71667;34;activite.code_type_activite_smsse;finess_activites
type_activite_smsse;71816;34;activite.code_type_activite_smsse;finess_activites
type_activite_smsse;8;34;activite.code_type_activite_smsse;finess_activites
type_activite_smsse;80314;34;activite.code_type_activite_smsse;finess_activites
type_activite_smsse;80783;34;activite.code_type_activite_smsse;finess_activites
type_activite_smsse;80828;34;activite.code_type_activite_smsse;finess_activites
type_activite_smsse;80866;34;activite.code_type_activite_smsse;finess_activites
type_activite_smsse;80962;34;activite.code_type_activite_smsse;finess_activites
type_activite_smsse;81019;34;activite.code_type_activite_smsse;finess_activites
type_activite_smsse;20167;32;activite.code_type_activite_smsse;finess_activites
type_activite_smsse;20168;32;activite.code_type_activite_smsse;finess_activites
type_activite_smsse;20233;32;activite.code_type_activite_smsse;finess_activites
type_activite_smsse;20243;32;activite.code_type_activite_smsse;finess_activites
type_activite_smsse;40041;32;activite.code_type_activite_smsse;finess_activites
type_activite_smsse;40161;32;activite.code_type_activite_smsse;finess_activites
type_activite_smsse;50167;32;activite.code_type_activite_smsse;finess_activites
type_activite_smsse;50532;32;activite.code_type_activite_smsse;finess_activites
type_activite_smsse;50551;32;activite.code_type_activite_smsse;finess_activites
type_activite_smsse;70281;32;activite.code_type_activite_smsse;finess_activites
type_activite_smsse;70355;32;activite.code_type_activite_smsse;finess_activites
type_activite_smsse;70654;32;activite.code_type_activite_smsse;finess_activites
type_activite_smsse;71166;32;activite.code_type_activite_smsse;finess_activites
type_activite_smsse;71174;32;activite.code_type_activite_smsse;finess_activites
type_activite_smsse;71271;32;activite.code_type_activite_smsse;finess_activites
type_activite_smsse;71443;32;activite.code_type_activite_smsse;finess_activites
type_activite_smsse;71531;32;activite.code_type_activite_smsse;finess_activites
type_activite_smsse;71648;32;activite.code_type_activite_smsse;finess_activites
type_activite_smsse;71677;32;activite.code_type_activite_smsse;finess_activites
type_activite_smsse;71687;32;activite.code_type_activite_smsse;finess_activites
type_activite_smsse;71760;32;activite.code_type_activite_smsse;finess_activites
type_activite_smsse;71770;32;activite.code_type_activite_smsse;finess_activites
type_activite_smsse;80058;32;activite.code_type_activite_smsse;finess_activites
type_activite_smsse;80267;32;activite.code_type_activite_smsse;finess_activites
type_activite_smsse;80336;32;activite.code_type_activite_smsse;finess_activites
type_activite_smsse;80366;32;activite.code_type_activite_smsse;finess_activites
type_activite_smsse;80520;32;activite.code_type_activite_smsse;finess_activites
type_activite_smsse;80686;32;activite.code_type_activite_smsse;finess_activites
type_activite_smsse;80823;32;activite.code_type_activite_smsse;finess_activites
type_activite_smsse;80829;32;activite.code_type_activite_smsse;finess_activites
type_activite_smsse;80975;32;activite.code_type_activite_smsse;finess_activites
type_activite_smsse;80983;32;activite.code_type_activite_smsse;finess_activites
type_activite_smsse;81049;32;activite.code_type_activite_smsse;finess_activites
type_activite_smsse;20097;30;activite.code_type_activite_smsse;finess_activites
type_activite_smsse;20227;30;activite.code_type_activite_smsse;finess_activites
type_activite_smsse;40054;30;activite.code_type_activite_smsse;finess_activites
type_activite_smsse;40078;30;activite.code_type_activite_smsse;finess_activites
type_activite_smsse;40103;30;activite.code_type_activite_smsse;finess_activites
type_activite_smsse;40104;30;activite.code_type_activite_smsse;finess_activites
type_activite_smsse;50072;30;activite.code_type_activite_smsse;finess_activites
type_activite_smsse;50116;30;activite.code_type_activite_smsse;finess_activites
type_activite_smsse;50153;30;activite.code_type_activite_smsse;finess_activites
type_activite_smsse;50317;30;activite.code_type_activite_smsse;finess_activites
type_activite_smsse;50550;30;activite.code_type_activite_smsse;finess_activites
type_activite_smsse;50604;30;activite.code_type_activite_smsse;finess_activites
type_activite_smsse;50626;30;activite.code_type_activite_smsse;finess_activites
type_activite_smsse;50629;30;activite.code_type_activite_smsse;finess_activites
type_activite_smsse;50660;30;activite.code_type_activite_smsse;finess_activites
type_activite_smsse;50736;30;activite.code_type_activite_smsse;finess_activites
type_activite_smsse;60053;30;activite.code_type_activite_smsse;finess_activites
type_activite_smsse;70136;30;activite.code_type_activite_smsse;finess_activites
type_activite_smsse;70396;30;activite.code_type_activite_smsse;finess_activites
type_activite_smsse;70810;30;activite.code_type_activite_smsse;finess_activites
type_activite_smsse;70911;30;activite.code_type_activite_smsse;finess_activites
type_activite_smsse;71277;30;activite.code_type_activite_smsse;finess_activites
type_activite_smsse;71369;30;activite.code_type_activite_smsse;finess_activites
type_activite_smsse;71377;30;activite.code_type_activite_smsse;finess_activites
type_activite_smsse;71672;30;activite.code_type_activite_smsse;finess_activites
type_activite_smsse;71681;30;activite.code_type_activite_smsse;finess_activites
type_activite_smsse;71963;30;activite.code_type_activite_smsse;finess_activites
type_activite_smsse;72135;30;activite.code_type_activite_smsse;finess_activites
type_activite_smsse;72251;30;activite.code_type_activite_smsse;finess_activites
type_activite_smsse;72283;30;activite.code_type_activite_smsse;finess_activites
type_activite_smsse;72429;30;activite.code_type_activite_smsse;finess_activites
type_activite_smsse;80002;30;activite.code_type_activite_smsse;finess_activites
type_activite_smsse;80018;30;activite.code_type_activite_smsse;finess_activites
type_activite_smsse;80201;30;activite.code_type_activite_smsse;finess_activites
type_activite_smsse;80330;30;activite.code_type_activite_smsse;finess_activites
type_activite_smsse;80826;30;activite.code_type_activite_smsse;finess_activites
type_activite_smsse;80978;30;activite.code_type_activite_smsse;finess_activites
type_activite_smsse;20018;28;activite.code_type_activite_smsse;finess_activites
type_activite_smsse;20065;28;activite.code_type_activite_smsse;finess_activites
type_activite_smsse;40075;28;activite.code_type_activite_smsse;finess_activites
type_activite_smsse;50022;28;activite.code_type_activite_smsse;finess_activites
type_activite_smsse;50043;28;activite.code_type_activite_smsse;finess_activites
type_activite_smsse;50073;28;activite.code_type_activite_smsse;finess_activites
type_activite_smsse;50221;28;activite.code_type_activite_smsse;finess_activites
type_activite_smsse;50256;28;activite.code_type_activite_smsse;finess_activites
type_activite_smsse;50552;28;activite.code_type_activite_smsse;finess_activites
type_activite_smsse;50620;28;activite.code_type_activite_smsse;finess_activites
type_activite_smsse;50636;28;activite.code_type_activite_smsse;finess_activites
type_activite_smsse;70123;28;activite.code_type_activite_smsse;finess_activites
type_activite_smsse;70341;28;activite.code_type_activite_smsse;finess_activites
type_activite_smsse;70489;28;activite.code_type_activite_smsse;finess_activites
type_activite_smsse;70524;28;activite.code_type_activite_smsse;finess_activites
type_activite_smsse;70526;28;activite.code_type_activite_smsse;finess_activites
type_activite_smsse;70695;28;activite.code_type_activite_smsse;finess_activites
type_activite_smsse;70742;28;activite.code_type_activite_smsse;finess_activites
type_activite_smsse;70757;28;activite.code_type_activite_smsse;finess_activites
type_activite_smsse;70837;28;activite.code_type_activite_smsse;finess_activites
type_activite_smsse;70877;28;activite.code_type_activite_smsse;finess_activites
type_activite_smsse;70899;28;activite.code_type_activite_smsse;finess_activites
type_activite_smsse;71128;28;activite.code_type_activite_smsse;finess_activites
type_activite_smsse;71429;28;activite.code_type_activite_smsse;finess_activites
type_activite_smsse;71437;28;activite.code_type_activite_smsse;finess_activites
type_activite_smsse;71583;28;activite.code_type_activite_smsse;finess_activites
type_activite_smsse;71602;28;activite.code_type_activite_smsse;finess_activites
type_activite_smsse;71603;28;activite.code_type_activite_smsse;finess_activites
type_activite_smsse;71715;28;activite.code_type_activite_smsse;finess_activites
type_activite_smsse;71779;28;activite.code_type_activite_smsse;finess_activites
type_activite_smsse;71839;28;activite.code_type_activite_smsse;finess_activites
type_activite_smsse;71910;28;activite.code_type_activite_smsse;finess_activites
type_activite_smsse;71949;28;activite.code_type_activite_smsse;finess_activites
type_activite_smsse;72038;28;activite.code_type_activite_smsse;finess_activites
type_activite_smsse;72057;28;activite.code_type_activite_smsse;finess_activites
type_activite_smsse;72451;28;activite.code_type_activite_smsse;finess_activites
type_activite_smsse;80110;28;activite.code_type_activite_smsse;finess_activites
type_activite_smsse;80170;28;activite.code_type_activite_smsse;finess_activites
type_activite_smsse;80200;28;activite.code_type_activite_smsse;finess_activites
type_activite_smsse;80387;28;activite.code_type_activite_smsse;finess_activites
type_activite_smsse;80461;28;activite.code_type_activite_smsse;finess_activites
type_activite_smsse;80753;28;activite.code_type_activite_smsse;finess_activites
type_activite_smsse;80765;28;activite.code_type_activite_smsse;finess_activites
type_activite_smsse;80879;28;activite.code_type_activite_smsse;finess_activites
type_activite_smsse;80946;28;activite.code_type_activite_smsse;finess_activites
type_activite_smsse;80987;28;activite.code_type_activite_smsse;finess_activites
type_activite_smsse;20219;26;activite.code_type_activite_smsse;finess_activites
type_activite_smsse;30007;26;activite.code_type_activite_smsse;finess_activites
type_activite_smsse;50006;26;activite.code_type_activite_smsse;finess_activites
type_activite_smsse;50074;26;activite.code_type_activite_smsse;finess_activites
type_activite_smsse;50094;26;activite.code_type_activite_smsse;finess_activites
type_activite_smsse;50117;26;activite.code_type_activite_smsse;finess_activites
type_activite_smsse;50172;26;activite.code_type_activite_smsse;finess_activites
type_activite_smsse;50267;26;activite.code_type_activite_smsse;finess_activites
type_activite_smsse;50274;26;activite.code_type_activite_smsse;finess_activites
type_activite_smsse;50320;26;activite.code_type_activite_smsse;finess_activites
type_activite_smsse;50534;26;activite.code_type_activite_smsse;finess_activites
type_activite_smsse;50661;26;activite.code_type_activite_smsse;finess_activites
type_activite_smsse;50674;26;activite.code_type_activite_smsse;finess_activites
type_activite_smsse;50714;26;activite.code_type_activite_smsse;finess_activites
type_activite_smsse;70139;26;activite.code_type_activite_smsse;finess_activites
type_activite_smsse;70197;26;activite.code_type_activite_smsse;finess_activites
type_activite_smsse;70318;26;activite.code_type_activite_smsse;finess_activites
type_activite_smsse;70423;26;activite.code_type_activite_smsse;finess_activites
type_activite_smsse;70781;26;activite.code_type_activite_smsse;finess_activites
type_activite_smsse;70867;26;activite.code_type_activite_smsse;finess_activites
type_activite_smsse;70931;26;activite.code_type_activite_smsse;finess_activites
type_activite_smsse;70954;26;activite.code_type_activite_smsse;finess_activites
type_activite_smsse;71086;26;activite.code_type_activite_smsse;finess_activites
type_activite_smsse;71103;26;activite.code_type_activite_smsse;finess_activites
type_activite_smsse;71136;26;activite.code_type_activite_smsse;finess_activites
type_activite_smsse;71225;26;activite.code_type_activite_smsse;finess_activites
type_activite_smsse;71243;26;activite.code_type_activite_smsse;finess_activites
type_activite_smsse;71313;26;activite.code_type_activite_smsse;finess_activites
type_activite_smsse;71372;26;activite.code_type_activite_smsse;finess_activites
type_activite_smsse;71412;26;activite.code_type_activite_smsse;finess_activites
type_activite_smsse;71467;26;activite.code_type_activite_smsse;finess_activites
type_activite_smsse;71477;26;activite.code_type_activite_smsse;finess_activites
type_activite_smsse;71670;26;activite.code_type_activite_smsse;finess_activites
type_activite_smsse;71743;26;activite.code_type_activite_smsse;finess_activites
type_activite_smsse;71771;26;activite.code_type_activite_smsse;finess_activites
type_activite_smsse;71875;26;activite.code_type_activite_smsse;finess_activites
type_activite_smsse;71897;26;activite.code_type_activite_smsse;finess_activites
type_activite_smsse;72055;26;activite.code_type_activite_smsse;finess_activites
type_activite_smsse;72080;26;activite.code_type_activite_smsse;finess_activites
type_activite_smsse;72303;26;activite.code_type_activite_smsse;finess_activites
type_activite_smsse;72414;26;activite.code_type_activite_smsse;finess_activites
type_activite_smsse;80029;26;activite.code_type_activite_smsse;finess_activites
type_activite_smsse;80128;26;activite.code_type_activite_smsse;finess_activites
type_activite_smsse;80355;26;activite.code_type_activite_smsse;finess_activites
type_activite_smsse;80460;26;activite.code_type_activite_smsse;finess_activites
type_activite_smsse;80480;26;activite.code_type_activite_smsse;finess_activites
type_activite_smsse;80484;26;activite.code_type_activite_smsse;finess_activites
type_activite_smsse;80583;26;activite.code_type_activite_smsse;finess_activites
type_activite_smsse;80614;26;activite.code_type_activite_smsse;finess_activites
type_activite_smsse;80706;26;activite.code_type_activite_smsse;finess_activites
type_activite_smsse;80717;26;activite.code_type_activite_smsse;finess_activites
type_activite_smsse;80926;26;activite.code_type_activite_smsse;finess_activites
type_activite_smsse;80948;26;activite.code_type_activite_smsse;finess_activites
type_activite_smsse;80966;26;activite.code_type_activite_smsse;finess_activites
type_activite_smsse;2;24;activite.code_type_activite_smsse;finess_activites
type_activite_smsse;20116;24;activite.code_type_activite_smsse;finess_activites
type_activite_smsse;40051;24;activite.code_type_activite_smsse;finess_activites
type_activite_smsse;50027;24;activite.code_type_activite_smsse;finess_activites
type_activite_smsse;50137;24;activite.code_type_activite_smsse;finess_activites
type_activite_smsse;50158;24;activite.code_type_activite_smsse;finess_activites
type_activite_smsse;50421;24;activite.code_type_activite_smsse;finess_activites
type_activite_smsse;50425;24;activite.code_type_activite_smsse;finess_activites
type_activite_smsse;50434;24;activite.code_type_activite_smsse;finess_activites
type_activite_smsse;50699;24;activite.code_type_activite_smsse;finess_activites
type_activite_smsse;60024;24;activite.code_type_activite_smsse;finess_activites
type_activite_smsse;60055;24;activite.code_type_activite_smsse;finess_activites
type_activite_smsse;70261;24;activite.code_type_activite_smsse;finess_activites
type_activite_smsse;70354;24;activite.code_type_activite_smsse;finess_activites
type_activite_smsse;70374;24;activite.code_type_activite_smsse;finess_activites
type_activite_smsse;70717;24;activite.code_type_activite_smsse;finess_activites
type_activite_smsse;70926;24;activite.code_type_activite_smsse;finess_activites
type_activite_smsse;70934;24;activite.code_type_activite_smsse;finess_activites
type_activite_smsse;70948;24;activite.code_type_activite_smsse;finess_activites
type_activite_smsse;71114;24;activite.code_type_activite_smsse;finess_activites
type_activite_smsse;71149;24;activite.code_type_activite_smsse;finess_activites
type_activite_smsse;71197;24;activite.code_type_activite_smsse;finess_activites
type_activite_smsse;71200;24;activite.code_type_activite_smsse;finess_activites
type_activite_smsse;71212;24;activite.code_type_activite_smsse;finess_activites
type_activite_smsse;71446;24;activite.code_type_activite_smsse;finess_activites
type_activite_smsse;71480;24;activite.code_type_activite_smsse;finess_activites
type_activite_smsse;71601;24;activite.code_type_activite_smsse;finess_activites
type_activite_smsse;71629;24;activite.code_type_activite_smsse;finess_activites
type_activite_smsse;71711;24;activite.code_type_activite_smsse;finess_activites
type_activite_smsse;71752;24;activite.code_type_activite_smsse;finess_activites
type_activite_smsse;71809;24;activite.code_type_activite_smsse;finess_activites
type_activite_smsse;72131;24;activite.code_type_activite_smsse;finess_activites
type_activite_smsse;72356;24;activite.code_type_activite_smsse;finess_activites
type_activite_smsse;72456;24;activite.code_type_activite_smsse;finess_activites
type_activite_smsse;72457;24;activite.code_type_activite_smsse;finess_activites
type_activite_smsse;80052;24;activite.code_type_activite_smsse;finess_activites
type_activite_smsse;80176;24;activite.code_type_activite_smsse;finess_activites
type_activite_smsse;80338;24;activite.code_type_activite_smsse;finess_activites
type_activite_smsse;80727;24;activite.code_type_activite_smsse;finess_activites
type_activite_smsse;20026;22;activite.code_type_activite_smsse;finess_activites
type_activite_smsse;20040;22;activite.code_type_activite_smsse;finess_activites
type_activite_smsse;20056;22;activite.code_type_activite_smsse;finess_activites
type_activite_smsse;20061;22;activite.code_type_activite_smsse;finess_activites
type_activite_smsse;20117;22;activite.code_type_activite_smsse;finess_activites
type_activite_smsse;50014;22;activite.code_type_activite_smsse;finess_activites
type_activite_smsse;50031;22;activite.code_type_activite_smsse;finess_activites
type_activite_smsse;50081;22;activite.code_type_activite_smsse;finess_activites
type_activite_smsse;50174;22;activite.code_type_activite_smsse;finess_activites
type_activite_smsse;50212;22;activite.code_type_activite_smsse;finess_activites
type_activite_smsse;50295;22;activite.code_type_activite_smsse;finess_activites
type_activite_smsse;50304;22;activite.code_type_activite_smsse;finess_activites
type_activite_smsse;50389;22;activite.code_type_activite_smsse;finess_activites
type_activite_smsse;50452;22;activite.code_type_activite_smsse;finess_activites
type_activite_smsse;50614;22;activite.code_type_activite_smsse;finess_activites
type_activite_smsse;50640;22;activite.code_type_activite_smsse;finess_activites
type_activite_smsse;50641;22;activite.code_type_activite_smsse;finess_activites
type_activite_smsse;50708;22;activite.code_type_activite_smsse;finess_activites
type_activite_smsse;70028;22;activite.code_type_activite_smsse;finess_activites
type_activite_smsse;70046;22;activite.code_type_activite_smsse;finess_activites
type_activite_smsse;70175;22;activite.code_type_activite_smsse;finess_activites
type_activite_smsse;70226;22;activite.code_type_activite_smsse;finess_activites
type_activite_smsse;70250;22;activite.code_type_activite_smsse;finess_activites
type_activite_smsse;70294;22;activite.code_type_activite_smsse;finess_activites
type_activite_smsse;70395;22;activite.code_type_activite_smsse;finess_activites
type_activite_smsse;70559;22;activite.code_type_activite_smsse;finess_activites
type_activite_smsse;70669;22;activite.code_type_activite_smsse;finess_activites
type_activite_smsse;70685;22;activite.code_type_activite_smsse;finess_activites
type_activite_smsse;70869;22;activite.code_type_activite_smsse;finess_activites
type_activite_smsse;70885;22;activite.code_type_activite_smsse;finess_activites
type_activite_smsse;71067;22;activite.code_type_activite_smsse;finess_activites
type_activite_smsse;71083;22;activite.code_type_activite_smsse;finess_activites
type_activite_smsse;71165;22;activite.code_type_activite_smsse;finess_activites
type_activite_smsse;71201;22;activite.code_type_activite_smsse;finess_activites
type_activite_smsse;71251;22;activite.code_type_activite_smsse;finess_activites
type_activite_smsse;71255;22;activite.code_type_activite_smsse;finess_activites
type_activite_smsse;71272;22;activite.code_type_activite_smsse;finess_activites
type_activite_smsse;71343;22;activite.code_type_activite_smsse;finess_activites
type_activite_smsse;71358;22;activite.code_type_activite_smsse;finess_activites
type_activite_smsse;71381;22;activite.code_type_activite_smsse;finess_activites
type_activite_smsse;71566;22;activite.code_type_activite_smsse;finess_activites
type_activite_smsse;71579;22;activite.code_type_activite_smsse;finess_activites
type_activite_smsse;71620;22;activite.code_type_activite_smsse;finess_activites
type_activite_smsse;71766;22;activite.code_type_activite_smsse;finess_activites
type_activite_smsse;71776;22;activite.code_type_activite_smsse;finess_activites
type_activite_smsse;71802;22;activite.code_type_activite_smsse;finess_activites
type_activite_smsse;71899;22;activite.code_type_activite_smsse;finess_activites
type_activite_smsse;71942;22;activite.code_type_activite_smsse;finess_activites
type_activite_smsse;72005;22;activite.code_type_activite_smsse;finess_activites
type_activite_smsse;72157;22;activite.code_type_activite_smsse;finess_activites
type_activite_smsse;72217;22;activite.code_type_activite_smsse;finess_activites
type_activite_smsse;72339;22;activite.code_type_activite_smsse;finess_activites
type_activite_smsse;72448;22;activite.code_type_activite_smsse;finess_activites
type_activite_smsse;80001;22;activite.code_type_activite_smsse;finess_activites
type_activite_smsse;80057;22;activite.code_type_activite_smsse;finess_activites
type_activite_smsse;80063;22;activite.code_type_activite_smsse;finess_activites
type_activite_smsse;80114;22;activite.code_type_activite_smsse;finess_activites
type_activite_smsse;80147;22;activite.code_type_activite_smsse;finess_activites
type_activite_smsse;80166;22;activite.code_type_activite_smsse;finess_activites
type_activite_smsse;80284;22;activite.code_type_activite_smsse;finess_activites
type_activite_smsse;80300;22;activite.code_type_activite_smsse;finess_activites
type_activite_smsse;80303;22;activite.code_type_activite_smsse;finess_activites
type_activite_smsse;80451;22;activite.code_type_activite_smsse;finess_activites
type_activite_smsse;80471;22;activite.code_type_activite_smsse;finess_activites
type_activite_smsse;80472;22;activite.code_type_activite_smsse;finess_activites
type_activite_smsse;80542;22;activite.code_type_activite_smsse;finess_activites
type_activite_smsse;80572;22;activite.code_type_activite_smsse;finess_activites
type_activite_smsse;80691;22;activite.code_type_activite_smsse;finess_activites
type_activite_smsse;80731;22;activite.code_type_activite_smsse;finess_activites
type_activite_smsse;80824;22;activite.code_type_activite_smsse;finess_activites
type_activite_smsse;80859;22;activite.code_type_activite_smsse;finess_activites
type_activite_smsse;80913;22;activite.code_type_activite_smsse;finess_activites
type_activite_smsse;20103;20;activite.code_type_activite_smsse;finess_activites
type_activite_smsse;40086;20;activite.code_type_activite_smsse;finess_activites
type_activite_smsse;50030;20;activite.code_type_activite_smsse;finess_activites
type_activite_smsse;50111;20;activite.code_type_activite_smsse;finess_activites
type_activite_smsse;50133;20;activite.code_type_activite_smsse;finess_activites
type_activite_smsse;50141;20;activite.code_type_activite_smsse;finess_activites
type_activite_smsse;50145;20;activite.code_type_activite_smsse;finess_activites
type_activite_smsse;50166;20;activite.code_type_activite_smsse;finess_activites
type_activite_smsse;50205;20;activite.code_type_activite_smsse;finess_activites
type_activite_smsse;50237;20;activite.code_type_activite_smsse;finess_activites
type_activite_smsse;50323;20;activite.code_type_activite_smsse;finess_activites
type_activite_smsse;50378;20;activite.code_type_activite_smsse;finess_activites
type_activite_smsse;50523;20;activite.code_type_activite_smsse;finess_activites
type_activite_smsse;50625;20;activite.code_type_activite_smsse;finess_activites
type_activite_smsse;50687;20;activite.code_type_activite_smsse;finess_activites
type_activite_smsse;60003;20;activite.code_type_activite_smsse;finess_activites
type_activite_smsse;70090;20;activite.code_type_activite_smsse;finess_activites
type_activite_smsse;70120;20;activite.code_type_activite_smsse;finess_activites
type_activite_smsse;70216;20;activite.code_type_activite_smsse;finess_activites
type_activite_smsse;70232;20;activite.code_type_activite_smsse;finess_activites
type_activite_smsse;70283;20;activite.code_type_activite_smsse;finess_activites
type_activite_smsse;70307;20;activite.code_type_activite_smsse;finess_activites
type_activite_smsse;70327;20;activite.code_type_activite_smsse;finess_activites
type_activite_smsse;70379;20;activite.code_type_activite_smsse;finess_activites
type_activite_smsse;70588;20;activite.code_type_activite_smsse;finess_activites
type_activite_smsse;70593;20;activite.code_type_activite_smsse;finess_activites
type_activite_smsse;70749;20;activite.code_type_activite_smsse;finess_activites
type_activite_smsse;70760;20;activite.code_type_activite_smsse;finess_activites
type_activite_smsse;70786;20;activite.code_type_activite_smsse;finess_activites
type_activite_smsse;70882;20;activite.code_type_activite_smsse;finess_activites
type_activite_smsse;70953;20;activite.code_type_activite_smsse;finess_activites
type_activite_smsse;71013;20;activite.code_type_activite_smsse;finess_activites
type_activite_smsse;71054;20;activite.code_type_activite_smsse;finess_activites
type_activite_smsse;71063;20;activite.code_type_activite_smsse;finess_activites
type_activite_smsse;71095;20;activite.code_type_activite_smsse;finess_activites
type_activite_smsse;71275;20;activite.code_type_activite_smsse;finess_activites
type_activite_smsse;71341;20;activite.code_type_activite_smsse;finess_activites
type_activite_smsse;71387;20;activite.code_type_activite_smsse;finess_activites
type_activite_smsse;71389;20;activite.code_type_activite_smsse;finess_activites
type_activite_smsse;71413;20;activite.code_type_activite_smsse;finess_activites
type_activite_smsse;71433;20;activite.code_type_activite_smsse;finess_activites
type_activite_smsse;71450;20;activite.code_type_activite_smsse;finess_activites
type_activite_smsse;71460;20;activite.code_type_activite_smsse;finess_activites
type_activite_smsse;71570;20;activite.code_type_activite_smsse;finess_activites
type_activite_smsse;71826;20;activite.code_type_activite_smsse;finess_activites
type_activite_smsse;71873;20;activite.code_type_activite_smsse;finess_activites
type_activite_smsse;71878;20;activite.code_type_activite_smsse;finess_activites
type_activite_smsse;72036;20;activite.code_type_activite_smsse;finess_activites
type_activite_smsse;72111;20;activite.code_type_activite_smsse;finess_activites
type_activite_smsse;72118;20;activite.code_type_activite_smsse;finess_activites
type_activite_smsse;72175;20;activite.code_type_activite_smsse;finess_activites
type_activite_smsse;72181;20;activite.code_type_activite_smsse;finess_activites
type_activite_smsse;72207;20;activite.code_type_activite_smsse;finess_activites
type_activite_smsse;72302;20;activite.code_type_activite_smsse;finess_activites
type_activite_smsse;72345;20;activite.code_type_activite_smsse;finess_activites
type_activite_smsse;72506;20;activite.code_type_activite_smsse;finess_activites
type_activite_smsse;72512;20;activite.code_type_activite_smsse;finess_activites
type_activite_smsse;80033;20;activite.code_type_activite_smsse;finess_activites
type_activite_smsse;80135;20;activite.code_type_activite_smsse;finess_activites
type_activite_smsse;80287;20;activite.code_type_activite_smsse;finess_activites
type_activite_smsse;80367;20;activite.code_type_activite_smsse;finess_activites
type_activite_smsse;80384;20;activite.code_type_activite_smsse;finess_activites
type_activite_smsse;80456;20;activite.code_type_activite_smsse;finess_activites
type_activite_smsse;80561;20;activite.code_type_activite_smsse;finess_activites
type_activite_smsse;80695;20;activite.code_type_activite_smsse;finess_activites
type_activite_smsse;80752;20;activite.code_type_activite_smsse;finess_activites
type_activite_smsse;80894;20;activite.code_type_activite_smsse;finess_activites
type_activite_smsse;20021;18;activite.code_type_activite_smsse;finess_activites
type_activite_smsse;20033;18;activite.code_type_activite_smsse;finess_activites
type_activite_smsse;20036;18;activite.code_type_activite_smsse;finess_activites
type_activite_smsse;20077;18;activite.code_type_activite_smsse;finess_activites
type_activite_smsse;20080;18;activite.code_type_activite_smsse;finess_activites
type_activite_smsse;20085;18;activite.code_type_activite_smsse;finess_activites
type_activite_smsse;20101;18;activite.code_type_activite_smsse;finess_activites
type_activite_smsse;20140;18;activite.code_type_activite_smsse;finess_activites
type_activite_smsse;20236;18;activite.code_type_activite_smsse;finess_activites
type_activite_smsse;50012;18;activite.code_type_activite_smsse;finess_activites
type_activite_smsse;50016;18;activite.code_type_activite_smsse;finess_activites
type_activite_smsse;50065;18;activite.code_type_activite_smsse;finess_activites
type_activite_smsse;50110;18;activite.code_type_activite_smsse;finess_activites
type_activite_smsse;50148;18;activite.code_type_activite_smsse;finess_activites
type_activite_smsse;50176;18;activite.code_type_activite_smsse;finess_activites
type_activite_smsse;50198;18;activite.code_type_activite_smsse;finess_activites
type_activite_smsse;50562;18;activite.code_type_activite_smsse;finess_activites
type_activite_smsse;50585;18;activite.code_type_activite_smsse;finess_activites
type_activite_smsse;50611;18;activite.code_type_activite_smsse;finess_activites
type_activite_smsse;50656;18;activite.code_type_activite_smsse;finess_activites
type_activite_smsse;50673;18;activite.code_type_activite_smsse;finess_activites
type_activite_smsse;50690;18;activite.code_type_activite_smsse;finess_activites
type_activite_smsse;50716;18;activite.code_type_activite_smsse;finess_activites
type_activite_smsse;50722;18;activite.code_type_activite_smsse;finess_activites
type_activite_smsse;60033;18;activite.code_type_activite_smsse;finess_activites
type_activite_smsse;70004;18;activite.code_type_activite_smsse;finess_activites
type_activite_smsse;70015;18;activite.code_type_activite_smsse;finess_activites
type_activite_smsse;70060;18;activite.code_type_activite_smsse;finess_activites
type_activite_smsse;70062;18;activite.code_type_activite_smsse;finess_activites
type_activite_smsse;70075;18;activite.code_type_activite_smsse;finess_activites
type_activite_smsse;70125;18;activite.code_type_activite_smsse;finess_activites
type_activite_smsse;70129;18;activite.code_type_activite_smsse;finess_activites
type_activite_smsse;70263;18;activite.code_type_activite_smsse;finess_activites
type_activite_smsse;70291;18;activite.code_type_activite_smsse;finess_activites
type_activite_smsse;70302;18;activite.code_type_activite_smsse;finess_activites
type_activite_smsse;70308;18;activite.code_type_activite_smsse;finess_activites
type_activite_smsse;70453;18;activite.code_type_activite_smsse;finess_activites
type_activite_smsse;70612;18;activite.code_type_activite_smsse;finess_activites
type_activite_smsse;70642;18;activite.code_type_activite_smsse;finess_activites
type_activite_smsse;70682;18;activite.code_type_activite_smsse;finess_activites
type_activite_smsse;70702;18;activite.code_type_activite_smsse;finess_activites
type_activite_smsse;70712;18;activite.code_type_activite_smsse;finess_activites
type_activite_smsse;70730;18;activite.code_type_activite_smsse;finess_activites
type_activite_smsse;70766;18;activite.code_type_activite_smsse;finess_activites
type_activite_smsse;70834;18;activite.code_type_activite_smsse;finess_activites
type_activite_smsse;70861;18;activite.code_type_activite_smsse;finess_activites
type_activite_smsse;71094;18;activite.code_type_activite_smsse;finess_activites
type_activite_smsse;71105;18;activite.code_type_activite_smsse;finess_activites
type_activite_smsse;71130;18;activite.code_type_activite_smsse;finess_activites
type_activite_smsse;71159;18;activite.code_type_activite_smsse;finess_activites
type_activite_smsse;71213;18;activite.code_type_activite_smsse;finess_activites
type_activite_smsse;71270;18;activite.code_type_activite_smsse;finess_activites
type_activite_smsse;71309;18;activite.code_type_activite_smsse;finess_activites
type_activite_smsse;71322;18;activite.code_type_activite_smsse;finess_activites
type_activite_smsse;71426;18;activite.code_type_activite_smsse;finess_activites
type_activite_smsse;71431;18;activite.code_type_activite_smsse;finess_activites
type_activite_smsse;71444;18;activite.code_type_activite_smsse;finess_activites
type_activite_smsse;71496;18;activite.code_type_activite_smsse;finess_activites
type_activite_smsse;71707;18;activite.code_type_activite_smsse;finess_activites
type_activite_smsse;71840;18;activite.code_type_activite_smsse;finess_activites
type_activite_smsse;71981;18;activite.code_type_activite_smsse;finess_activites
type_activite_smsse;71997;18;activite.code_type_activite_smsse;finess_activites
type_activite_smsse;72016;18;activite.code_type_activite_smsse;finess_activites
type_activite_smsse;72021;18;activite.code_type_activite_smsse;finess_activites
type_activite_smsse;72023;18;activite.code_type_activite_smsse;finess_activites
type_activite_smsse;72071;18;activite.code_type_activite_smsse;finess_activites
type_activite_smsse;72073;18;activite.code_type_activite_smsse;finess_activites
type_activite_smsse;72110;18;activite.code_type_activite_smsse;finess_activites
type_activite_smsse;72337;18;activite.code_type_activite_smsse;finess_activites
type_activite_smsse;80051;18;activite.code_type_activite_smsse;finess_activites
type_activite_smsse;80093;18;activite.code_type_activite_smsse;finess_activites
type_activite_smsse;80118;18;activite.code_type_activite_smsse;finess_activites
type_activite_smsse;80160;18;activite.code_type_activite_smsse;finess_activites
type_activite_smsse;80207;18;activite.code_type_activite_smsse;finess_activites
type_activite_smsse;80263;18;activite.code_type_activite_smsse;finess_activites
type_activite_smsse;80335;18;activite.code_type_activite_smsse;finess_activites
type_activite_smsse;80371;18;activite.code_type_activite_smsse;finess_activites
type_activite_smsse;80412;18;activite.code_type_activite_smsse;finess_activites
type_activite_smsse;80508;18;activite.code_type_activite_smsse;finess_activites
type_activite_smsse;80571;18;activite.code_type_activite_smsse;finess_activites
type_activite_smsse;80574;18;activite.code_type_activite_smsse;finess_activites
type_activite_smsse;80779;18;activite.code_type_activite_smsse;finess_activites
type_activite_smsse;80788;18;activite.code_type_activite_smsse;finess_activites
type_activite_smsse;80821;18;activite.code_type_activite_smsse;finess_activites
type_activite_smsse;80951;18;activite.code_type_activite_smsse;finess_activites
type_activite_smsse;80973;18;activite.code_type_activite_smsse;finess_activites
type_activite_smsse;20032;16;activite.code_type_activite_smsse;finess_activites
type_activite_smsse;20141;16;activite.code_type_activite_smsse;finess_activites
type_activite_smsse;30018;16;activite.code_type_activite_smsse;finess_activites
type_activite_smsse;40050;16;activite.code_type_activite_smsse;finess_activites
type_activite_smsse;40053;16;activite.code_type_activite_smsse;finess_activites
type_activite_smsse;40076;16;activite.code_type_activite_smsse;finess_activites
type_activite_smsse;40091;16;activite.code_type_activite_smsse;finess_activites
type_activite_smsse;40148;16;activite.code_type_activite_smsse;finess_activites
type_activite_smsse;50089;16;activite.code_type_activite_smsse;finess_activites
type_activite_smsse;50147;16;activite.code_type_activite_smsse;finess_activites
type_activite_smsse;50294;16;activite.code_type_activite_smsse;finess_activites
type_activite_smsse;50326;16;activite.code_type_activite_smsse;finess_activites
type_activite_smsse;50438;16;activite.code_type_activite_smsse;finess_activites
type_activite_smsse;50450;16;activite.code_type_activite_smsse;finess_activites
type_activite_smsse;50520;16;activite.code_type_activite_smsse;finess_activites
type_activite_smsse;50596;16;activite.code_type_activite_smsse;finess_activites
type_activite_smsse;50612;16;activite.code_type_activite_smsse;finess_activites
type_activite_smsse;50635;16;activite.code_type_activite_smsse;finess_activites
type_activite_smsse;50639;16;activite.code_type_activite_smsse;finess_activites
type_activite_smsse;50642;16;activite.code_type_activite_smsse;finess_activites
type_activite_smsse;50667;16;activite.code_type_activite_smsse;finess_activites
type_activite_smsse;50683;16;activite.code_type_activite_smsse;finess_activites
type_activite_smsse;50697;16;activite.code_type_activite_smsse;finess_activites
type_activite_smsse;50719;16;activite.code_type_activite_smsse;finess_activites
type_activite_smsse;60002;16;activite.code_type_activite_smsse;finess_activites
type_activite_smsse;70023;16;activite.code_type_activite_smsse;finess_activites
type_activite_smsse;70080;16;activite.code_type_activite_smsse;finess_activites
type_activite_smsse;70116;16;activite.code_type_activite_smsse;finess_activites
type_activite_smsse;70132;16;activite.code_type_activite_smsse;finess_activites
type_activite_smsse;70233;16;activite.code_type_activite_smsse;finess_activites
type_activite_smsse;70245;16;activite.code_type_activite_smsse;finess_activites
type_activite_smsse;70303;16;activite.code_type_activite_smsse;finess_activites
type_activite_smsse;70309;16;activite.code_type_activite_smsse;finess_activites
type_activite_smsse;70357;16;activite.code_type_activite_smsse;finess_activites
type_activite_smsse;70368;16;activite.code_type_activite_smsse;finess_activites
type_activite_smsse;70369;16;activite.code_type_activite_smsse;finess_activites
type_activite_smsse;70424;16;activite.code_type_activite_smsse;finess_activites
type_activite_smsse;70451;16;activite.code_type_activite_smsse;finess_activites
type_activite_smsse;70463;16;activite.code_type_activite_smsse;finess_activites
type_activite_smsse;70647;16;activite.code_type_activite_smsse;finess_activites
type_activite_smsse;70693;16;activite.code_type_activite_smsse;finess_activites
type_activite_smsse;70715;16;activite.code_type_activite_smsse;finess_activites
type_activite_smsse;70788;16;activite.code_type_activite_smsse;finess_activites
type_activite_smsse;70828;16;activite.code_type_activite_smsse;finess_activites
type_activite_smsse;70957;16;activite.code_type_activite_smsse;finess_activites
type_activite_smsse;70970;16;activite.code_type_activite_smsse;finess_activites
type_activite_smsse;70971;16;activite.code_type_activite_smsse;finess_activites
type_activite_smsse;71055;16;activite.code_type_activite_smsse;finess_activites
type_activite_smsse;71077;16;activite.code_type_activite_smsse;finess_activites
type_activite_smsse;71106;16;activite.code_type_activite_smsse;finess_activites
type_activite_smsse;71169;16;activite.code_type_activite_smsse;finess_activites
type_activite_smsse;71170;16;activite.code_type_activite_smsse;finess_activites
type_activite_smsse;71230;16;activite.code_type_activite_smsse;finess_activites
type_activite_smsse;71246;16;activite.code_type_activite_smsse;finess_activites
type_activite_smsse;71284;16;activite.code_type_activite_smsse;finess_activites
type_activite_smsse;71306;16;activite.code_type_activite_smsse;finess_activites
type_activite_smsse;71332;16;activite.code_type_activite_smsse;finess_activites
type_activite_smsse;71409;16;activite.code_type_activite_smsse;finess_activites
type_activite_smsse;71478;16;activite.code_type_activite_smsse;finess_activites
type_activite_smsse;71484;16;activite.code_type_activite_smsse;finess_activites
type_activite_smsse;71599;16;activite.code_type_activite_smsse;finess_activites
type_activite_smsse;71618;16;activite.code_type_activite_smsse;finess_activites
type_activite_smsse;71631;16;activite.code_type_activite_smsse;finess_activites
type_activite_smsse;71676;16;activite.code_type_activite_smsse;finess_activites
type_activite_smsse;71780;16;activite.code_type_activite_smsse;finess_activites
type_activite_smsse;71794;16;activite.code_type_activite_smsse;finess_activites
type_activite_smsse;71817;16;activite.code_type_activite_smsse;finess_activites
type_activite_smsse;71819;16;activite.code_type_activite_smsse;finess_activites
type_activite_smsse;71854;16;activite.code_type_activite_smsse;finess_activites
type_activite_smsse;71858;16;activite.code_type_activite_smsse;finess_activites
type_activite_smsse;71886;16;activite.code_type_activite_smsse;finess_activites
type_activite_smsse;71940;16;activite.code_type_activite_smsse;finess_activites
type_activite_smsse;72067;16;activite.code_type_activite_smsse;finess_activites
type_activite_smsse;72228;16;activite.code_type_activite_smsse;finess_activites
type_activite_smsse;72338;16;activite.code_type_activite_smsse;finess_activites
type_activite_smsse;72387;16;activite.code_type_activite_smsse;finess_activites
type_activite_smsse;80061;16;activite.code_type_activite_smsse;finess_activites
type_activite_smsse;80179;16;activite.code_type_activite_smsse;finess_activites
type_activite_smsse;80218;16;activite.code_type_activite_smsse;finess_activites
type_activite_smsse;80224;16;activite.code_type_activite_smsse;finess_activites
type_activite_smsse;80260;16;activite.code_type_activite_smsse;finess_activites
type_activite_smsse;80269;16;activite.code_type_activite_smsse;finess_activites
type_activite_smsse;80337;16;activite.code_type_activite_smsse;finess_activites
type_activite_smsse;80343;16;activite.code_type_activite_smsse;finess_activites
type_activite_smsse;80390;16;activite.code_type_activite_smsse;finess_activites
type_activite_smsse;80422;16;activite.code_type_activite_smsse;finess_activites
type_activite_smsse;80453;16;activite.code_type_activite_smsse;finess_activites
type_activite_smsse;80483;16;activite.code_type_activite_smsse;finess_activites
type_activite_smsse;80647;16;activite.code_type_activite_smsse;finess_activites
type_activite_smsse;80669;16;activite.code_type_activite_smsse;finess_activites
type_activite_smsse;80725;16;activite.code_type_activite_smsse;finess_activites
type_activite_smsse;80802;16;activite.code_type_activite_smsse;finess_activites
type_activite_smsse;80867;16;activite.code_type_activite_smsse;finess_activites
type_activite_smsse;80945;16;activite.code_type_activite_smsse;finess_activites
type_activite_smsse;80990;16;activite.code_type_activite_smsse;finess_activites
type_activite_smsse;20104;14;activite.code_type_activite_smsse;finess_activites
type_activite_smsse;20128;14;activite.code_type_activite_smsse;finess_activites
type_activite_smsse;20132;14;activite.code_type_activite_smsse;finess_activites
type_activite_smsse;40055;14;activite.code_type_activite_smsse;finess_activites
type_activite_smsse;40165;14;activite.code_type_activite_smsse;finess_activites
type_activite_smsse;40208;14;activite.code_type_activite_smsse;finess_activites
type_activite_smsse;50080;14;activite.code_type_activite_smsse;finess_activites
type_activite_smsse;50178;14;activite.code_type_activite_smsse;finess_activites
type_activite_smsse;50209;14;activite.code_type_activite_smsse;finess_activites
type_activite_smsse;50220;14;activite.code_type_activite_smsse;finess_activites
type_activite_smsse;50227;14;activite.code_type_activite_smsse;finess_activites
type_activite_smsse;50255;14;activite.code_type_activite_smsse;finess_activites
type_activite_smsse;50334;14;activite.code_type_activite_smsse;finess_activites
type_activite_smsse;50419;14;activite.code_type_activite_smsse;finess_activites
type_activite_smsse;50424;14;activite.code_type_activite_smsse;finess_activites
type_activite_smsse;50433;14;activite.code_type_activite_smsse;finess_activites
type_activite_smsse;50465;14;activite.code_type_activite_smsse;finess_activites
type_activite_smsse;50492;14;activite.code_type_activite_smsse;finess_activites
type_activite_smsse;50496;14;activite.code_type_activite_smsse;finess_activites
type_activite_smsse;50497;14;activite.code_type_activite_smsse;finess_activites
type_activite_smsse;50593;14;activite.code_type_activite_smsse;finess_activites
type_activite_smsse;50633;14;activite.code_type_activite_smsse;finess_activites
type_activite_smsse;50643;14;activite.code_type_activite_smsse;finess_activites
type_activite_smsse;50676;14;activite.code_type_activite_smsse;finess_activites
type_activite_smsse;60056;14;activite.code_type_activite_smsse;finess_activites
type_activite_smsse;70047;14;activite.code_type_activite_smsse;finess_activites
type_activite_smsse;70099;14;activite.code_type_activite_smsse;finess_activites
type_activite_smsse;70176;14;activite.code_type_activite_smsse;finess_activites
type_activite_smsse;70220;14;activite.code_type_activite_smsse;finess_activites
type_activite_smsse;70426;14;activite.code_type_activite_smsse;finess_activites
type_activite_smsse;70544;14;activite.code_type_activite_smsse;finess_activites
type_activite_smsse;70555;14;activite.code_type_activite_smsse;finess_activites
type_activite_smsse;70623;14;activite.code_type_activite_smsse;finess_activites
type_activite_smsse;70624;14;activite.code_type_activite_smsse;finess_activites
type_activite_smsse;70638;14;activite.code_type_activite_smsse;finess_activites
type_activite_smsse;70661;14;activite.code_type_activite_smsse;finess_activites
type_activite_smsse;70667;14;activite.code_type_activite_smsse;finess_activites
type_activite_smsse;70692;14;activite.code_type_activite_smsse;finess_activites
type_activite_smsse;70741;14;activite.code_type_activite_smsse;finess_activites
type_activite_smsse;70764;14;activite.code_type_activite_smsse;finess_activites
type_activite_smsse;70768;14;activite.code_type_activite_smsse;finess_activites
type_activite_smsse;70801;14;activite.code_type_activite_smsse;finess_activites
type_activite_smsse;70826;14;activite.code_type_activite_smsse;finess_activites
type_activite_smsse;70919;14;activite.code_type_activite_smsse;finess_activites
type_activite_smsse;70946;14;activite.code_type_activite_smsse;finess_activites
type_activite_smsse;70999;14;activite.code_type_activite_smsse;finess_activites
type_activite_smsse;71010;14;activite.code_type_activite_smsse;finess_activites
type_activite_smsse;71036;14;activite.code_type_activite_smsse;finess_activites
type_activite_smsse;71040;14;activite.code_type_activite_smsse;finess_activites
type_activite_smsse;71048;14;activite.code_type_activite_smsse;finess_activites
type_activite_smsse;71084;14;activite.code_type_activite_smsse;finess_activites
type_activite_smsse;71158;14;activite.code_type_activite_smsse;finess_activites
type_activite_smsse;71183;14;activite.code_type_activite_smsse;finess_activites
type_activite_smsse;71245;14;activite.code_type_activite_smsse;finess_activites
type_activite_smsse;71299;14;activite.code_type_activite_smsse;finess_activites
type_activite_smsse;71320;14;activite.code_type_activite_smsse;finess_activites
type_activite_smsse;71324;14;activite.code_type_activite_smsse;finess_activites
type_activite_smsse;71351;14;activite.code_type_activite_smsse;finess_activites
type_activite_smsse;71411;14;activite.code_type_activite_smsse;finess_activites
type_activite_smsse;71538;14;activite.code_type_activite_smsse;finess_activites
type_activite_smsse;71543;14;activite.code_type_activite_smsse;finess_activites
type_activite_smsse;71544;14;activite.code_type_activite_smsse;finess_activites
type_activite_smsse;71552;14;activite.code_type_activite_smsse;finess_activites
type_activite_smsse;71560;14;activite.code_type_activite_smsse;finess_activites
type_activite_smsse;71671;14;activite.code_type_activite_smsse;finess_activites
type_activite_smsse;71701;14;activite.code_type_activite_smsse;finess_activites
type_activite_smsse;71708;14;activite.code_type_activite_smsse;finess_activites
type_activite_smsse;71717;14;activite.code_type_activite_smsse;finess_activites
type_activite_smsse;71730;14;activite.code_type_activite_smsse;finess_activites
type_activite_smsse;71803;14;activite.code_type_activite_smsse;finess_activites
type_activite_smsse;71842;14;activite.code_type_activite_smsse;finess_activites
type_activite_smsse;71857;14;activite.code_type_activite_smsse;finess_activites
type_activite_smsse;71891;14;activite.code_type_activite_smsse;finess_activites
type_activite_smsse;71898;14;activite.code_type_activite_smsse;finess_activites
type_activite_smsse;71902;14;activite.code_type_activite_smsse;finess_activites
type_activite_smsse;71970;14;activite.code_type_activite_smsse;finess_activites
type_activite_smsse;71989;14;activite.code_type_activite_smsse;finess_activites
type_activite_smsse;72076;14;activite.code_type_activite_smsse;finess_activites
type_activite_smsse;72116;14;activite.code_type_activite_smsse;finess_activites
type_activite_smsse;72139;14;activite.code_type_activite_smsse;finess_activites
type_activite_smsse;72163;14;activite.code_type_activite_smsse;finess_activites
type_activite_smsse;72290;14;activite.code_type_activite_smsse;finess_activites
type_activite_smsse;72301;14;activite.code_type_activite_smsse;finess_activites
type_activite_smsse;72319;14;activite.code_type_activite_smsse;finess_activites
type_activite_smsse;72336;14;activite.code_type_activite_smsse;finess_activites
type_activite_smsse;72355;14;activite.code_type_activite_smsse;finess_activites
type_activite_smsse;72362;14;activite.code_type_activite_smsse;finess_activites
type_activite_smsse;72431;14;activite.code_type_activite_smsse;finess_activites
type_activite_smsse;72468;14;activite.code_type_activite_smsse;finess_activites
type_activite_smsse;72483;14;activite.code_type_activite_smsse;finess_activites
type_activite_smsse;72488;14;activite.code_type_activite_smsse;finess_activites
type_activite_smsse;80041;14;activite.code_type_activite_smsse;finess_activites
type_activite_smsse;80146;14;activite.code_type_activite_smsse;finess_activites
type_activite_smsse;80184;14;activite.code_type_activite_smsse;finess_activites
type_activite_smsse;80402;14;activite.code_type_activite_smsse;finess_activites
type_activite_smsse;80433;14;activite.code_type_activite_smsse;finess_activites
type_activite_smsse;80445;14;activite.code_type_activite_smsse;finess_activites
type_activite_smsse;80479;14;activite.code_type_activite_smsse;finess_activites
type_activite_smsse;80497;14;activite.code_type_activite_smsse;finess_activites
type_activite_smsse;80500;14;activite.code_type_activite_smsse;finess_activites
type_activite_smsse;80521;14;activite.code_type_activite_smsse;finess_activites
type_activite_smsse;80568;14;activite.code_type_activite_smsse;finess_activites
type_activite_smsse;80573;14;activite.code_type_activite_smsse;finess_activites
type_activite_smsse;80580;14;activite.code_type_activite_smsse;finess_activites
type_activite_smsse;80605;14;activite.code_type_activite_smsse;finess_activites
type_activite_smsse;80649;14;activite.code_type_activite_smsse;finess_activites
type_activite_smsse;80665;14;activite.code_type_activite_smsse;finess_activites
type_activite_smsse;80679;14;activite.code_type_activite_smsse;finess_activites
type_activite_smsse;80685;14;activite.code_type_activite_smsse;finess_activites
type_activite_smsse;80792;14;activite.code_type_activite_smsse;finess_activites
type_activite_smsse;80870;14;activite.code_type_activite_smsse;finess_activites
type_activite_smsse;80970;14;activite.code_type_activite_smsse;finess_activites
type_activite_smsse;81017;14;activite.code_type_activite_smsse;finess_activites
type_activite_smsse;20017;12;activite.code_type_activite_smsse;finess_activites
type_activite_smsse;20054;12;activite.code_type_activite_smsse;finess_activites
type_activite_smsse;20095;12;activite.code_type_activite_smsse;finess_activites
type_activite_smsse;20100;12;activite.code_type_activite_smsse;finess_activites
type_activite_smsse;20119;12;activite.code_type_activite_smsse;finess_activites
type_activite_smsse;20120;12;activite.code_type_activite_smsse;finess_activites
type_activite_smsse;20129;12;activite.code_type_activite_smsse;finess_activites
type_activite_smsse;20228;12;activite.code_type_activite_smsse;finess_activites
type_activite_smsse;20234;12;activite.code_type_activite_smsse;finess_activites
type_activite_smsse;20237;12;activite.code_type_activite_smsse;finess_activites
type_activite_smsse;20239;12;activite.code_type_activite_smsse;finess_activites
type_activite_smsse;4;12;activite.code_type_activite_smsse;finess_activites
type_activite_smsse;50036;12;activite.code_type_activite_smsse;finess_activites
type_activite_smsse;50070;12;activite.code_type_activite_smsse;finess_activites
type_activite_smsse;50154;12;activite.code_type_activite_smsse;finess_activites
type_activite_smsse;50162;12;activite.code_type_activite_smsse;finess_activites
type_activite_smsse;50189;12;activite.code_type_activite_smsse;finess_activites
type_activite_smsse;50196;12;activite.code_type_activite_smsse;finess_activites
type_activite_smsse;50215;12;activite.code_type_activite_smsse;finess_activites
type_activite_smsse;50258;12;activite.code_type_activite_smsse;finess_activites
type_activite_smsse;50288;12;activite.code_type_activite_smsse;finess_activites
type_activite_smsse;50346;12;activite.code_type_activite_smsse;finess_activites
type_activite_smsse;50356;12;activite.code_type_activite_smsse;finess_activites
type_activite_smsse;50412;12;activite.code_type_activite_smsse;finess_activites
type_activite_smsse;50479;12;activite.code_type_activite_smsse;finess_activites
type_activite_smsse;50506;12;activite.code_type_activite_smsse;finess_activites
type_activite_smsse;50568;12;activite.code_type_activite_smsse;finess_activites
type_activite_smsse;50632;12;activite.code_type_activite_smsse;finess_activites
type_activite_smsse;50638;12;activite.code_type_activite_smsse;finess_activites
type_activite_smsse;50651;12;activite.code_type_activite_smsse;finess_activites
type_activite_smsse;50657;12;activite.code_type_activite_smsse;finess_activites
type_activite_smsse;50717;12;activite.code_type_activite_smsse;finess_activites
type_activite_smsse;60034;12;activite.code_type_activite_smsse;finess_activites
type_activite_smsse;70030;12;activite.code_type_activite_smsse;finess_activites
type_activite_smsse;70058;12;activite.code_type_activite_smsse;finess_activites
type_activite_smsse;70101;12;activite.code_type_activite_smsse;finess_activites
type_activite_smsse;70190;12;activite.code_type_activite_smsse;finess_activites
type_activite_smsse;70201;12;activite.code_type_activite_smsse;finess_activites
type_activite_smsse;70247;12;activite.code_type_activite_smsse;finess_activites
type_activite_smsse;70265;12;activite.code_type_activite_smsse;finess_activites
type_activite_smsse;70323;12;activite.code_type_activite_smsse;finess_activites
type_activite_smsse;70380;12;activite.code_type_activite_smsse;finess_activites
type_activite_smsse;70387;12;activite.code_type_activite_smsse;finess_activites
type_activite_smsse;70414;12;activite.code_type_activite_smsse;finess_activites
type_activite_smsse;70417;12;activite.code_type_activite_smsse;finess_activites
type_activite_smsse;70430;12;activite.code_type_activite_smsse;finess_activites
type_activite_smsse;70448;12;activite.code_type_activite_smsse;finess_activites
type_activite_smsse;70464;12;activite.code_type_activite_smsse;finess_activites
type_activite_smsse;70511;12;activite.code_type_activite_smsse;finess_activites
type_activite_smsse;70521;12;activite.code_type_activite_smsse;finess_activites
type_activite_smsse;70523;12;activite.code_type_activite_smsse;finess_activites
type_activite_smsse;70545;12;activite.code_type_activite_smsse;finess_activites
type_activite_smsse;70548;12;activite.code_type_activite_smsse;finess_activites
type_activite_smsse;70552;12;activite.code_type_activite_smsse;finess_activites
type_activite_smsse;70564;12;activite.code_type_activite_smsse;finess_activites
type_activite_smsse;70581;12;activite.code_type_activite_smsse;finess_activites
type_activite_smsse;70591;12;activite.code_type_activite_smsse;finess_activites
type_activite_smsse;70614;12;activite.code_type_activite_smsse;finess_activites
type_activite_smsse;70622;12;activite.code_type_activite_smsse;finess_activites
type_activite_smsse;70625;12;activite.code_type_activite_smsse;finess_activites
type_activite_smsse;70632;12;activite.code_type_activite_smsse;finess_activites
type_activite_smsse;70635;12;activite.code_type_activite_smsse;finess_activites
type_activite_smsse;70652;12;activite.code_type_activite_smsse;finess_activites
type_activite_smsse;70732;12;activite.code_type_activite_smsse;finess_activites
type_activite_smsse;70767;12;activite.code_type_activite_smsse;finess_activites
type_activite_smsse;70774;12;activite.code_type_activite_smsse;finess_activites
type_activite_smsse;70778;12;activite.code_type_activite_smsse;finess_activites
type_activite_smsse;70827;12;activite.code_type_activite_smsse;finess_activites
type_activite_smsse;70838;12;activite.code_type_activite_smsse;finess_activites
type_activite_smsse;70847;12;activite.code_type_activite_smsse;finess_activites
type_activite_smsse;70914;12;activite.code_type_activite_smsse;finess_activites
type_activite_smsse;70961;12;activite.code_type_activite_smsse;finess_activites
type_activite_smsse;70962;12;activite.code_type_activite_smsse;finess_activites
type_activite_smsse;70965;12;activite.code_type_activite_smsse;finess_activites
type_activite_smsse;70979;12;activite.code_type_activite_smsse;finess_activites
type_activite_smsse;70990;12;activite.code_type_activite_smsse;finess_activites
type_activite_smsse;71017;12;activite.code_type_activite_smsse;finess_activites
type_activite_smsse;71019;12;activite.code_type_activite_smsse;finess_activites
type_activite_smsse;71034;12;activite.code_type_activite_smsse;finess_activites
type_activite_smsse;71059;12;activite.code_type_activite_smsse;finess_activites
type_activite_smsse;71076;12;activite.code_type_activite_smsse;finess_activites
type_activite_smsse;71125;12;activite.code_type_activite_smsse;finess_activites
type_activite_smsse;71171;12;activite.code_type_activite_smsse;finess_activites
type_activite_smsse;71190;12;activite.code_type_activite_smsse;finess_activites
type_activite_smsse;71253;12;activite.code_type_activite_smsse;finess_activites
type_activite_smsse;71257;12;activite.code_type_activite_smsse;finess_activites
type_activite_smsse;71382;12;activite.code_type_activite_smsse;finess_activites
type_activite_smsse;71414;12;activite.code_type_activite_smsse;finess_activites
type_activite_smsse;71432;12;activite.code_type_activite_smsse;finess_activites
type_activite_smsse;71435;12;activite.code_type_activite_smsse;finess_activites
type_activite_smsse;71547;12;activite.code_type_activite_smsse;finess_activites
type_activite_smsse;71571;12;activite.code_type_activite_smsse;finess_activites
type_activite_smsse;71597;12;activite.code_type_activite_smsse;finess_activites
type_activite_smsse;71653;12;activite.code_type_activite_smsse;finess_activites
type_activite_smsse;71688;12;activite.code_type_activite_smsse;finess_activites
type_activite_smsse;71761;12;activite.code_type_activite_smsse;finess_activites
type_activite_smsse;71792;12;activite.code_type_activite_smsse;finess_activites
type_activite_smsse;71812;12;activite.code_type_activite_smsse;finess_activites
type_activite_smsse;71827;12;activite.code_type_activite_smsse;finess_activites
type_activite_smsse;71828;12;activite.code_type_activite_smsse;finess_activites
type_activite_smsse;71953;12;activite.code_type_activite_smsse;finess_activites
type_activite_smsse;71965;12;activite.code_type_activite_smsse;finess_activites
type_activite_smsse;72069;12;activite.code_type_activite_smsse;finess_activites
type_activite_smsse;72083;12;activite.code_type_activite_smsse;finess_activites
type_activite_smsse;72086;12;activite.code_type_activite_smsse;finess_activites
type_activite_smsse;72099;12;activite.code_type_activite_smsse;finess_activites
type_activite_smsse;72178;12;activite.code_type_activite_smsse;finess_activites
type_activite_smsse;72184;12;activite.code_type_activite_smsse;finess_activites
type_activite_smsse;72201;12;activite.code_type_activite_smsse;finess_activites
type_activite_smsse;72244;12;activite.code_type_activite_smsse;finess_activites
type_activite_smsse;72306;12;activite.code_type_activite_smsse;finess_activites
type_activite_smsse;72321;12;activite.code_type_activite_smsse;finess_activites
type_activite_smsse;72331;12;activite.code_type_activite_smsse;finess_activites
type_activite_smsse;72367;12;activite.code_type_activite_smsse;finess_activites
type_activite_smsse;72440;12;activite.code_type_activite_smsse;finess_activites
type_activite_smsse;72466;12;activite.code_type_activite_smsse;finess_activites
type_activite_smsse;72490;12;activite.code_type_activite_smsse;finess_activites
type_activite_smsse;80067;12;activite.code_type_activite_smsse;finess_activites
type_activite_smsse;80082;12;activite.code_type_activite_smsse;finess_activites
type_activite_smsse;80134;12;activite.code_type_activite_smsse;finess_activites
type_activite_smsse;80230;12;activite.code_type_activite_smsse;finess_activites
type_activite_smsse;80277;12;activite.code_type_activite_smsse;finess_activites
type_activite_smsse;80306;12;activite.code_type_activite_smsse;finess_activites
type_activite_smsse;80349;12;activite.code_type_activite_smsse;finess_activites
type_activite_smsse;80369;12;activite.code_type_activite_smsse;finess_activites
type_activite_smsse;80435;12;activite.code_type_activite_smsse;finess_activites
type_activite_smsse;80447;12;activite.code_type_activite_smsse;finess_activites
type_activite_smsse;80489;12;activite.code_type_activite_smsse;finess_activites
type_activite_smsse;80534;12;activite.code_type_activite_smsse;finess_activites
type_activite_smsse;80546;12;activite.code_type_activite_smsse;finess_activites
type_activite_smsse;80602;12;activite.code_type_activite_smsse;finess_activites
type_activite_smsse;80740;12;activite.code_type_activite_smsse;finess_activites
type_activite_smsse;80751;12;activite.code_type_activite_smsse;finess_activites
type_activite_smsse;80782;12;activite.code_type_activite_smsse;finess_activites
type_activite_smsse;80808;12;activite.code_type_activite_smsse;finess_activites
type_activite_smsse;80814;12;activite.code_type_activite_smsse;finess_activites
type_activite_smsse;80837;12;activite.code_type_activite_smsse;finess_activites
type_activite_smsse;80857;12;activite.code_type_activite_smsse;finess_activites
type_activite_smsse;80917;12;activite.code_type_activite_smsse;finess_activites
type_activite_smsse;80956;12;activite.code_type_activite_smsse;finess_activites
type_activite_smsse;81044;12;activite.code_type_activite_smsse;finess_activites
type_activite_smsse;20038;10;activite.code_type_activite_smsse;finess_activites
type_activite_smsse;20110;10;activite.code_type_activite_smsse;finess_activites
type_activite_smsse;20111;10;activite.code_type_activite_smsse;finess_activites
type_activite_smsse;20113;10;activite.code_type_activite_smsse;finess_activites
type_activite_smsse;20126;10;activite.code_type_activite_smsse;finess_activites
type_activite_smsse;20138;10;activite.code_type_activite_smsse;finess_activites
type_activite_smsse;20224;10;activite.code_type_activite_smsse;finess_activites
type_activite_smsse;40039;10;activite.code_type_activite_smsse;finess_activites
type_activite_smsse;40120;10;activite.code_type_activite_smsse;finess_activites
type_activite_smsse;50059;10;activite.code_type_activite_smsse;finess_activites
type_activite_smsse;50091;10;activite.code_type_activite_smsse;finess_activites
type_activite_smsse;50122;10;activite.code_type_activite_smsse;finess_activites
type_activite_smsse;50192;10;activite.code_type_activite_smsse;finess_activites
type_activite_smsse;50213;10;activite.code_type_activite_smsse;finess_activites
type_activite_smsse;50306;10;activite.code_type_activite_smsse;finess_activites
type_activite_smsse;50307;10;activite.code_type_activite_smsse;finess_activites
type_activite_smsse;50310;10;activite.code_type_activite_smsse;finess_activites
type_activite_smsse;50353;10;activite.code_type_activite_smsse;finess_activites
type_activite_smsse;50392;10;activite.code_type_activite_smsse;finess_activites
type_activite_smsse;50449;10;activite.code_type_activite_smsse;finess_activites
type_activite_smsse;50525;10;activite.code_type_activite_smsse;finess_activites
type_activite_smsse;50539;10;activite.code_type_activite_smsse;finess_activites
type_activite_smsse;50541;10;activite.code_type_activite_smsse;finess_activites
type_activite_smsse;50571;10;activite.code_type_activite_smsse;finess_activites
type_activite_smsse;50572;10;activite.code_type_activite_smsse;finess_activites
type_activite_smsse;50575;10;activite.code_type_activite_smsse;finess_activites
type_activite_smsse;50582;10;activite.code_type_activite_smsse;finess_activites
type_activite_smsse;50588;10;activite.code_type_activite_smsse;finess_activites
type_activite_smsse;50591;10;activite.code_type_activite_smsse;finess_activites
type_activite_smsse;50610;10;activite.code_type_activite_smsse;finess_activites
type_activite_smsse;50653;10;activite.code_type_activite_smsse;finess_activites
type_activite_smsse;50696;10;activite.code_type_activite_smsse;finess_activites
type_activite_smsse;50709;10;activite.code_type_activite_smsse;finess_activites
type_activite_smsse;70022;10;activite.code_type_activite_smsse;finess_activites
type_activite_smsse;70041;10;activite.code_type_activite_smsse;finess_activites
type_activite_smsse;70106;10;activite.code_type_activite_smsse;finess_activites
type_activite_smsse;70164;10;activite.code_type_activite_smsse;finess_activites
type_activite_smsse;70193;10;activite.code_type_activite_smsse;finess_activites
type_activite_smsse;70213;10;activite.code_type_activite_smsse;finess_activites
type_activite_smsse;70270;10;activite.code_type_activite_smsse;finess_activites
type_activite_smsse;70273;10;activite.code_type_activite_smsse;finess_activites
type_activite_smsse;70385;10;activite.code_type_activite_smsse;finess_activites
type_activite_smsse;70390;10;activite.code_type_activite_smsse;finess_activites
type_activite_smsse;70437;10;activite.code_type_activite_smsse;finess_activites
type_activite_smsse;70518;10;activite.code_type_activite_smsse;finess_activites
type_activite_smsse;70547;10;activite.code_type_activite_smsse;finess_activites
type_activite_smsse;70557;10;activite.code_type_activite_smsse;finess_activites
type_activite_smsse;70570;10;activite.code_type_activite_smsse;finess_activites
type_activite_smsse;70678;10;activite.code_type_activite_smsse;finess_activites
type_activite_smsse;70726;10;activite.code_type_activite_smsse;finess_activites
type_activite_smsse;70734;10;activite.code_type_activite_smsse;finess_activites
type_activite_smsse;70765;10;activite.code_type_activite_smsse;finess_activites
type_activite_smsse;70782;10;activite.code_type_activite_smsse;finess_activites
type_activite_smsse;70785;10;activite.code_type_activite_smsse;finess_activites
type_activite_smsse;70811;10;activite.code_type_activite_smsse;finess_activites
type_activite_smsse;70830;10;activite.code_type_activite_smsse;finess_activites
type_activite_smsse;70872;10;activite.code_type_activite_smsse;finess_activites
type_activite_smsse;70949;10;activite.code_type_activite_smsse;finess_activites
type_activite_smsse;70955;10;activite.code_type_activite_smsse;finess_activites
type_activite_smsse;70959;10;activite.code_type_activite_smsse;finess_activites
type_activite_smsse;71031;10;activite.code_type_activite_smsse;finess_activites
type_activite_smsse;71041;10;activite.code_type_activite_smsse;finess_activites
type_activite_smsse;71061;10;activite.code_type_activite_smsse;finess_activites
type_activite_smsse;71099;10;activite.code_type_activite_smsse;finess_activites
type_activite_smsse;71160;10;activite.code_type_activite_smsse;finess_activites
type_activite_smsse;71194;10;activite.code_type_activite_smsse;finess_activites
type_activite_smsse;71239;10;activite.code_type_activite_smsse;finess_activites
type_activite_smsse;71258;10;activite.code_type_activite_smsse;finess_activites
type_activite_smsse;71262;10;activite.code_type_activite_smsse;finess_activites
type_activite_smsse;71278;10;activite.code_type_activite_smsse;finess_activites
type_activite_smsse;71325;10;activite.code_type_activite_smsse;finess_activites
type_activite_smsse;71353;10;activite.code_type_activite_smsse;finess_activites
type_activite_smsse;71384;10;activite.code_type_activite_smsse;finess_activites
type_activite_smsse;71407;10;activite.code_type_activite_smsse;finess_activites
type_activite_smsse;71423;10;activite.code_type_activite_smsse;finess_activites
type_activite_smsse;71430;10;activite.code_type_activite_smsse;finess_activites
type_activite_smsse;71457;10;activite.code_type_activite_smsse;finess_activites
type_activite_smsse;71474;10;activite.code_type_activite_smsse;finess_activites
type_activite_smsse;71515;10;activite.code_type_activite_smsse;finess_activites
type_activite_smsse;71527;10;activite.code_type_activite_smsse;finess_activites
type_activite_smsse;71561;10;activite.code_type_activite_smsse;finess_activites
type_activite_smsse;71573;10;activite.code_type_activite_smsse;finess_activites
type_activite_smsse;71574;10;activite.code_type_activite_smsse;finess_activites
type_activite_smsse;71586;10;activite.code_type_activite_smsse;finess_activites
type_activite_smsse;71598;10;activite.code_type_activite_smsse;finess_activites
type_activite_smsse;71600;10;activite.code_type_activite_smsse;finess_activites
type_activite_smsse;71666;10;activite.code_type_activite_smsse;finess_activites
type_activite_smsse;71712;10;activite.code_type_activite_smsse;finess_activites
type_activite_smsse;71719;10;activite.code_type_activite_smsse;finess_activites
type_activite_smsse;71739;10;activite.code_type_activite_smsse;finess_activites
type_activite_smsse;71791;10;activite.code_type_activite_smsse;finess_activites
type_activite_smsse;71798;10;activite.code_type_activite_smsse;finess_activites
type_activite_smsse;71846;10;activite.code_type_activite_smsse;finess_activites
type_activite_smsse;71868;10;activite.code_type_activite_smsse;finess_activites
type_activite_smsse;71895;10;activite.code_type_activite_smsse;finess_activites
type_activite_smsse;71896;10;activite.code_type_activite_smsse;finess_activites
type_activite_smsse;71903;10;activite.code_type_activite_smsse;finess_activites
type_activite_smsse;71904;10;activite.code_type_activite_smsse;finess_activites
type_activite_smsse;71941;10;activite.code_type_activite_smsse;finess_activites
type_activite_smsse;71993;10;activite.code_type_activite_smsse;finess_activites
type_activite_smsse;72017;10;activite.code_type_activite_smsse;finess_activites
type_activite_smsse;72062;10;activite.code_type_activite_smsse;finess_activites
type_activite_smsse;72065;10;activite.code_type_activite_smsse;finess_activites
type_activite_smsse;72078;10;activite.code_type_activite_smsse;finess_activites
type_activite_smsse;72091;10;activite.code_type_activite_smsse;finess_activites
type_activite_smsse;72136;10;activite.code_type_activite_smsse;finess_activites
type_activite_smsse;72140;10;activite.code_type_activite_smsse;finess_activites
type_activite_smsse;72177;10;activite.code_type_activite_smsse;finess_activites
type_activite_smsse;72183;10;activite.code_type_activite_smsse;finess_activites
type_activite_smsse;72189;10;activite.code_type_activite_smsse;finess_activites
type_activite_smsse;72208;10;activite.code_type_activite_smsse;finess_activites
type_activite_smsse;72304;10;activite.code_type_activite_smsse;finess_activites
type_activite_smsse;72308;10;activite.code_type_activite_smsse;finess_activites
type_activite_smsse;72316;10;activite.code_type_activite_smsse;finess_activites
type_activite_smsse;72397;10;activite.code_type_activite_smsse;finess_activites
type_activite_smsse;72407;10;activite.code_type_activite_smsse;finess_activites
type_activite_smsse;72423;10;activite.code_type_activite_smsse;finess_activites
type_activite_smsse;72500;10;activite.code_type_activite_smsse;finess_activites
type_activite_smsse;72517;10;activite.code_type_activite_smsse;finess_activites
type_activite_smsse;80003;10;activite.code_type_activite_smsse;finess_activites
type_activite_smsse;80019;10;activite.code_type_activite_smsse;finess_activites
type_activite_smsse;80042;10;activite.code_type_activite_smsse;finess_activites
type_activite_smsse;80075;10;activite.code_type_activite_smsse;finess_activites
type_activite_smsse;80076;10;activite.code_type_activite_smsse;finess_activites
type_activite_smsse;80088;10;activite.code_type_activite_smsse;finess_activites
type_activite_smsse;80102;10;activite.code_type_activite_smsse;finess_activites
type_activite_smsse;80131;10;activite.code_type_activite_smsse;finess_activites
type_activite_smsse;80141;10;activite.code_type_activite_smsse;finess_activites
type_activite_smsse;80162;10;activite.code_type_activite_smsse;finess_activites
type_activite_smsse;80178;10;activite.code_type_activite_smsse;finess_activites
type_activite_smsse;80228;10;activite.code_type_activite_smsse;finess_activites
type_activite_smsse;80273;10;activite.code_type_activite_smsse;finess_activites
type_activite_smsse;80319;10;activite.code_type_activite_smsse;finess_activites
type_activite_smsse;80341;10;activite.code_type_activite_smsse;finess_activites
type_activite_smsse;80344;10;activite.code_type_activite_smsse;finess_activites
type_activite_smsse;80358;10;activite.code_type_activite_smsse;finess_activites
type_activite_smsse;80365;10;activite.code_type_activite_smsse;finess_activites
type_activite_smsse;80391;10;activite.code_type_activite_smsse;finess_activites
type_activite_smsse;80448;10;activite.code_type_activite_smsse;finess_activites
type_activite_smsse;80522;10;activite.code_type_activite_smsse;finess_activites
type_activite_smsse;80524;10;activite.code_type_activite_smsse;finess_activites
type_activite_smsse;80528;10;activite.code_type_activite_smsse;finess_activites
type_activite_smsse;80538;10;activite.code_type_activite_smsse;finess_activites
type_activite_smsse;80552;10;activite.code_type_activite_smsse;finess_activites
type_activite_smsse;80559;10;activite.code_type_activite_smsse;finess_activites
type_activite_smsse;80621;10;activite.code_type_activite_smsse;finess_activites
type_activite_smsse;80663;10;activite.code_type_activite_smsse;finess_activites
type_activite_smsse;80677;10;activite.code_type_activite_smsse;finess_activites
type_activite_smsse;80693;10;activite.code_type_activite_smsse;finess_activites
type_activite_smsse;80698;10;activite.code_type_activite_smsse;finess_activites
type_activite_smsse;80699;10;activite.code_type_activite_smsse;finess_activites
type_activite_smsse;80705;10;activite.code_type_activite_smsse;finess_activites
type_activite_smsse;80809;10;activite.code_type_activite_smsse;finess_activites
type_activite_smsse;80827;10;activite.code_type_activite_smsse;finess_activites
type_activite_smsse;80844;10;activite.code_type_activite_smsse;finess_activites
type_activite_smsse;80860;10;activite.code_type_activite_smsse;finess_activites
type_activite_smsse;80888;10;activite.code_type_activite_smsse;finess_activites
type_activite_smsse;80900;10;activite.code_type_activite_smsse;finess_activites
type_activite_smsse;80927;10;activite.code_type_activite_smsse;finess_activites
type_activite_smsse;80928;10;activite.code_type_activite_smsse;finess_activites
type_activite_smsse;80931;10;activite.code_type_activite_smsse;finess_activites
type_activite_smsse;80958;10;activite.code_type_activite_smsse;finess_activites
type_activite_smsse;80979;10;activite.code_type_activite_smsse;finess_activites
type_activite_smsse;80982;10;activite.code_type_activite_smsse;finess_activites
type_activite_smsse;80985;10;activite.code_type_activite_smsse;finess_activites
type_activite_smsse;80998;10;activite.code_type_activite_smsse;finess_activites
type_activite_smsse;81005;10;activite.code_type_activite_smsse;finess_activites
type_activite_smsse;81016;10;activite.code_type_activite_smsse;finess_activites
type_activite_smsse;81018;10;activite.code_type_activite_smsse;finess_activites
type_activite_smsse;81024;10;activite.code_type_activite_smsse;finess_activites
type_activite_smsse;20114;8;activite.code_type_activite_smsse;finess_activites
type_activite_smsse;20137;8;activite.code_type_activite_smsse;finess_activites
type_activite_smsse;20155;8;activite.code_type_activite_smsse;finess_activites
type_activite_smsse;20164;8;activite.code_type_activite_smsse;finess_activites
type_activite_smsse;20176;8;activite.code_type_activite_smsse;finess_activites
type_activite_smsse;20179;8;activite.code_type_activite_smsse;finess_activites
type_activite_smsse;20203;8;activite.code_type_activite_smsse;finess_activites
type_activite_smsse;20221;8;activite.code_type_activite_smsse;finess_activites
type_activite_smsse;40040;8;activite.code_type_activite_smsse;finess_activites
type_activite_smsse;40077;8;activite.code_type_activite_smsse;finess_activites
type_activite_smsse;40127;8;activite.code_type_activite_smsse;finess_activites
type_activite_smsse;40129;8;activite.code_type_activite_smsse;finess_activites
type_activite_smsse;40163;8;activite.code_type_activite_smsse;finess_activites
type_activite_smsse;40194;8;activite.code_type_activite_smsse;finess_activites
type_activite_smsse;50061;8;activite.code_type_activite_smsse;finess_activites
type_activite_smsse;50078;8;activite.code_type_activite_smsse;finess_activites
type_activite_smsse;50098;8;activite.code_type_activite_smsse;finess_activites
type_activite_smsse;50187;8;activite.code_type_activite_smsse;finess_activites
type_activite_smsse;50224;8;activite.code_type_activite_smsse;finess_activites
type_activite_smsse;50233;8;activite.code_type_activite_smsse;finess_activites
type_activite_smsse;50252;8;activite.code_type_activite_smsse;finess_activites
type_activite_smsse;50301;8;activite.code_type_activite_smsse;finess_activites
type_activite_smsse;50331;8;activite.code_type_activite_smsse;finess_activites
type_activite_smsse;50345;8;activite.code_type_activite_smsse;finess_activites
type_activite_smsse;50354;8;activite.code_type_activite_smsse;finess_activites
type_activite_smsse;50357;8;activite.code_type_activite_smsse;finess_activites
type_activite_smsse;50363;8;activite.code_type_activite_smsse;finess_activites
type_activite_smsse;50366;8;activite.code_type_activite_smsse;finess_activites
type_activite_smsse;50373;8;activite.code_type_activite_smsse;finess_activites
type_activite_smsse;50411;8;activite.code_type_activite_smsse;finess_activites
type_activite_smsse;50422;8;activite.code_type_activite_smsse;finess_activites
type_activite_smsse;50430;8;activite.code_type_activite_smsse;finess_activites
type_activite_smsse;50442;8;activite.code_type_activite_smsse;finess_activites
type_activite_smsse;50470;8;activite.code_type_activite_smsse;finess_activites
type_activite_smsse;50476;8;activite.code_type_activite_smsse;finess_activites
type_activite_smsse;50480;8;activite.code_type_activite_smsse;finess_activites
type_activite_smsse;50489;8;activite.code_type_activite_smsse;finess_activites
type_activite_smsse;50547;8;activite.code_type_activite_smsse;finess_activites
type_activite_smsse;50594;8;activite.code_type_activite_smsse;finess_activites
type_activite_smsse;50627;8;activite.code_type_activite_smsse;finess_activites
type_activite_smsse;50628;8;activite.code_type_activite_smsse;finess_activites
type_activite_smsse;50659;8;activite.code_type_activite_smsse;finess_activites
type_activite_smsse;50677;8;activite.code_type_activite_smsse;finess_activites
type_activite_smsse;6;8;activite.code_type_activite_smsse;finess_activites
type_activite_smsse;60043;8;activite.code_type_activite_smsse;finess_activites
type_activite_smsse;60054;8;activite.code_type_activite_smsse;finess_activites
type_activite_smsse;60063;8;activite.code_type_activite_smsse;finess_activites
type_activite_smsse;70011;8;activite.code_type_activite_smsse;finess_activites
type_activite_smsse;70057;8;activite.code_type_activite_smsse;finess_activites
type_activite_smsse;70063;8;activite.code_type_activite_smsse;finess_activites
type_activite_smsse;70073;8;activite.code_type_activite_smsse;finess_activites
type_activite_smsse;70079;8;activite.code_type_activite_smsse;finess_activites
type_activite_smsse;70089;8;activite.code_type_activite_smsse;finess_activites
type_activite_smsse;70146;8;activite.code_type_activite_smsse;finess_activites
type_activite_smsse;70200;8;activite.code_type_activite_smsse;finess_activites
type_activite_smsse;70205;8;activite.code_type_activite_smsse;finess_activites
type_activite_smsse;70249;8;activite.code_type_activite_smsse;finess_activites
type_activite_smsse;70260;8;activite.code_type_activite_smsse;finess_activites
type_activite_smsse;70262;8;activite.code_type_activite_smsse;finess_activites
type_activite_smsse;70299;8;activite.code_type_activite_smsse;finess_activites
type_activite_smsse;70328;8;activite.code_type_activite_smsse;finess_activites
type_activite_smsse;70329;8;activite.code_type_activite_smsse;finess_activites
type_activite_smsse;70359;8;activite.code_type_activite_smsse;finess_activites
type_activite_smsse;70370;8;activite.code_type_activite_smsse;finess_activites
type_activite_smsse;70406;8;activite.code_type_activite_smsse;finess_activites
type_activite_smsse;70425;8;activite.code_type_activite_smsse;finess_activites
type_activite_smsse;70441;8;activite.code_type_activite_smsse;finess_activites
type_activite_smsse;70461;8;activite.code_type_activite_smsse;finess_activites
type_activite_smsse;70471;8;activite.code_type_activite_smsse;finess_activites
type_activite_smsse;70512;8;activite.code_type_activite_smsse;finess_activites
type_activite_smsse;70546;8;activite.code_type_activite_smsse;finess_activites
type_activite_smsse;70556;8;activite.code_type_activite_smsse;finess_activites
type_activite_smsse;70577;8;activite.code_type_activite_smsse;finess_activites
type_activite_smsse;70617;8;activite.code_type_activite_smsse;finess_activites
type_activite_smsse;70639;8;activite.code_type_activite_smsse;finess_activites
type_activite_smsse;70672;8;activite.code_type_activite_smsse;finess_activites
type_activite_smsse;70688;8;activite.code_type_activite_smsse;finess_activites
type_activite_smsse;70700;8;activite.code_type_activite_smsse;finess_activites
type_activite_smsse;70719;8;activite.code_type_activite_smsse;finess_activites
type_activite_smsse;70733;8;activite.code_type_activite_smsse;finess_activites
type_activite_smsse;70775;8;activite.code_type_activite_smsse;finess_activites
type_activite_smsse;70777;8;activite.code_type_activite_smsse;finess_activites
type_activite_smsse;70800;8;activite.code_type_activite_smsse;finess_activites
type_activite_smsse;70815;8;activite.code_type_activite_smsse;finess_activites
type_activite_smsse;70829;8;activite.code_type_activite_smsse;finess_activites
type_activite_smsse;70839;8;activite.code_type_activite_smsse;finess_activites
type_activite_smsse;70881;8;activite.code_type_activite_smsse;finess_activites
type_activite_smsse;70896;8;activite.code_type_activite_smsse;finess_activites
type_activite_smsse;70898;8;activite.code_type_activite_smsse;finess_activites
type_activite_smsse;70925;8;activite.code_type_activite_smsse;finess_activites
type_activite_smsse;70932;8;activite.code_type_activite_smsse;finess_activites
type_activite_smsse;70944;8;activite.code_type_activite_smsse;finess_activites
type_activite_smsse;70977;8;activite.code_type_activite_smsse;finess_activites
type_activite_smsse;70981;8;activite.code_type_activite_smsse;finess_activites
type_activite_smsse;71015;8;activite.code_type_activite_smsse;finess_activites
type_activite_smsse;71018;8;activite.code_type_activite_smsse;finess_activites
type_activite_smsse;71029;8;activite.code_type_activite_smsse;finess_activites
type_activite_smsse;71060;8;activite.code_type_activite_smsse;finess_activites
type_activite_smsse;71068;8;activite.code_type_activite_smsse;finess_activites
type_activite_smsse;71079;8;activite.code_type_activite_smsse;finess_activites
type_activite_smsse;71101;8;activite.code_type_activite_smsse;finess_activites
type_activite_smsse;71150;8;activite.code_type_activite_smsse;finess_activites
type_activite_smsse;71152;8;activite.code_type_activite_smsse;finess_activites
type_activite_smsse;71173;8;activite.code_type_activite_smsse;finess_activites
type_activite_smsse;71182;8;activite.code_type_activite_smsse;finess_activites
type_activite_smsse;71185;8;activite.code_type_activite_smsse;finess_activites
type_activite_smsse;71195;8;activite.code_type_activite_smsse;finess_activites
type_activite_smsse;71207;8;activite.code_type_activite_smsse;finess_activites
type_activite_smsse;71236;8;activite.code_type_activite_smsse;finess_activites
type_activite_smsse;71252;8;activite.code_type_activite_smsse;finess_activites
type_activite_smsse;71279;8;activite.code_type_activite_smsse;finess_activites
type_activite_smsse;71282;8;activite.code_type_activite_smsse;finess_activites
type_activite_smsse;71318;8;activite.code_type_activite_smsse;finess_activites
type_activite_smsse;71346;8;activite.code_type_activite_smsse;finess_activites
type_activite_smsse;71347;8;activite.code_type_activite_smsse;finess_activites
type_activite_smsse;71349;8;activite.code_type_activite_smsse;finess_activites
type_activite_smsse;71350;8;activite.code_type_activite_smsse;finess_activites
type_activite_smsse;71352;8;activite.code_type_activite_smsse;finess_activites
type_activite_smsse;71355;8;activite.code_type_activite_smsse;finess_activites
type_activite_smsse;71379;8;activite.code_type_activite_smsse;finess_activites
type_activite_smsse;71403;8;activite.code_type_activite_smsse;finess_activites
type_activite_smsse;71448;8;activite.code_type_activite_smsse;finess_activites
type_activite_smsse;71449;8;activite.code_type_activite_smsse;finess_activites
type_activite_smsse;71520;8;activite.code_type_activite_smsse;finess_activites
type_activite_smsse;71564;8;activite.code_type_activite_smsse;finess_activites
type_activite_smsse;71615;8;activite.code_type_activite_smsse;finess_activites
type_activite_smsse;71617;8;activite.code_type_activite_smsse;finess_activites
type_activite_smsse;71686;8;activite.code_type_activite_smsse;finess_activites
type_activite_smsse;71695;8;activite.code_type_activite_smsse;finess_activites
type_activite_smsse;71697;8;activite.code_type_activite_smsse;finess_activites
type_activite_smsse;71737;8;activite.code_type_activite_smsse;finess_activites
type_activite_smsse;71789;8;activite.code_type_activite_smsse;finess_activites
type_activite_smsse;71801;8;activite.code_type_activite_smsse;finess_activites
type_activite_smsse;71833;8;activite.code_type_activite_smsse;finess_activites
type_activite_smsse;71847;8;activite.code_type_activite_smsse;finess_activites
type_activite_smsse;71855;8;activite.code_type_activite_smsse;finess_activites
type_activite_smsse;71867;8;activite.code_type_activite_smsse;finess_activites
type_activite_smsse;71881;8;activite.code_type_activite_smsse;finess_activites
type_activite_smsse;71885;8;activite.code_type_activite_smsse;finess_activites
type_activite_smsse;71912;8;activite.code_type_activite_smsse;finess_activites
type_activite_smsse;71946;8;activite.code_type_activite_smsse;finess_activites
type_activite_smsse;71950;8;activite.code_type_activite_smsse;finess_activites
type_activite_smsse;71956;8;activite.code_type_activite_smsse;finess_activites
type_activite_smsse;71977;8;activite.code_type_activite_smsse;finess_activites
type_activite_smsse;72046;8;activite.code_type_activite_smsse;finess_activites
type_activite_smsse;72070;8;activite.code_type_activite_smsse;finess_activites
type_activite_smsse;72081;8;activite.code_type_activite_smsse;finess_activites
type_activite_smsse;72084;8;activite.code_type_activite_smsse;finess_activites
type_activite_smsse;72092;8;activite.code_type_activite_smsse;finess_activites
type_activite_smsse;72155;8;activite.code_type_activite_smsse;finess_activites
type_activite_smsse;72213;8;activite.code_type_activite_smsse;finess_activites
type_activite_smsse;72214;8;activite.code_type_activite_smsse;finess_activites
type_activite_smsse;72223;8;activite.code_type_activite_smsse;finess_activites
type_activite_smsse;72229;8;activite.code_type_activite_smsse;finess_activites
type_activite_smsse;72287;8;activite.code_type_activite_smsse;finess_activites
type_activite_smsse;72313;8;activite.code_type_activite_smsse;finess_activites
type_activite_smsse;72351;8;activite.code_type_activite_smsse;finess_activites
type_activite_smsse;72358;8;activite.code_type_activite_smsse;finess_activites
type_activite_smsse;72360;8;activite.code_type_activite_smsse;finess_activites
type_activite_smsse;72368;8;activite.code_type_activite_smsse;finess_activites
type_activite_smsse;72389;8;activite.code_type_activite_smsse;finess_activites
type_activite_smsse;72454;8;activite.code_type_activite_smsse;finess_activites
type_activite_smsse;72520;8;activite.code_type_activite_smsse;finess_activites
type_activite_smsse;80011;8;activite.code_type_activite_smsse;finess_activites
type_activite_smsse;80015;8;activite.code_type_activite_smsse;finess_activites
type_activite_smsse;80022;8;activite.code_type_activite_smsse;finess_activites
type_activite_smsse;80025;8;activite.code_type_activite_smsse;finess_activites
type_activite_smsse;80081;8;activite.code_type_activite_smsse;finess_activites
type_activite_smsse;80098;8;activite.code_type_activite_smsse;finess_activites
type_activite_smsse;80112;8;activite.code_type_activite_smsse;finess_activites
type_activite_smsse;80119;8;activite.code_type_activite_smsse;finess_activites
type_activite_smsse;80142;8;activite.code_type_activite_smsse;finess_activites
type_activite_smsse;80158;8;activite.code_type_activite_smsse;finess_activites
type_activite_smsse;80161;8;activite.code_type_activite_smsse;finess_activites
type_activite_smsse;80163;8;activite.code_type_activite_smsse;finess_activites
type_activite_smsse;80167;8;activite.code_type_activite_smsse;finess_activites
type_activite_smsse;80168;8;activite.code_type_activite_smsse;finess_activites
type_activite_smsse;80172;8;activite.code_type_activite_smsse;finess_activites
type_activite_smsse;80177;8;activite.code_type_activite_smsse;finess_activites
type_activite_smsse;80236;8;activite.code_type_activite_smsse;finess_activites
type_activite_smsse;80241;8;activite.code_type_activite_smsse;finess_activites
type_activite_smsse;80246;8;activite.code_type_activite_smsse;finess_activites
type_activite_smsse;80254;8;activite.code_type_activite_smsse;finess_activites
type_activite_smsse;80259;8;activite.code_type_activite_smsse;finess_activites
type_activite_smsse;80262;8;activite.code_type_activite_smsse;finess_activites
type_activite_smsse;80271;8;activite.code_type_activite_smsse;finess_activites
type_activite_smsse;80309;8;activite.code_type_activite_smsse;finess_activites
type_activite_smsse;80317;8;activite.code_type_activite_smsse;finess_activites
type_activite_smsse;80392;8;activite.code_type_activite_smsse;finess_activites
type_activite_smsse;80407;8;activite.code_type_activite_smsse;finess_activites
type_activite_smsse;80421;8;activite.code_type_activite_smsse;finess_activites
type_activite_smsse;80443;8;activite.code_type_activite_smsse;finess_activites
type_activite_smsse;80449;8;activite.code_type_activite_smsse;finess_activites
type_activite_smsse;80452;8;activite.code_type_activite_smsse;finess_activites
type_activite_smsse;80458;8;activite.code_type_activite_smsse;finess_activites
type_activite_smsse;80473;8;activite.code_type_activite_smsse;finess_activites
type_activite_smsse;80476;8;activite.code_type_activite_smsse;finess_activites
type_activite_smsse;80498;8;activite.code_type_activite_smsse;finess_activites
type_activite_smsse;80511;8;activite.code_type_activite_smsse;finess_activites
type_activite_smsse;80512;8;activite.code_type_activite_smsse;finess_activites
type_activite_smsse;80514;8;activite.code_type_activite_smsse;finess_activites
type_activite_smsse;80519;8;activite.code_type_activite_smsse;finess_activites
type_activite_smsse;80548;8;activite.code_type_activite_smsse;finess_activites
type_activite_smsse;80567;8;activite.code_type_activite_smsse;finess_activites
type_activite_smsse;80596;8;activite.code_type_activite_smsse;finess_activites
type_activite_smsse;80603;8;activite.code_type_activite_smsse;finess_activites
type_activite_smsse;80623;8;activite.code_type_activite_smsse;finess_activites
type_activite_smsse;80655;8;activite.code_type_activite_smsse;finess_activites
type_activite_smsse;80689;8;activite.code_type_activite_smsse;finess_activites
type_activite_smsse;80694;8;activite.code_type_activite_smsse;finess_activites
type_activite_smsse;80704;8;activite.code_type_activite_smsse;finess_activites
type_activite_smsse;80774;8;activite.code_type_activite_smsse;finess_activites
type_activite_smsse;80775;8;activite.code_type_activite_smsse;finess_activites
type_activite_smsse;80781;8;activite.code_type_activite_smsse;finess_activites
type_activite_smsse;80820;8;activite.code_type_activite_smsse;finess_activites
type_activite_smsse;80865;8;activite.code_type_activite_smsse;finess_activites
type_activite_smsse;80897;8;activite.code_type_activite_smsse;finess_activites
type_activite_smsse;80902;8;activite.code_type_activite_smsse;finess_activites
type_activite_smsse;80937;8;activite.code_type_activite_smsse;finess_activites
type_activite_smsse;80938;8;activite.code_type_activite_smsse;finess_activites
type_activite_smsse;80981;8;activite.code_type_activite_smsse;finess_activites
type_activite_smsse;80989;8;activite.code_type_activite_smsse;finess_activites
type_activite_smsse;80997;8;activite.code_type_activite_smsse;finess_activites
type_activite_smsse;81015;8;activite.code_type_activite_smsse;finess_activites
type_activite_smsse;81036;8;activite.code_type_activite_smsse;finess_activites
type_activite_smsse;81047;8;activite.code_type_activite_smsse;finess_activites
type_activite_smsse;20004;6;activite.code_type_activite_smsse;finess_activites
type_activite_smsse;20024;6;activite.code_type_activite_smsse;finess_activites
type_activite_smsse;20057;6;activite.code_type_activite_smsse;finess_activites
type_activite_smsse;20125;6;activite.code_type_activite_smsse;finess_activites
type_activite_smsse;20131;6;activite.code_type_activite_smsse;finess_activites
type_activite_smsse;20156;6;activite.code_type_activite_smsse;finess_activites
type_activite_smsse;20173;6;activite.code_type_activite_smsse;finess_activites
type_activite_smsse;20204;6;activite.code_type_activite_smsse;finess_activites
type_activite_smsse;20240;6;activite.code_type_activite_smsse;finess_activites
type_activite_smsse;40060;6;activite.code_type_activite_smsse;finess_activites
type_activite_smsse;40089;6;activite.code_type_activite_smsse;finess_activites
type_activite_smsse;40110;6;activite.code_type_activite_smsse;finess_activites
type_activite_smsse;40112;6;activite.code_type_activite_smsse;finess_activites
type_activite_smsse;40114;6;activite.code_type_activite_smsse;finess_activites
type_activite_smsse;40131;6;activite.code_type_activite_smsse;finess_activites
type_activite_smsse;40133;6;activite.code_type_activite_smsse;finess_activites
type_activite_smsse;40145;6;activite.code_type_activite_smsse;finess_activites
type_activite_smsse;40150;6;activite.code_type_activite_smsse;finess_activites
type_activite_smsse;40166;6;activite.code_type_activite_smsse;finess_activites
type_activite_smsse;40191;6;activite.code_type_activite_smsse;finess_activites
type_activite_smsse;50001;6;activite.code_type_activite_smsse;finess_activites
type_activite_smsse;50075;6;activite.code_type_activite_smsse;finess_activites
type_activite_smsse;50090;6;activite.code_type_activite_smsse;finess_activites
type_activite_smsse;50102;6;activite.code_type_activite_smsse;finess_activites
type_activite_smsse;50104;6;activite.code_type_activite_smsse;finess_activites
type_activite_smsse;50106;6;activite.code_type_activite_smsse;finess_activites
type_activite_smsse;50114;6;activite.code_type_activite_smsse;finess_activites
type_activite_smsse;50118;6;activite.code_type_activite_smsse;finess_activites
type_activite_smsse;50127;6;activite.code_type_activite_smsse;finess_activites
type_activite_smsse;50129;6;activite.code_type_activite_smsse;finess_activites
type_activite_smsse;50181;6;activite.code_type_activite_smsse;finess_activites
type_activite_smsse;50182;6;activite.code_type_activite_smsse;finess_activites
type_activite_smsse;50188;6;activite.code_type_activite_smsse;finess_activites
type_activite_smsse;50217;6;activite.code_type_activite_smsse;finess_activites
type_activite_smsse;50228;6;activite.code_type_activite_smsse;finess_activites
type_activite_smsse;50238;6;activite.code_type_activite_smsse;finess_activites
type_activite_smsse;50266;6;activite.code_type_activite_smsse;finess_activites
type_activite_smsse;50271;6;activite.code_type_activite_smsse;finess_activites
type_activite_smsse;50335;6;activite.code_type_activite_smsse;finess_activites
type_activite_smsse;50365;6;activite.code_type_activite_smsse;finess_activites
type_activite_smsse;50379;6;activite.code_type_activite_smsse;finess_activites
type_activite_smsse;50393;6;activite.code_type_activite_smsse;finess_activites
type_activite_smsse;50415;6;activite.code_type_activite_smsse;finess_activites
type_activite_smsse;50437;6;activite.code_type_activite_smsse;finess_activites
type_activite_smsse;50462;6;activite.code_type_activite_smsse;finess_activites
type_activite_smsse;50464;6;activite.code_type_activite_smsse;finess_activites
type_activite_smsse;50467;6;activite.code_type_activite_smsse;finess_activites
type_activite_smsse;50495;6;activite.code_type_activite_smsse;finess_activites
type_activite_smsse;50553;6;activite.code_type_activite_smsse;finess_activites
type_activite_smsse;50616;6;activite.code_type_activite_smsse;finess_activites
type_activite_smsse;50623;6;activite.code_type_activite_smsse;finess_activites
type_activite_smsse;50658;6;activite.code_type_activite_smsse;finess_activites
type_activite_smsse;50663;6;activite.code_type_activite_smsse;finess_activites
type_activite_smsse;50669;6;activite.code_type_activite_smsse;finess_activites
type_activite_smsse;50685;6;activite.code_type_activite_smsse;finess_activites
type_activite_smsse;50688;6;activite.code_type_activite_smsse;finess_activites
type_activite_smsse;60044;6;activite.code_type_activite_smsse;finess_activites
type_activite_smsse;7;6;activite.code_type_activite_smsse;finess_activites
type_activite_smsse;70042;6;activite.code_type_activite_smsse;finess_activites
type_activite_smsse;70045;6;activite.code_type_activite_smsse;finess_activites
type_activite_smsse;70054;6;activite.code_type_activite_smsse;finess_activites
type_activite_smsse;70091;6;activite.code_type_activite_smsse;finess_activites
type_activite_smsse;70103;6;activite.code_type_activite_smsse;finess_activites
type_activite_smsse;70107;6;activite.code_type_activite_smsse;finess_activites
type_activite_smsse;70109;6;activite.code_type_activite_smsse;finess_activites
type_activite_smsse;70112;6;activite.code_type_activite_smsse;finess_activites
type_activite_smsse;70119;6;activite.code_type_activite_smsse;finess_activites
type_activite_smsse;70150;6;activite.code_type_activite_smsse;finess_activites
type_activite_smsse;70171;6;activite.code_type_activite_smsse;finess_activites
type_activite_smsse;70192;6;activite.code_type_activite_smsse;finess_activites
type_activite_smsse;70194;6;activite.code_type_activite_smsse;finess_activites
type_activite_smsse;70195;6;activite.code_type_activite_smsse;finess_activites
type_activite_smsse;70198;6;activite.code_type_activite_smsse;finess_activites
type_activite_smsse;70218;6;activite.code_type_activite_smsse;finess_activites
type_activite_smsse;70230;6;activite.code_type_activite_smsse;finess_activites
type_activite_smsse;70234;6;activite.code_type_activite_smsse;finess_activites
type_activite_smsse;70252;6;activite.code_type_activite_smsse;finess_activites
type_activite_smsse;70264;6;activite.code_type_activite_smsse;finess_activites
type_activite_smsse;70272;6;activite.code_type_activite_smsse;finess_activites
type_activite_smsse;70314;6;activite.code_type_activite_smsse;finess_activites
type_activite_smsse;70317;6;activite.code_type_activite_smsse;finess_activites
type_activite_smsse;70322;6;activite.code_type_activite_smsse;finess_activites
type_activite_smsse;70332;6;activite.code_type_activite_smsse;finess_activites
type_activite_smsse;70334;6;activite.code_type_activite_smsse;finess_activites
type_activite_smsse;70348;6;activite.code_type_activite_smsse;finess_activites
type_activite_smsse;70349;6;activite.code_type_activite_smsse;finess_activites
type_activite_smsse;70372;6;activite.code_type_activite_smsse;finess_activites
type_activite_smsse;70377;6;activite.code_type_activite_smsse;finess_activites
type_activite_smsse;70394;6;activite.code_type_activite_smsse;finess_activites
type_activite_smsse;70398;6;activite.code_type_activite_smsse;finess_activites
type_activite_smsse;70401;6;activite.code_type_activite_smsse;finess_activites
type_activite_smsse;70405;6;activite.code_type_activite_smsse;finess_activites
type_activite_smsse;70411;6;activite.code_type_activite_smsse;finess_activites
type_activite_smsse;70431;6;activite.code_type_activite_smsse;finess_activites
type_activite_smsse;70433;6;activite.code_type_activite_smsse;finess_activites
type_activite_smsse;70438;6;activite.code_type_activite_smsse;finess_activites
type_activite_smsse;70459;6;activite.code_type_activite_smsse;finess_activites
type_activite_smsse;70474;6;activite.code_type_activite_smsse;finess_activites
type_activite_smsse;70475;6;activite.code_type_activite_smsse;finess_activites
type_activite_smsse;70483;6;activite.code_type_activite_smsse;finess_activites
type_activite_smsse;70491;6;activite.code_type_activite_smsse;finess_activites
type_activite_smsse;70525;6;activite.code_type_activite_smsse;finess_activites
type_activite_smsse;70537;6;activite.code_type_activite_smsse;finess_activites
type_activite_smsse;70558;6;activite.code_type_activite_smsse;finess_activites
type_activite_smsse;70561;6;activite.code_type_activite_smsse;finess_activites
type_activite_smsse;70586;6;activite.code_type_activite_smsse;finess_activites
type_activite_smsse;70589;6;activite.code_type_activite_smsse;finess_activites
type_activite_smsse;70594;6;activite.code_type_activite_smsse;finess_activites
type_activite_smsse;70596;6;activite.code_type_activite_smsse;finess_activites
type_activite_smsse;70610;6;activite.code_type_activite_smsse;finess_activites
type_activite_smsse;70620;6;activite.code_type_activite_smsse;finess_activites
type_activite_smsse;70643;6;activite.code_type_activite_smsse;finess_activites
type_activite_smsse;70671;6;activite.code_type_activite_smsse;finess_activites
type_activite_smsse;70679;6;activite.code_type_activite_smsse;finess_activites
type_activite_smsse;70697;6;activite.code_type_activite_smsse;finess_activites
type_activite_smsse;70699;6;activite.code_type_activite_smsse;finess_activites
type_activite_smsse;70710;6;activite.code_type_activite_smsse;finess_activites
type_activite_smsse;70713;6;activite.code_type_activite_smsse;finess_activites
type_activite_smsse;70722;6;activite.code_type_activite_smsse;finess_activites
type_activite_smsse;70725;6;activite.code_type_activite_smsse;finess_activites
type_activite_smsse;70746;6;activite.code_type_activite_smsse;finess_activites
type_activite_smsse;70759;6;activite.code_type_activite_smsse;finess_activites
type_activite_smsse;70771;6;activite.code_type_activite_smsse;finess_activites
type_activite_smsse;70790;6;activite.code_type_activite_smsse;finess_activites
type_activite_smsse;70797;6;activite.code_type_activite_smsse;finess_activites
type_activite_smsse;70808;6;activite.code_type_activite_smsse;finess_activites
type_activite_smsse;70813;6;activite.code_type_activite_smsse;finess_activites
type_activite_smsse;70814;6;activite.code_type_activite_smsse;finess_activites
type_activite_smsse;70820;6;activite.code_type_activite_smsse;finess_activites
type_activite_smsse;70840;6;activite.code_type_activite_smsse;finess_activites
type_activite_smsse;70841;6;activite.code_type_activite_smsse;finess_activites
type_activite_smsse;70842;6;activite.code_type_activite_smsse;finess_activites
type_activite_smsse;70845;6;activite.code_type_activite_smsse;finess_activites
type_activite_smsse;70858;6;activite.code_type_activite_smsse;finess_activites
type_activite_smsse;70883;6;activite.code_type_activite_smsse;finess_activites
type_activite_smsse;70927;6;activite.code_type_activite_smsse;finess_activites
type_activite_smsse;70941;6;activite.code_type_activite_smsse;finess_activites
type_activite_smsse;71003;6;activite.code_type_activite_smsse;finess_activites
type_activite_smsse;71011;6;activite.code_type_activite_smsse;finess_activites
type_activite_smsse;71038;6;activite.code_type_activite_smsse;finess_activites
type_activite_smsse;71039;6;activite.code_type_activite_smsse;finess_activites
type_activite_smsse;71043;6;activite.code_type_activite_smsse;finess_activites
type_activite_smsse;71047;6;activite.code_type_activite_smsse;finess_activites
type_activite_smsse;71074;6;activite.code_type_activite_smsse;finess_activites
type_activite_smsse;71078;6;activite.code_type_activite_smsse;finess_activites
type_activite_smsse;71085;6;activite.code_type_activite_smsse;finess_activites
type_activite_smsse;71100;6;activite.code_type_activite_smsse;finess_activites
type_activite_smsse;71117;6;activite.code_type_activite_smsse;finess_activites
type_activite_smsse;71129;6;activite.code_type_activite_smsse;finess_activites
type_activite_smsse;71144;6;activite.code_type_activite_smsse;finess_activites
type_activite_smsse;71145;6;activite.code_type_activite_smsse;finess_activites
type_activite_smsse;71148;6;activite.code_type_activite_smsse;finess_activites
type_activite_smsse;71154;6;activite.code_type_activite_smsse;finess_activites
type_activite_smsse;71161;6;activite.code_type_activite_smsse;finess_activites
type_activite_smsse;71163;6;activite.code_type_activite_smsse;finess_activites
type_activite_smsse;71172;6;activite.code_type_activite_smsse;finess_activites
type_activite_smsse;71179;6;activite.code_type_activite_smsse;finess_activites
type_activite_smsse;71189;6;activite.code_type_activite_smsse;finess_activites
type_activite_smsse;71203;6;activite.code_type_activite_smsse;finess_activites
type_activite_smsse;71204;6;activite.code_type_activite_smsse;finess_activites
type_activite_smsse;71210;6;activite.code_type_activite_smsse;finess_activites
type_activite_smsse;71219;6;activite.code_type_activite_smsse;finess_activites
type_activite_smsse;71244;6;activite.code_type_activite_smsse;finess_activites
type_activite_smsse;71256;6;activite.code_type_activite_smsse;finess_activites
type_activite_smsse;71265;6;activite.code_type_activite_smsse;finess_activites
type_activite_smsse;71267;6;activite.code_type_activite_smsse;finess_activites
type_activite_smsse;71280;6;activite.code_type_activite_smsse;finess_activites
type_activite_smsse;71288;6;activite.code_type_activite_smsse;finess_activites
type_activite_smsse;71290;6;activite.code_type_activite_smsse;finess_activites
type_activite_smsse;71295;6;activite.code_type_activite_smsse;finess_activites
type_activite_smsse;71297;6;activite.code_type_activite_smsse;finess_activites
type_activite_smsse;71310;6;activite.code_type_activite_smsse;finess_activites
type_activite_smsse;71333;6;activite.code_type_activite_smsse;finess_activites
type_activite_smsse;71339;6;activite.code_type_activite_smsse;finess_activites
type_activite_smsse;71345;6;activite.code_type_activite_smsse;finess_activites
type_activite_smsse;71386;6;activite.code_type_activite_smsse;finess_activites
type_activite_smsse;71400;6;activite.code_type_activite_smsse;finess_activites
type_activite_smsse;71406;6;activite.code_type_activite_smsse;finess_activites
type_activite_smsse;71434;6;activite.code_type_activite_smsse;finess_activites
type_activite_smsse;71438;6;activite.code_type_activite_smsse;finess_activites
type_activite_smsse;71447;6;activite.code_type_activite_smsse;finess_activites
type_activite_smsse;71458;6;activite.code_type_activite_smsse;finess_activites
type_activite_smsse;71459;6;activite.code_type_activite_smsse;finess_activites
type_activite_smsse;71465;6;activite.code_type_activite_smsse;finess_activites
type_activite_smsse;71468;6;activite.code_type_activite_smsse;finess_activites
type_activite_smsse;71470;6;activite.code_type_activite_smsse;finess_activites
type_activite_smsse;71511;6;activite.code_type_activite_smsse;finess_activites
type_activite_smsse;71525;6;activite.code_type_activite_smsse;finess_activites
type_activite_smsse;71529;6;activite.code_type_activite_smsse;finess_activites
type_activite_smsse;71588;6;activite.code_type_activite_smsse;finess_activites
type_activite_smsse;71594;6;activite.code_type_activite_smsse;finess_activites
type_activite_smsse;71608;6;activite.code_type_activite_smsse;finess_activites
type_activite_smsse;71633;6;activite.code_type_activite_smsse;finess_activites
type_activite_smsse;71641;6;activite.code_type_activite_smsse;finess_activites
type_activite_smsse;71658;6;activite.code_type_activite_smsse;finess_activites
type_activite_smsse;71669;6;activite.code_type_activite_smsse;finess_activites
type_activite_smsse;71710;6;activite.code_type_activite_smsse;finess_activites
type_activite_smsse;71713;6;activite.code_type_activite_smsse;finess_activites
type_activite_smsse;71788;6;activite.code_type_activite_smsse;finess_activites
type_activite_smsse;71797;6;activite.code_type_activite_smsse;finess_activites
type_activite_smsse;71823;6;activite.code_type_activite_smsse;finess_activites
type_activite_smsse;71848;6;activite.code_type_activite_smsse;finess_activites
type_activite_smsse;71860;6;activite.code_type_activite_smsse;finess_activites
type_activite_smsse;71874;6;activite.code_type_activite_smsse;finess_activites
type_activite_smsse;71880;6;activite.code_type_activite_smsse;finess_activites
type_activite_smsse;71908;6;activite.code_type_activite_smsse;finess_activites
type_activite_smsse;71913;6;activite.code_type_activite_smsse;finess_activites
type_activite_smsse;71917;6;activite.code_type_activite_smsse;finess_activites
type_activite_smsse;71920;6;activite.code_type_activite_smsse;finess_activites
type_activite_smsse;71922;6;activite.code_type_activite_smsse;finess_activites
type_activite_smsse;71928;6;activite.code_type_activite_smsse;finess_activites
type_activite_smsse;71945;6;activite.code_type_activite_smsse;finess_activites
type_activite_smsse;71948;6;activite.code_type_activite_smsse;finess_activites
type_activite_smsse;71974;6;activite.code_type_activite_smsse;finess_activites
type_activite_smsse;71976;6;activite.code_type_activite_smsse;finess_activites
type_activite_smsse;71999;6;activite.code_type_activite_smsse;finess_activites
type_activite_smsse;72009;6;activite.code_type_activite_smsse;finess_activites
type_activite_smsse;72026;6;activite.code_type_activite_smsse;finess_activites
type_activite_smsse;72050;6;activite.code_type_activite_smsse;finess_activites
type_activite_smsse;72066;6;activite.code_type_activite_smsse;finess_activites
type_activite_smsse;72075;6;activite.code_type_activite_smsse;finess_activites
type_activite_smsse;72085;6;activite.code_type_activite_smsse;finess_activites
type_activite_smsse;72088;6;activite.code_type_activite_smsse;finess_activites
type_activite_smsse;72107;6;activite.code_type_activite_smsse;finess_activites
type_activite_smsse;72122;6;activite.code_type_activite_smsse;finess_activites
type_activite_smsse;72149;6;activite.code_type_activite_smsse;finess_activites
type_activite_smsse;72158;6;activite.code_type_activite_smsse;finess_activites
type_activite_smsse;72164;6;activite.code_type_activite_smsse;finess_activites
type_activite_smsse;72185;6;activite.code_type_activite_smsse;finess_activites
type_activite_smsse;72190;6;activite.code_type_activite_smsse;finess_activites
type_activite_smsse;72198;6;activite.code_type_activite_smsse;finess_activites
type_activite_smsse;72225;6;activite.code_type_activite_smsse;finess_activites
type_activite_smsse;72227;6;activite.code_type_activite_smsse;finess_activites
type_activite_smsse;72266;6;activite.code_type_activite_smsse;finess_activites
type_activite_smsse;72279;6;activite.code_type_activite_smsse;finess_activites
type_activite_smsse;72291;6;activite.code_type_activite_smsse;finess_activites
type_activite_smsse;72294;6;activite.code_type_activite_smsse;finess_activites
type_activite_smsse;72300;6;activite.code_type_activite_smsse;finess_activites
type_activite_smsse;72325;6;activite.code_type_activite_smsse;finess_activites
type_activite_smsse;72328;6;activite.code_type_activite_smsse;finess_activites
type_activite_smsse;72341;6;activite.code_type_activite_smsse;finess_activites
type_activite_smsse;72343;6;activite.code_type_activite_smsse;finess_activites
type_activite_smsse;72347;6;activite.code_type_activite_smsse;finess_activites
type_activite_smsse;72357;6;activite.code_type_activite_smsse;finess_activites
type_activite_smsse;72364;6;activite.code_type_activite_smsse;finess_activites
type_activite_smsse;72369;6;activite.code_type_activite_smsse;finess_activites
type_activite_smsse;72378;6;activite.code_type_activite_smsse;finess_activites
type_activite_smsse;72383;6;activite.code_type_activite_smsse;finess_activites
type_activite_smsse;72391;6;activite.code_type_activite_smsse;finess_activites
type_activite_smsse;72406;6;activite.code_type_activite_smsse;finess_activites
type_activite_smsse;72415;6;activite.code_type_activite_smsse;finess_activites
type_activite_smsse;72419;6;activite.code_type_activite_smsse;finess_activites
type_activite_smsse;72443;6;activite.code_type_activite_smsse;finess_activites
type_activite_smsse;72444;6;activite.code_type_activite_smsse;finess_activites
type_activite_smsse;72446;6;activite.code_type_activite_smsse;finess_activites
type_activite_smsse;72461;6;activite.code_type_activite_smsse;finess_activites
type_activite_smsse;72478;6;activite.code_type_activite_smsse;finess_activites
type_activite_smsse;72489;6;activite.code_type_activite_smsse;finess_activites
type_activite_smsse;72510;6;activite.code_type_activite_smsse;finess_activites
type_activite_smsse;72515;6;activite.code_type_activite_smsse;finess_activites
type_activite_smsse;80004;6;activite.code_type_activite_smsse;finess_activites
type_activite_smsse;80005;6;activite.code_type_activite_smsse;finess_activites
type_activite_smsse;80007;6;activite.code_type_activite_smsse;finess_activites
type_activite_smsse;80020;6;activite.code_type_activite_smsse;finess_activites
type_activite_smsse;80024;6;activite.code_type_activite_smsse;finess_activites
type_activite_smsse;80037;6;activite.code_type_activite_smsse;finess_activites
type_activite_smsse;80038;6;activite.code_type_activite_smsse;finess_activites
type_activite_smsse;80039;6;activite.code_type_activite_smsse;finess_activites
type_activite_smsse;80044;6;activite.code_type_activite_smsse;finess_activites
type_activite_smsse;80047;6;activite.code_type_activite_smsse;finess_activites
type_activite_smsse;80050;6;activite.code_type_activite_smsse;finess_activites
type_activite_smsse;80078;6;activite.code_type_activite_smsse;finess_activites
type_activite_smsse;80097;6;activite.code_type_activite_smsse;finess_activites
type_activite_smsse;80105;6;activite.code_type_activite_smsse;finess_activites
type_activite_smsse;80137;6;activite.code_type_activite_smsse;finess_activites
type_activite_smsse;80154;6;activite.code_type_activite_smsse;finess_activites
type_activite_smsse;80175;6;activite.code_type_activite_smsse;finess_activites
type_activite_smsse;80186;6;activite.code_type_activite_smsse;finess_activites
type_activite_smsse;80192;6;activite.code_type_activite_smsse;finess_activites
type_activite_smsse;80248;6;activite.code_type_activite_smsse;finess_activites
type_activite_smsse;80266;6;activite.code_type_activite_smsse;finess_activites
type_activite_smsse;80279;6;activite.code_type_activite_smsse;finess_activites
type_activite_smsse;80305;6;activite.code_type_activite_smsse;finess_activites
type_activite_smsse;80332;6;activite.code_type_activite_smsse;finess_activites
type_activite_smsse;80356;6;activite.code_type_activite_smsse;finess_activites
type_activite_smsse;80357;6;activite.code_type_activite_smsse;finess_activites
type_activite_smsse;80364;6;activite.code_type_activite_smsse;finess_activites
type_activite_smsse;80414;6;activite.code_type_activite_smsse;finess_activites
type_activite_smsse;80420;6;activite.code_type_activite_smsse;finess_activites
type_activite_smsse;80431;6;activite.code_type_activite_smsse;finess_activites
type_activite_smsse;80439;6;activite.code_type_activite_smsse;finess_activites
type_activite_smsse;80450;6;activite.code_type_activite_smsse;finess_activites
type_activite_smsse;80469;6;activite.code_type_activite_smsse;finess_activites
type_activite_smsse;80478;6;activite.code_type_activite_smsse;finess_activites
type_activite_smsse;80481;6;activite.code_type_activite_smsse;finess_activites
type_activite_smsse;80503;6;activite.code_type_activite_smsse;finess_activites
type_activite_smsse;80507;6;activite.code_type_activite_smsse;finess_activites
type_activite_smsse;80509;6;activite.code_type_activite_smsse;finess_activites
type_activite_smsse;80515;6;activite.code_type_activite_smsse;finess_activites
type_activite_smsse;80527;6;activite.code_type_activite_smsse;finess_activites
type_activite_smsse;80533;6;activite.code_type_activite_smsse;finess_activites
type_activite_smsse;80541;6;activite.code_type_activite_smsse;finess_activites
type_activite_smsse;80550;6;activite.code_type_activite_smsse;finess_activites
type_activite_smsse;80563;6;activite.code_type_activite_smsse;finess_activites
type_activite_smsse;80576;6;activite.code_type_activite_smsse;finess_activites
type_activite_smsse;80579;6;activite.code_type_activite_smsse;finess_activites
type_activite_smsse;80587;6;activite.code_type_activite_smsse;finess_activites
type_activite_smsse;80597;6;activite.code_type_activite_smsse;finess_activites
type_activite_smsse;80611;6;activite.code_type_activite_smsse;finess_activites
type_activite_smsse;80620;6;activite.code_type_activite_smsse;finess_activites
type_activite_smsse;80638;6;activite.code_type_activite_smsse;finess_activites
type_activite_smsse;80683;6;activite.code_type_activite_smsse;finess_activites
type_activite_smsse;80700;6;activite.code_type_activite_smsse;finess_activites
type_activite_smsse;80710;6;activite.code_type_activite_smsse;finess_activites
type_activite_smsse;80729;6;activite.code_type_activite_smsse;finess_activites
type_activite_smsse;80730;6;activite.code_type_activite_smsse;finess_activites
type_activite_smsse;80764;6;activite.code_type_activite_smsse;finess_activites
type_activite_smsse;80777;6;activite.code_type_activite_smsse;finess_activites
type_activite_smsse;80787;6;activite.code_type_activite_smsse;finess_activites
type_activite_smsse;80813;6;activite.code_type_activite_smsse;finess_activites
type_activite_smsse;80853;6;activite.code_type_activite_smsse;finess_activites
type_activite_smsse;80890;6;activite.code_type_activite_smsse;finess_activites
type_activite_smsse;80893;6;activite.code_type_activite_smsse;finess_activites
type_activite_smsse;80933;6;activite.code_type_activite_smsse;finess_activites
type_activite_smsse;80947;6;activite.code_type_activite_smsse;finess_activites
type_activite_smsse;80953;6;activite.code_type_activite_smsse;finess_activites
type_activite_smsse;80964;6;activite.code_type_activite_smsse;finess_activites
type_activite_smsse;80965;6;activite.code_type_activite_smsse;finess_activites
type_activite_smsse;81009;6;activite.code_type_activite_smsse;finess_activites
type_activite_smsse;81028;6;activite.code_type_activite_smsse;finess_activites
type_activite_smsse;81034;6;activite.code_type_activite_smsse;finess_activites
type_activite_smsse;81046;6;activite.code_type_activite_smsse;finess_activites
type_activite_smsse;20091;4;activite.code_type_activite_smsse;finess_activites
type_activite_smsse;20102;4;activite.code_type_activite_smsse;finess_activites
type_activite_smsse;20123;4;activite.code_type_activite_smsse;finess_activites
type_activite_smsse;20134;4;activite.code_type_activite_smsse;finess_activites
type_activite_smsse;20135;4;activite.code_type_activite_smsse;finess_activites
type_activite_smsse;20143;4;activite.code_type_activite_smsse;finess_activites
type_activite_smsse;20174;4;activite.code_type_activite_smsse;finess_activites
type_activite_smsse;20188;4;activite.code_type_activite_smsse;finess_activites
type_activite_smsse;20222;4;activite.code_type_activite_smsse;finess_activites
type_activite_smsse;20230;4;activite.code_type_activite_smsse;finess_activites
type_activite_smsse;40042;4;activite.code_type_activite_smsse;finess_activites
type_activite_smsse;40085;4;activite.code_type_activite_smsse;finess_activites
type_activite_smsse;40116;4;activite.code_type_activite_smsse;finess_activites
type_activite_smsse;40123;4;activite.code_type_activite_smsse;finess_activites
type_activite_smsse;40125;4;activite.code_type_activite_smsse;finess_activites
type_activite_smsse;40139;4;activite.code_type_activite_smsse;finess_activites
type_activite_smsse;40141;4;activite.code_type_activite_smsse;finess_activites
type_activite_smsse;40143;4;activite.code_type_activite_smsse;finess_activites
type_activite_smsse;40147;4;activite.code_type_activite_smsse;finess_activites
type_activite_smsse;40197;4;activite.code_type_activite_smsse;finess_activites
type_activite_smsse;40198;4;activite.code_type_activite_smsse;finess_activites
type_activite_smsse;50008;4;activite.code_type_activite_smsse;finess_activites
type_activite_smsse;50039;4;activite.code_type_activite_smsse;finess_activites
type_activite_smsse;50041;4;activite.code_type_activite_smsse;finess_activites
type_activite_smsse;50054;4;activite.code_type_activite_smsse;finess_activites
type_activite_smsse;50079;4;activite.code_type_activite_smsse;finess_activites
type_activite_smsse;50092;4;activite.code_type_activite_smsse;finess_activites
type_activite_smsse;50095;4;activite.code_type_activite_smsse;finess_activites
type_activite_smsse;50096;4;activite.code_type_activite_smsse;finess_activites
type_activite_smsse;50103;4;activite.code_type_activite_smsse;finess_activites
type_activite_smsse;50123;4;activite.code_type_activite_smsse;finess_activites
type_activite_smsse;50128;4;activite.code_type_activite_smsse;finess_activites
type_activite_smsse;50132;4;activite.code_type_activite_smsse;finess_activites
type_activite_smsse;50149;4;activite.code_type_activite_smsse;finess_activites
type_activite_smsse;50150;4;activite.code_type_activite_smsse;finess_activites
type_activite_smsse;50168;4;activite.code_type_activite_smsse;finess_activites
type_activite_smsse;50169;4;activite.code_type_activite_smsse;finess_activites
type_activite_smsse;50177;4;activite.code_type_activite_smsse;finess_activites
type_activite_smsse;50185;4;activite.code_type_activite_smsse;finess_activites
type_activite_smsse;50200;4;activite.code_type_activite_smsse;finess_activites
type_activite_smsse;50216;4;activite.code_type_activite_smsse;finess_activites
type_activite_smsse;50234;4;activite.code_type_activite_smsse;finess_activites
type_activite_smsse;50239;4;activite.code_type_activite_smsse;finess_activites
type_activite_smsse;50257;4;activite.code_type_activite_smsse;finess_activites
type_activite_smsse;50261;4;activite.code_type_activite_smsse;finess_activites
type_activite_smsse;50272;4;activite.code_type_activite_smsse;finess_activites
type_activite_smsse;50276;4;activite.code_type_activite_smsse;finess_activites
type_activite_smsse;50284;4;activite.code_type_activite_smsse;finess_activites
type_activite_smsse;50285;4;activite.code_type_activite_smsse;finess_activites
type_activite_smsse;50289;4;activite.code_type_activite_smsse;finess_activites
type_activite_smsse;50311;4;activite.code_type_activite_smsse;finess_activites
type_activite_smsse;50318;4;activite.code_type_activite_smsse;finess_activites
type_activite_smsse;50321;4;activite.code_type_activite_smsse;finess_activites
type_activite_smsse;50332;4;activite.code_type_activite_smsse;finess_activites
type_activite_smsse;50355;4;activite.code_type_activite_smsse;finess_activites
type_activite_smsse;50377;4;activite.code_type_activite_smsse;finess_activites
type_activite_smsse;50428;4;activite.code_type_activite_smsse;finess_activites
type_activite_smsse;50439;4;activite.code_type_activite_smsse;finess_activites
type_activite_smsse;50466;4;activite.code_type_activite_smsse;finess_activites
type_activite_smsse;50469;4;activite.code_type_activite_smsse;finess_activites
type_activite_smsse;50473;4;activite.code_type_activite_smsse;finess_activites
type_activite_smsse;50478;4;activite.code_type_activite_smsse;finess_activites
type_activite_smsse;50498;4;activite.code_type_activite_smsse;finess_activites
type_activite_smsse;50508;4;activite.code_type_activite_smsse;finess_activites
type_activite_smsse;50511;4;activite.code_type_activite_smsse;finess_activites
type_activite_smsse;50514;4;activite.code_type_activite_smsse;finess_activites
type_activite_smsse;50516;4;activite.code_type_activite_smsse;finess_activites
type_activite_smsse;50522;4;activite.code_type_activite_smsse;finess_activites
type_activite_smsse;50526;4;activite.code_type_activite_smsse;finess_activites
type_activite_smsse;50530;4;activite.code_type_activite_smsse;finess_activites
type_activite_smsse;50533;4;activite.code_type_activite_smsse;finess_activites
type_activite_smsse;50540;4;activite.code_type_activite_smsse;finess_activites
type_activite_smsse;50554;4;activite.code_type_activite_smsse;finess_activites
type_activite_smsse;50555;4;activite.code_type_activite_smsse;finess_activites
type_activite_smsse;50559;4;activite.code_type_activite_smsse;finess_activites
type_activite_smsse;50565;4;activite.code_type_activite_smsse;finess_activites
type_activite_smsse;50574;4;activite.code_type_activite_smsse;finess_activites
type_activite_smsse;50592;4;activite.code_type_activite_smsse;finess_activites
type_activite_smsse;50618;4;activite.code_type_activite_smsse;finess_activites
type_activite_smsse;50630;4;activite.code_type_activite_smsse;finess_activites
type_activite_smsse;50652;4;activite.code_type_activite_smsse;finess_activites
type_activite_smsse;50672;4;activite.code_type_activite_smsse;finess_activites
type_activite_smsse;50679;4;activite.code_type_activite_smsse;finess_activites
type_activite_smsse;60008;4;activite.code_type_activite_smsse;finess_activites
type_activite_smsse;60009;4;activite.code_type_activite_smsse;finess_activites
type_activite_smsse;60011;4;activite.code_type_activite_smsse;finess_activites
type_activite_smsse;60039;4;activite.code_type_activite_smsse;finess_activites
type_activite_smsse;60041;4;activite.code_type_activite_smsse;finess_activites
type_activite_smsse;60057;4;activite.code_type_activite_smsse;finess_activites
type_activite_smsse;70002;4;activite.code_type_activite_smsse;finess_activites
type_activite_smsse;70007;4;activite.code_type_activite_smsse;finess_activites
type_activite_smsse;70009;4;activite.code_type_activite_smsse;finess_activites
type_activite_smsse;70010;4;activite.code_type_activite_smsse;finess_activites
type_activite_smsse;70025;4;activite.code_type_activite_smsse;finess_activites
type_activite_smsse;70050;4;activite.code_type_activite_smsse;finess_activites
type_activite_smsse;70069;4;activite.code_type_activite_smsse;finess_activites
type_activite_smsse;70071;4;activite.code_type_activite_smsse;finess_activites
type_activite_smsse;70076;4;activite.code_type_activite_smsse;finess_activites
type_activite_smsse;70077;4;activite.code_type_activite_smsse;finess_activites
type_activite_smsse;70078;4;activite.code_type_activite_smsse;finess_activites
type_activite_smsse;70081;4;activite.code_type_activite_smsse;finess_activites
type_activite_smsse;70083;4;activite.code_type_activite_smsse;finess_activites
type_activite_smsse;70092;4;activite.code_type_activite_smsse;finess_activites
type_activite_smsse;70110;4;activite.code_type_activite_smsse;finess_activites
type_activite_smsse;70114;4;activite.code_type_activite_smsse;finess_activites
type_activite_smsse;70122;4;activite.code_type_activite_smsse;finess_activites
type_activite_smsse;70133;4;activite.code_type_activite_smsse;finess_activites
type_activite_smsse;70138;4;activite.code_type_activite_smsse;finess_activites
type_activite_smsse;70140;4;activite.code_type_activite_smsse;finess_activites
type_activite_smsse;70141;4;activite.code_type_activite_smsse;finess_activites
type_activite_smsse;70142;4;activite.code_type_activite_smsse;finess_activites
type_activite_smsse;70152;4;activite.code_type_activite_smsse;finess_activites
type_activite_smsse;70154;4;activite.code_type_activite_smsse;finess_activites
type_activite_smsse;70155;4;activite.code_type_activite_smsse;finess_activites
type_activite_smsse;70161;4;activite.code_type_activite_smsse;finess_activites
type_activite_smsse;70165;4;activite.code_type_activite_smsse;finess_activites
type_activite_smsse;70168;4;activite.code_type_activite_smsse;finess_activites
type_activite_smsse;70184;4;activite.code_type_activite_smsse;finess_activites
type_activite_smsse;70191;4;activite.code_type_activite_smsse;finess_activites
type_activite_smsse;70203;4;activite.code_type_activite_smsse;finess_activites
type_activite_smsse;70212;4;activite.code_type_activite_smsse;finess_activites
type_activite_smsse;70217;4;activite.code_type_activite_smsse;finess_activites
type_activite_smsse;70236;4;activite.code_type_activite_smsse;finess_activites
type_activite_smsse;70244;4;activite.code_type_activite_smsse;finess_activites
type_activite_smsse;70267;4;activite.code_type_activite_smsse;finess_activites
type_activite_smsse;70274;4;activite.code_type_activite_smsse;finess_activites
type_activite_smsse;70282;4;activite.code_type_activite_smsse;finess_activites
type_activite_smsse;70301;4;activite.code_type_activite_smsse;finess_activites
type_activite_smsse;70304;4;activite.code_type_activite_smsse;finess_activites
type_activite_smsse;70316;4;activite.code_type_activite_smsse;finess_activites
type_activite_smsse;70321;4;activite.code_type_activite_smsse;finess_activites
type_activite_smsse;70324;4;activite.code_type_activite_smsse;finess_activites
type_activite_smsse;70330;4;activite.code_type_activite_smsse;finess_activites
type_activite_smsse;70335;4;activite.code_type_activite_smsse;finess_activites
type_activite_smsse;70338;4;activite.code_type_activite_smsse;finess_activites
type_activite_smsse;70339;4;activite.code_type_activite_smsse;finess_activites
type_activite_smsse;70346;4;activite.code_type_activite_smsse;finess_activites
type_activite_smsse;70351;4;activite.code_type_activite_smsse;finess_activites
type_activite_smsse;70353;4;activite.code_type_activite_smsse;finess_activites
type_activite_smsse;70371;4;activite.code_type_activite_smsse;finess_activites
type_activite_smsse;70375;4;activite.code_type_activite_smsse;finess_activites
type_activite_smsse;70378;4;activite.code_type_activite_smsse;finess_activites
type_activite_smsse;70383;4;activite.code_type_activite_smsse;finess_activites
type_activite_smsse;70386;4;activite.code_type_activite_smsse;finess_activites
type_activite_smsse;70392;4;activite.code_type_activite_smsse;finess_activites
type_activite_smsse;70393;4;activite.code_type_activite_smsse;finess_activites
type_activite_smsse;70404;4;activite.code_type_activite_smsse;finess_activites
type_activite_smsse;70407;4;activite.code_type_activite_smsse;finess_activites
type_activite_smsse;70416;4;activite.code_type_activite_smsse;finess_activites
type_activite_smsse;70418;4;activite.code_type_activite_smsse;finess_activites
type_activite_smsse;70420;4;activite.code_type_activite_smsse;finess_activites
type_activite_smsse;70421;4;activite.code_type_activite_smsse;finess_activites
type_activite_smsse;70428;4;activite.code_type_activite_smsse;finess_activites
type_activite_smsse;70429;4;activite.code_type_activite_smsse;finess_activites
type_activite_smsse;70436;4;activite.code_type_activite_smsse;finess_activites
type_activite_smsse;70442;4;activite.code_type_activite_smsse;finess_activites
type_activite_smsse;70444;4;activite.code_type_activite_smsse;finess_activites
type_activite_smsse;70454;4;activite.code_type_activite_smsse;finess_activites
type_activite_smsse;70462;4;activite.code_type_activite_smsse;finess_activites
type_activite_smsse;70467;4;activite.code_type_activite_smsse;finess_activites
type_activite_smsse;70468;4;activite.code_type_activite_smsse;finess_activites
type_activite_smsse;70480;4;activite.code_type_activite_smsse;finess_activites
type_activite_smsse;70487;4;activite.code_type_activite_smsse;finess_activites
type_activite_smsse;70501;4;activite.code_type_activite_smsse;finess_activites
type_activite_smsse;70503;4;activite.code_type_activite_smsse;finess_activites
type_activite_smsse;70509;4;activite.code_type_activite_smsse;finess_activites
type_activite_smsse;70522;4;activite.code_type_activite_smsse;finess_activites
type_activite_smsse;70528;4;activite.code_type_activite_smsse;finess_activites
type_activite_smsse;70539;4;activite.code_type_activite_smsse;finess_activites
type_activite_smsse;70540;4;activite.code_type_activite_smsse;finess_activites
type_activite_smsse;70549;4;activite.code_type_activite_smsse;finess_activites
type_activite_smsse;70550;4;activite.code_type_activite_smsse;finess_activites
type_activite_smsse;70560;4;activite.code_type_activite_smsse;finess_activites
type_activite_smsse;70568;4;activite.code_type_activite_smsse;finess_activites
type_activite_smsse;70579;4;activite.code_type_activite_smsse;finess_activites
type_activite_smsse;70597;4;activite.code_type_activite_smsse;finess_activites
type_activite_smsse;70600;4;activite.code_type_activite_smsse;finess_activites
type_activite_smsse;70602;4;activite.code_type_activite_smsse;finess_activites
type_activite_smsse;70603;4;activite.code_type_activite_smsse;finess_activites
type_activite_smsse;70604;4;activite.code_type_activite_smsse;finess_activites
type_activite_smsse;70607;4;activite.code_type_activite_smsse;finess_activites
type_activite_smsse;70611;4;activite.code_type_activite_smsse;finess_activites
type_activite_smsse;70615;4;activite.code_type_activite_smsse;finess_activites
type_activite_smsse;70648;4;activite.code_type_activite_smsse;finess_activites
type_activite_smsse;70659;4;activite.code_type_activite_smsse;finess_activites
type_activite_smsse;70665;4;activite.code_type_activite_smsse;finess_activites
type_activite_smsse;70666;4;activite.code_type_activite_smsse;finess_activites
type_activite_smsse;70670;4;activite.code_type_activite_smsse;finess_activites
type_activite_smsse;70698;4;activite.code_type_activite_smsse;finess_activites
type_activite_smsse;70701;4;activite.code_type_activite_smsse;finess_activites
type_activite_smsse;70704;4;activite.code_type_activite_smsse;finess_activites
type_activite_smsse;70705;4;activite.code_type_activite_smsse;finess_activites
type_activite_smsse;70707;4;activite.code_type_activite_smsse;finess_activites
type_activite_smsse;70708;4;activite.code_type_activite_smsse;finess_activites
type_activite_smsse;70716;4;activite.code_type_activite_smsse;finess_activites
type_activite_smsse;70721;4;activite.code_type_activite_smsse;finess_activites
type_activite_smsse;70723;4;activite.code_type_activite_smsse;finess_activites
type_activite_smsse;70727;4;activite.code_type_activite_smsse;finess_activites
type_activite_smsse;70731;4;activite.code_type_activite_smsse;finess_activites
type_activite_smsse;70736;4;activite.code_type_activite_smsse;finess_activites
type_activite_smsse;70756;4;activite.code_type_activite_smsse;finess_activites
type_activite_smsse;70770;4;activite.code_type_activite_smsse;finess_activites
type_activite_smsse;70787;4;activite.code_type_activite_smsse;finess_activites
type_activite_smsse;70789;4;activite.code_type_activite_smsse;finess_activites
type_activite_smsse;70795;4;activite.code_type_activite_smsse;finess_activites
type_activite_smsse;70799;4;activite.code_type_activite_smsse;finess_activites
type_activite_smsse;70835;4;activite.code_type_activite_smsse;finess_activites
type_activite_smsse;70851;4;activite.code_type_activite_smsse;finess_activites
type_activite_smsse;70855;4;activite.code_type_activite_smsse;finess_activites
type_activite_smsse;70875;4;activite.code_type_activite_smsse;finess_activites
type_activite_smsse;70880;4;activite.code_type_activite_smsse;finess_activites
type_activite_smsse;70886;4;activite.code_type_activite_smsse;finess_activites
type_activite_smsse;70915;4;activite.code_type_activite_smsse;finess_activites
type_activite_smsse;70923;4;activite.code_type_activite_smsse;finess_activites
type_activite_smsse;70938;4;activite.code_type_activite_smsse;finess_activites
type_activite_smsse;70940;4;activite.code_type_activite_smsse;finess_activites
type_activite_smsse;70950;4;activite.code_type_activite_smsse;finess_activites
type_activite_smsse;70966;4;activite.code_type_activite_smsse;finess_activites
type_activite_smsse;70982;4;activite.code_type_activite_smsse;finess_activites
type_activite_smsse;70989;4;activite.code_type_activite_smsse;finess_activites
type_activite_smsse;71004;4;activite.code_type_activite_smsse;finess_activites
type_activite_smsse;71005;4;activite.code_type_activite_smsse;finess_activites
type_activite_smsse;71008;4;activite.code_type_activite_smsse;finess_activites
type_activite_smsse;71024;4;activite.code_type_activite_smsse;finess_activites
type_activite_smsse;71035;4;activite.code_type_activite_smsse;finess_activites
type_activite_smsse;71042;4;activite.code_type_activite_smsse;finess_activites
type_activite_smsse;71045;4;activite.code_type_activite_smsse;finess_activites
type_activite_smsse;71058;4;activite.code_type_activite_smsse;finess_activites
type_activite_smsse;71064;4;activite.code_type_activite_smsse;finess_activites
type_activite_smsse;71065;4;activite.code_type_activite_smsse;finess_activites
type_activite_smsse;71072;4;activite.code_type_activite_smsse;finess_activites
type_activite_smsse;71081;4;activite.code_type_activite_smsse;finess_activites
type_activite_smsse;71089;4;activite.code_type_activite_smsse;finess_activites
type_activite_smsse;71096;4;activite.code_type_activite_smsse;finess_activites
type_activite_smsse;71110;4;activite.code_type_activite_smsse;finess_activites
type_activite_smsse;71119;4;activite.code_type_activite_smsse;finess_activites
type_activite_smsse;71120;4;activite.code_type_activite_smsse;finess_activites
type_activite_smsse;71142;4;activite.code_type_activite_smsse;finess_activites
type_activite_smsse;71147;4;activite.code_type_activite_smsse;finess_activites
type_activite_smsse;71164;4;activite.code_type_activite_smsse;finess_activites
type_activite_smsse;71177;4;activite.code_type_activite_smsse;finess_activites
type_activite_smsse;71180;4;activite.code_type_activite_smsse;finess_activites
type_activite_smsse;71181;4;activite.code_type_activite_smsse;finess_activites
type_activite_smsse;71188;4;activite.code_type_activite_smsse;finess_activites
type_activite_smsse;71193;4;activite.code_type_activite_smsse;finess_activites
type_activite_smsse;71202;4;activite.code_type_activite_smsse;finess_activites
type_activite_smsse;71208;4;activite.code_type_activite_smsse;finess_activites
type_activite_smsse;71209;4;activite.code_type_activite_smsse;finess_activites
type_activite_smsse;71211;4;activite.code_type_activite_smsse;finess_activites
type_activite_smsse;71228;4;activite.code_type_activite_smsse;finess_activites
type_activite_smsse;71229;4;activite.code_type_activite_smsse;finess_activites
type_activite_smsse;71231;4;activite.code_type_activite_smsse;finess_activites
type_activite_smsse;71233;4;activite.code_type_activite_smsse;finess_activites
type_activite_smsse;71241;4;activite.code_type_activite_smsse;finess_activites
type_activite_smsse;71249;4;activite.code_type_activite_smsse;finess_activites
type_activite_smsse;71259;4;activite.code_type_activite_smsse;finess_activites
type_activite_smsse;71276;4;activite.code_type_activite_smsse;finess_activites
type_activite_smsse;71285;4;activite.code_type_activite_smsse;finess_activites
type_activite_smsse;71287;4;activite.code_type_activite_smsse;finess_activites
type_activite_smsse;71294;4;activite.code_type_activite_smsse;finess_activites
type_activite_smsse;71296;4;activite.code_type_activite_smsse;finess_activites
type_activite_smsse;71317;4;activite.code_type_activite_smsse;finess_activites
type_activite_smsse;71319;4;activite.code_type_activite_smsse;finess_activites
type_activite_smsse;71321;4;activite.code_type_activite_smsse;finess_activites
type_activite_smsse;71323;4;activite.code_type_activite_smsse;finess_activites
type_activite_smsse;71329;4;activite.code_type_activite_smsse;finess_activites
type_activite_smsse;71335;4;activite.code_type_activite_smsse;finess_activites
type_activite_smsse;71354;4;activite.code_type_activite_smsse;finess_activites
type_activite_smsse;71356;4;activite.code_type_activite_smsse;finess_activites
type_activite_smsse;71361;4;activite.code_type_activite_smsse;finess_activites
type_activite_smsse;71394;4;activite.code_type_activite_smsse;finess_activites
type_activite_smsse;71396;4;activite.code_type_activite_smsse;finess_activites
type_activite_smsse;71399;4;activite.code_type_activite_smsse;finess_activites
type_activite_smsse;71401;4;activite.code_type_activite_smsse;finess_activites
type_activite_smsse;71405;4;activite.code_type_activite_smsse;finess_activites
type_activite_smsse;71408;4;activite.code_type_activite_smsse;finess_activites
type_activite_smsse;71417;4;activite.code_type_activite_smsse;finess_activites
type_activite_smsse;71419;4;activite.code_type_activite_smsse;finess_activites
type_activite_smsse;71424;4;activite.code_type_activite_smsse;finess_activites
type_activite_smsse;71439;4;activite.code_type_activite_smsse;finess_activites
type_activite_smsse;71442;4;activite.code_type_activite_smsse;finess_activites
type_activite_smsse;71451;4;activite.code_type_activite_smsse;finess_activites
type_activite_smsse;71461;4;activite.code_type_activite_smsse;finess_activites
type_activite_smsse;71482;4;activite.code_type_activite_smsse;finess_activites
type_activite_smsse;71485;4;activite.code_type_activite_smsse;finess_activites
type_activite_smsse;71493;4;activite.code_type_activite_smsse;finess_activites
type_activite_smsse;71504;4;activite.code_type_activite_smsse;finess_activites
type_activite_smsse;71514;4;activite.code_type_activite_smsse;finess_activites
type_activite_smsse;71533;4;activite.code_type_activite_smsse;finess_activites
type_activite_smsse;71540;4;activite.code_type_activite_smsse;finess_activites
type_activite_smsse;71541;4;activite.code_type_activite_smsse;finess_activites
type_activite_smsse;71551;4;activite.code_type_activite_smsse;finess_activites
type_activite_smsse;71558;4;activite.code_type_activite_smsse;finess_activites
type_activite_smsse;71562;4;activite.code_type_activite_smsse;finess_activites
type_activite_smsse;71604;4;activite.code_type_activite_smsse;finess_activites
type_activite_smsse;71605;4;activite.code_type_activite_smsse;finess_activites
type_activite_smsse;71612;4;activite.code_type_activite_smsse;finess_activites
type_activite_smsse;71626;4;activite.code_type_activite_smsse;finess_activites
type_activite_smsse;71634;4;activite.code_type_activite_smsse;finess_activites
type_activite_smsse;71637;4;activite.code_type_activite_smsse;finess_activites
type_activite_smsse;71638;4;activite.code_type_activite_smsse;finess_activites
type_activite_smsse;71640;4;activite.code_type_activite_smsse;finess_activites
type_activite_smsse;71649;4;activite.code_type_activite_smsse;finess_activites
type_activite_smsse;71656;4;activite.code_type_activite_smsse;finess_activites
type_activite_smsse;71657;4;activite.code_type_activite_smsse;finess_activites
type_activite_smsse;71659;4;activite.code_type_activite_smsse;finess_activites
type_activite_smsse;71664;4;activite.code_type_activite_smsse;finess_activites
type_activite_smsse;71683;4;activite.code_type_activite_smsse;finess_activites
type_activite_smsse;71685;4;activite.code_type_activite_smsse;finess_activites
type_activite_smsse;71689;4;activite.code_type_activite_smsse;finess_activites
type_activite_smsse;71690;4;activite.code_type_activite_smsse;finess_activites
type_activite_smsse;71694;4;activite.code_type_activite_smsse;finess_activites
type_activite_smsse;71698;4;activite.code_type_activite_smsse;finess_activites
type_activite_smsse;71700;4;activite.code_type_activite_smsse;finess_activites
type_activite_smsse;71702;4;activite.code_type_activite_smsse;finess_activites
type_activite_smsse;71704;4;activite.code_type_activite_smsse;finess_activites
type_activite_smsse;71714;4;activite.code_type_activite_smsse;finess_activites
type_activite_smsse;71716;4;activite.code_type_activite_smsse;finess_activites
type_activite_smsse;71721;4;activite.code_type_activite_smsse;finess_activites
type_activite_smsse;71731;4;activite.code_type_activite_smsse;finess_activites
type_activite_smsse;71746;4;activite.code_type_activite_smsse;finess_activites
type_activite_smsse;71751;4;activite.code_type_activite_smsse;finess_activites
type_activite_smsse;71762;4;activite.code_type_activite_smsse;finess_activites
type_activite_smsse;71773;4;activite.code_type_activite_smsse;finess_activites
type_activite_smsse;71782;4;activite.code_type_activite_smsse;finess_activites
type_activite_smsse;71786;4;activite.code_type_activite_smsse;finess_activites
type_activite_smsse;71796;4;activite.code_type_activite_smsse;finess_activites
type_activite_smsse;71813;4;activite.code_type_activite_smsse;finess_activites
type_activite_smsse;71822;4;activite.code_type_activite_smsse;finess_activites
type_activite_smsse;71831;4;activite.code_type_activite_smsse;finess_activites
type_activite_smsse;71836;4;activite.code_type_activite_smsse;finess_activites
type_activite_smsse;71837;4;activite.code_type_activite_smsse;finess_activites
type_activite_smsse;71862;4;activite.code_type_activite_smsse;finess_activites
type_activite_smsse;71863;4;activite.code_type_activite_smsse;finess_activites
type_activite_smsse;71879;4;activite.code_type_activite_smsse;finess_activites
type_activite_smsse;71890;4;activite.code_type_activite_smsse;finess_activites
type_activite_smsse;71901;4;activite.code_type_activite_smsse;finess_activites
type_activite_smsse;71907;4;activite.code_type_activite_smsse;finess_activites
type_activite_smsse;71914;4;activite.code_type_activite_smsse;finess_activites
type_activite_smsse;71930;4;activite.code_type_activite_smsse;finess_activites
type_activite_smsse;71931;4;activite.code_type_activite_smsse;finess_activites
type_activite_smsse;71937;4;activite.code_type_activite_smsse;finess_activites
type_activite_smsse;71944;4;activite.code_type_activite_smsse;finess_activites
type_activite_smsse;71955;4;activite.code_type_activite_smsse;finess_activites
type_activite_smsse;71957;4;activite.code_type_activite_smsse;finess_activites
type_activite_smsse;71961;4;activite.code_type_activite_smsse;finess_activites
type_activite_smsse;71972;4;activite.code_type_activite_smsse;finess_activites
type_activite_smsse;71975;4;activite.code_type_activite_smsse;finess_activites
type_activite_smsse;71983;4;activite.code_type_activite_smsse;finess_activites
type_activite_smsse;71984;4;activite.code_type_activite_smsse;finess_activites
type_activite_smsse;71986;4;activite.code_type_activite_smsse;finess_activites
type_activite_smsse;71987;4;activite.code_type_activite_smsse;finess_activites
type_activite_smsse;71990;4;activite.code_type_activite_smsse;finess_activites
type_activite_smsse;71991;4;activite.code_type_activite_smsse;finess_activites
type_activite_smsse;72001;4;activite.code_type_activite_smsse;finess_activites
type_activite_smsse;72004;4;activite.code_type_activite_smsse;finess_activites
type_activite_smsse;72006;4;activite.code_type_activite_smsse;finess_activites
type_activite_smsse;72008;4;activite.code_type_activite_smsse;finess_activites
type_activite_smsse;72015;4;activite.code_type_activite_smsse;finess_activites
type_activite_smsse;72031;4;activite.code_type_activite_smsse;finess_activites
type_activite_smsse;72034;4;activite.code_type_activite_smsse;finess_activites
type_activite_smsse;72041;4;activite.code_type_activite_smsse;finess_activites
type_activite_smsse;72044;4;activite.code_type_activite_smsse;finess_activites
type_activite_smsse;72051;4;activite.code_type_activite_smsse;finess_activites
type_activite_smsse;72060;4;activite.code_type_activite_smsse;finess_activites
type_activite_smsse;72061;4;activite.code_type_activite_smsse;finess_activites
type_activite_smsse;72063;4;activite.code_type_activite_smsse;finess_activites
type_activite_smsse;72072;4;activite.code_type_activite_smsse;finess_activites
type_activite_smsse;72079;4;activite.code_type_activite_smsse;finess_activites
type_activite_smsse;72095;4;activite.code_type_activite_smsse;finess_activites
type_activite_smsse;72123;4;activite.code_type_activite_smsse;finess_activites
type_activite_smsse;72128;4;activite.code_type_activite_smsse;finess_activites
type_activite_smsse;72132;4;activite.code_type_activite_smsse;finess_activites
type_activite_smsse;72143;4;activite.code_type_activite_smsse;finess_activites
type_activite_smsse;72150;4;activite.code_type_activite_smsse;finess_activites
type_activite_smsse;72172;4;activite.code_type_activite_smsse;finess_activites
type_activite_smsse;72173;4;activite.code_type_activite_smsse;finess_activites
type_activite_smsse;72176;4;activite.code_type_activite_smsse;finess_activites
type_activite_smsse;72182;4;activite.code_type_activite_smsse;finess_activites
type_activite_smsse;72186;4;activite.code_type_activite_smsse;finess_activites
type_activite_smsse;72194;4;activite.code_type_activite_smsse;finess_activites
type_activite_smsse;72199;4;activite.code_type_activite_smsse;finess_activites
type_activite_smsse;72200;4;activite.code_type_activite_smsse;finess_activites
type_activite_smsse;72203;4;activite.code_type_activite_smsse;finess_activites
type_activite_smsse;72204;4;activite.code_type_activite_smsse;finess_activites
type_activite_smsse;72205;4;activite.code_type_activite_smsse;finess_activites
type_activite_smsse;72211;4;activite.code_type_activite_smsse;finess_activites
type_activite_smsse;72215;4;activite.code_type_activite_smsse;finess_activites
type_activite_smsse;72231;4;activite.code_type_activite_smsse;finess_activites
type_activite_smsse;72234;4;activite.code_type_activite_smsse;finess_activites
type_activite_smsse;72236;4;activite.code_type_activite_smsse;finess_activites
type_activite_smsse;72237;4;activite.code_type_activite_smsse;finess_activites
type_activite_smsse;72240;4;activite.code_type_activite_smsse;finess_activites
type_activite_smsse;72243;4;activite.code_type_activite_smsse;finess_activites
type_activite_smsse;72250;4;activite.code_type_activite_smsse;finess_activites
type_activite_smsse;72260;4;activite.code_type_activite_smsse;finess_activites
type_activite_smsse;72268;4;activite.code_type_activite_smsse;finess_activites
type_activite_smsse;72277;4;activite.code_type_activite_smsse;finess_activites
type_activite_smsse;72289;4;activite.code_type_activite_smsse;finess_activites
type_activite_smsse;72292;4;activite.code_type_activite_smsse;finess_activites
type_activite_smsse;72310;4;activite.code_type_activite_smsse;finess_activites
type_activite_smsse;72314;4;activite.code_type_activite_smsse;finess_activites
type_activite_smsse;72318;4;activite.code_type_activite_smsse;finess_activites
type_activite_smsse;72320;4;activite.code_type_activite_smsse;finess_activites
type_activite_smsse;72324;4;activite.code_type_activite_smsse;finess_activites
type_activite_smsse;72332;4;activite.code_type_activite_smsse;finess_activites
type_activite_smsse;72335;4;activite.code_type_activite_smsse;finess_activites
type_activite_smsse;72348;4;activite.code_type_activite_smsse;finess_activites
type_activite_smsse;72349;4;activite.code_type_activite_smsse;finess_activites
type_activite_smsse;72352;4;activite.code_type_activite_smsse;finess_activites
type_activite_smsse;72359;4;activite.code_type_activite_smsse;finess_activites
type_activite_smsse;72377;4;activite.code_type_activite_smsse;finess_activites
type_activite_smsse;72381;4;activite.code_type_activite_smsse;finess_activites
type_activite_smsse;72392;4;activite.code_type_activite_smsse;finess_activites
type_activite_smsse;72394;4;activite.code_type_activite_smsse;finess_activites
type_activite_smsse;72395;4;activite.code_type_activite_smsse;finess_activites
type_activite_smsse;72422;4;activite.code_type_activite_smsse;finess_activites
type_activite_smsse;72424;4;activite.code_type_activite_smsse;finess_activites
type_activite_smsse;72428;4;activite.code_type_activite_smsse;finess_activites
type_activite_smsse;72430;4;activite.code_type_activite_smsse;finess_activites
type_activite_smsse;72436;4;activite.code_type_activite_smsse;finess_activites
type_activite_smsse;72447;4;activite.code_type_activite_smsse;finess_activites
type_activite_smsse;72452;4;activite.code_type_activite_smsse;finess_activites
type_activite_smsse;72455;4;activite.code_type_activite_smsse;finess_activites
type_activite_smsse;72462;4;activite.code_type_activite_smsse;finess_activites
type_activite_smsse;72469;4;activite.code_type_activite_smsse;finess_activites
type_activite_smsse;72476;4;activite.code_type_activite_smsse;finess_activites
type_activite_smsse;72477;4;activite.code_type_activite_smsse;finess_activites
type_activite_smsse;72479;4;activite.code_type_activite_smsse;finess_activites
type_activite_smsse;72491;4;activite.code_type_activite_smsse;finess_activites
type_activite_smsse;72495;4;activite.code_type_activite_smsse;finess_activites
type_activite_smsse;72499;4;activite.code_type_activite_smsse;finess_activites
type_activite_smsse;72502;4;activite.code_type_activite_smsse;finess_activites
type_activite_smsse;72507;4;activite.code_type_activite_smsse;finess_activites
type_activite_smsse;72521;4;activite.code_type_activite_smsse;finess_activites
type_activite_smsse;72522;4;activite.code_type_activite_smsse;finess_activites
type_activite_smsse;72525;4;activite.code_type_activite_smsse;finess_activites
type_activite_smsse;72527;4;activite.code_type_activite_smsse;finess_activites
type_activite_smsse;72531;4;activite.code_type_activite_smsse;finess_activites
type_activite_smsse;80032;4;activite.code_type_activite_smsse;finess_activites
type_activite_smsse;80035;4;activite.code_type_activite_smsse;finess_activites
type_activite_smsse;80043;4;activite.code_type_activite_smsse;finess_activites
type_activite_smsse;80045;4;activite.code_type_activite_smsse;finess_activites
type_activite_smsse;80049;4;activite.code_type_activite_smsse;finess_activites
type_activite_smsse;80055;4;activite.code_type_activite_smsse;finess_activites
type_activite_smsse;80068;4;activite.code_type_activite_smsse;finess_activites
type_activite_smsse;80094;4;activite.code_type_activite_smsse;finess_activites
type_activite_smsse;80095;4;activite.code_type_activite_smsse;finess_activites
type_activite_smsse;80096;4;activite.code_type_activite_smsse;finess_activites
type_activite_smsse;80099;4;activite.code_type_activite_smsse;finess_activites
type_activite_smsse;80103;4;activite.code_type_activite_smsse;finess_activites
type_activite_smsse;80107;4;activite.code_type_activite_smsse;finess_activites
type_activite_smsse;80116;4;activite.code_type_activite_smsse;finess_activites
type_activite_smsse;80120;4;activite.code_type_activite_smsse;finess_activites
type_activite_smsse;80129;4;activite.code_type_activite_smsse;finess_activites
type_activite_smsse;80136;4;activite.code_type_activite_smsse;finess_activites
type_activite_smsse;80138;4;activite.code_type_activite_smsse;finess_activites
type_activite_smsse;80149;4;activite.code_type_activite_smsse;finess_activites
type_activite_smsse;80153;4;activite.code_type_activite_smsse;finess_activites
type_activite_smsse;80156;4;activite.code_type_activite_smsse;finess_activites
type_activite_smsse;80171;4;activite.code_type_activite_smsse;finess_activites
type_activite_smsse;80181;4;activite.code_type_activite_smsse;finess_activites
type_activite_smsse;80185;4;activite.code_type_activite_smsse;finess_activites
type_activite_smsse;80187;4;activite.code_type_activite_smsse;finess_activites
type_activite_smsse;80195;4;activite.code_type_activite_smsse;finess_activites
type_activite_smsse;80205;4;activite.code_type_activite_smsse;finess_activites
type_activite_smsse;80208;4;activite.code_type_activite_smsse;finess_activites
type_activite_smsse;80210;4;activite.code_type_activite_smsse;finess_activites
type_activite_smsse;80222;4;activite.code_type_activite_smsse;finess_activites
type_activite_smsse;80232;4;activite.code_type_activite_smsse;finess_activites
type_activite_smsse;80239;4;activite.code_type_activite_smsse;finess_activites
type_activite_smsse;80243;4;activite.code_type_activite_smsse;finess_activites
type_activite_smsse;80257;4;activite.code_type_activite_smsse;finess_activites
type_activite_smsse;80264;4;activite.code_type_activite_smsse;finess_activites
type_activite_smsse;80265;4;activite.code_type_activite_smsse;finess_activites
type_activite_smsse;80270;4;activite.code_type_activite_smsse;finess_activites
type_activite_smsse;80285;4;activite.code_type_activite_smsse;finess_activites
type_activite_smsse;80290;4;activite.code_type_activite_smsse;finess_activites
type_activite_smsse;80318;4;activite.code_type_activite_smsse;finess_activites
type_activite_smsse;80320;4;activite.code_type_activite_smsse;finess_activites
type_activite_smsse;80321;4;activite.code_type_activite_smsse;finess_activites
type_activite_smsse;80323;4;activite.code_type_activite_smsse;finess_activites
type_activite_smsse;80339;4;activite.code_type_activite_smsse;finess_activites
type_activite_smsse;80346;4;activite.code_type_activite_smsse;finess_activites
type_activite_smsse;80378;4;activite.code_type_activite_smsse;finess_activites
type_activite_smsse;80403;4;activite.code_type_activite_smsse;finess_activites
type_activite_smsse;80406;4;activite.code_type_activite_smsse;finess_activites
type_activite_smsse;80409;4;activite.code_type_activite_smsse;finess_activites
type_activite_smsse;80410;4;activite.code_type_activite_smsse;finess_activites
type_activite_smsse;80411;4;activite.code_type_activite_smsse;finess_activites
type_activite_smsse;80415;4;activite.code_type_activite_smsse;finess_activites
type_activite_smsse;80416;4;activite.code_type_activite_smsse;finess_activites
type_activite_smsse;80423;4;activite.code_type_activite_smsse;finess_activites
type_activite_smsse;80436;4;activite.code_type_activite_smsse;finess_activites
type_activite_smsse;80441;4;activite.code_type_activite_smsse;finess_activites
type_activite_smsse;80474;4;activite.code_type_activite_smsse;finess_activites
type_activite_smsse;80475;4;activite.code_type_activite_smsse;finess_activites
type_activite_smsse;80486;4;activite.code_type_activite_smsse;finess_activites
type_activite_smsse;80490;4;activite.code_type_activite_smsse;finess_activites
type_activite_smsse;80501;4;activite.code_type_activite_smsse;finess_activites
type_activite_smsse;80502;4;activite.code_type_activite_smsse;finess_activites
type_activite_smsse;80510;4;activite.code_type_activite_smsse;finess_activites
type_activite_smsse;80532;4;activite.code_type_activite_smsse;finess_activites
type_activite_smsse;80539;4;activite.code_type_activite_smsse;finess_activites
type_activite_smsse;80545;4;activite.code_type_activite_smsse;finess_activites
type_activite_smsse;80555;4;activite.code_type_activite_smsse;finess_activites
type_activite_smsse;80562;4;activite.code_type_activite_smsse;finess_activites
type_activite_smsse;80564;4;activite.code_type_activite_smsse;finess_activites
type_activite_smsse;80569;4;activite.code_type_activite_smsse;finess_activites
type_activite_smsse;80585;4;activite.code_type_activite_smsse;finess_activites
type_activite_smsse;80599;4;activite.code_type_activite_smsse;finess_activites
type_activite_smsse;80609;4;activite.code_type_activite_smsse;finess_activites
type_activite_smsse;80617;4;activite.code_type_activite_smsse;finess_activites
type_activite_smsse;80618;4;activite.code_type_activite_smsse;finess_activites
type_activite_smsse;80624;4;activite.code_type_activite_smsse;finess_activites
type_activite_smsse;80646;4;activite.code_type_activite_smsse;finess_activites
type_activite_smsse;80652;4;activite.code_type_activite_smsse;finess_activites
type_activite_smsse;80664;4;activite.code_type_activite_smsse;finess_activites
type_activite_smsse;80672;4;activite.code_type_activite_smsse;finess_activites
type_activite_smsse;80681;4;activite.code_type_activite_smsse;finess_activites
type_activite_smsse;80690;4;activite.code_type_activite_smsse;finess_activites
type_activite_smsse;80697;4;activite.code_type_activite_smsse;finess_activites
type_activite_smsse;80701;4;activite.code_type_activite_smsse;finess_activites
type_activite_smsse;80711;4;activite.code_type_activite_smsse;finess_activites
type_activite_smsse;80719;4;activite.code_type_activite_smsse;finess_activites
type_activite_smsse;80736;4;activite.code_type_activite_smsse;finess_activites
type_activite_smsse;80745;4;activite.code_type_activite_smsse;finess_activites
type_activite_smsse;80754;4;activite.code_type_activite_smsse;finess_activites
type_activite_smsse;80757;4;activite.code_type_activite_smsse;finess_activites
type_activite_smsse;80759;4;activite.code_type_activite_smsse;finess_activites
type_activite_smsse;80771;4;activite.code_type_activite_smsse;finess_activites
type_activite_smsse;80772;4;activite.code_type_activite_smsse;finess_activites
type_activite_smsse;80778;4;activite.code_type_activite_smsse;finess_activites
type_activite_smsse;80789;4;activite.code_type_activite_smsse;finess_activites
type_activite_smsse;80795;4;activite.code_type_activite_smsse;finess_activites
type_activite_smsse;80800;4;activite.code_type_activite_smsse;finess_activites
type_activite_smsse;80825;4;activite.code_type_activite_smsse;finess_activites
type_activite_smsse;80830;4;activite.code_type_activite_smsse;finess_activites
type_activite_smsse;80832;4;activite.code_type_activite_smsse;finess_activites
type_activite_smsse;80835;4;activite.code_type_activite_smsse;finess_activites
type_activite_smsse;80838;4;activite.code_type_activite_smsse;finess_activites
type_activite_smsse;80840;4;activite.code_type_activite_smsse;finess_activites
type_activite_smsse;80846;4;activite.code_type_activite_smsse;finess_activites
type_activite_smsse;80848;4;activite.code_type_activite_smsse;finess_activites
type_activite_smsse;80851;4;activite.code_type_activite_smsse;finess_activites
type_activite_smsse;80864;4;activite.code_type_activite_smsse;finess_activites
type_activite_smsse;80873;4;activite.code_type_activite_smsse;finess_activites
type_activite_smsse;80875;4;activite.code_type_activite_smsse;finess_activites
type_activite_smsse;80878;4;activite.code_type_activite_smsse;finess_activites
type_activite_smsse;80885;4;activite.code_type_activite_smsse;finess_activites
type_activite_smsse;80887;4;activite.code_type_activite_smsse;finess_activites
type_activite_smsse;80889;4;activite.code_type_activite_smsse;finess_activites
type_activite_smsse;80896;4;activite.code_type_activite_smsse;finess_activites
type_activite_smsse;80915;4;activite.code_type_activite_smsse;finess_activites
type_activite_smsse;80916;4;activite.code_type_activite_smsse;finess_activites
type_activite_smsse;80918;4;activite.code_type_activite_smsse;finess_activites
type_activite_smsse;80924;4;activite.code_type_activite_smsse;finess_activites
type_activite_smsse;80944;4;activite.code_type_activite_smsse;finess_activites
type_activite_smsse;80974;4;activite.code_type_activite_smsse;finess_activites
type_activite_smsse;81031;4;activite.code_type_activite_smsse;finess_activites
type_activite_smsse;81033;4;activite.code_type_activite_smsse;finess_activites
type_activite_smsse;81037;4;activite.code_type_activite_smsse;finess_activites
type_activite_smsse;81038;4;activite.code_type_activite_smsse;finess_activites
type_activite_smsse;81045;4;activite.code_type_activite_smsse;finess_activites
type_activite_smsse;20009;2;activite.code_type_activite_smsse;finess_activites
type_activite_smsse;20025;2;activite.code_type_activite_smsse;finess_activites
type_activite_smsse;20029;2;activite.code_type_activite_smsse;finess_activites
type_activite_smsse;20030;2;activite.code_type_activite_smsse;finess_activites
type_activite_smsse;20051;2;activite.code_type_activite_smsse;finess_activites
type_activite_smsse;20063;2;activite.code_type_activite_smsse;finess_activites
type_activite_smsse;20088;2;activite.code_type_activite_smsse;finess_activites
type_activite_smsse;20089;2;activite.code_type_activite_smsse;finess_activites
type_activite_smsse;20093;2;activite.code_type_activite_smsse;finess_activites
type_activite_smsse;20098;2;activite.code_type_activite_smsse;finess_activites
type_activite_smsse;20122;2;activite.code_type_activite_smsse;finess_activites
type_activite_smsse;20144;2;activite.code_type_activite_smsse;finess_activites
type_activite_smsse;20152;2;activite.code_type_activite_smsse;finess_activites
type_activite_smsse;20165;2;activite.code_type_activite_smsse;finess_activites
type_activite_smsse;20177;2;activite.code_type_activite_smsse;finess_activites
type_activite_smsse;20185;2;activite.code_type_activite_smsse;finess_activites
type_activite_smsse;20189;2;activite.code_type_activite_smsse;finess_activites
type_activite_smsse;20200;2;activite.code_type_activite_smsse;finess_activites
type_activite_smsse;20231;2;activite.code_type_activite_smsse;finess_activites
type_activite_smsse;30020;2;activite.code_type_activite_smsse;finess_activites
type_activite_smsse;40063;2;activite.code_type_activite_smsse;finess_activites
type_activite_smsse;40079;2;activite.code_type_activite_smsse;finess_activites
type_activite_smsse;40118;2;activite.code_type_activite_smsse;finess_activites
type_activite_smsse;40167;2;activite.code_type_activite_smsse;finess_activites
type_activite_smsse;40170;2;activite.code_type_activite_smsse;finess_activites
type_activite_smsse;40189;2;activite.code_type_activite_smsse;finess_activites
type_activite_smsse;40192;2;activite.code_type_activite_smsse;finess_activites
type_activite_smsse;40206;2;activite.code_type_activite_smsse;finess_activites
type_activite_smsse;40209;2;activite.code_type_activite_smsse;finess_activites
type_activite_smsse;50021;2;activite.code_type_activite_smsse;finess_activites
type_activite_smsse;50024;2;activite.code_type_activite_smsse;finess_activites
type_activite_smsse;50084;2;activite.code_type_activite_smsse;finess_activites
type_activite_smsse;50086;2;activite.code_type_activite_smsse;finess_activites
type_activite_smsse;50099;2;activite.code_type_activite_smsse;finess_activites
type_activite_smsse;50105;2;activite.code_type_activite_smsse;finess_activites
type_activite_smsse;50107;2;activite.code_type_activite_smsse;finess_activites
type_activite_smsse;50115;2;activite.code_type_activite_smsse;finess_activites
type_activite_smsse;50121;2;activite.code_type_activite_smsse;finess_activites
type_activite_smsse;50136;2;activite.code_type_activite_smsse;finess_activites
type_activite_smsse;50140;2;activite.code_type_activite_smsse;finess_activites
type_activite_smsse;50146;2;activite.code_type_activite_smsse;finess_activites
type_activite_smsse;50151;2;activite.code_type_activite_smsse;finess_activites
type_activite_smsse;50152;2;activite.code_type_activite_smsse;finess_activites
type_activite_smsse;50155;2;activite.code_type_activite_smsse;finess_activites
type_activite_smsse;50173;2;activite.code_type_activite_smsse;finess_activites
type_activite_smsse;50179;2;activite.code_type_activite_smsse;finess_activites
type_activite_smsse;50183;2;activite.code_type_activite_smsse;finess_activites
type_activite_smsse;50184;2;activite.code_type_activite_smsse;finess_activites
type_activite_smsse;50201;2;activite.code_type_activite_smsse;finess_activites
type_activite_smsse;50204;2;activite.code_type_activite_smsse;finess_activites
type_activite_smsse;50223;2;activite.code_type_activite_smsse;finess_activites
type_activite_smsse;50229;2;activite.code_type_activite_smsse;finess_activites
type_activite_smsse;50232;2;activite.code_type_activite_smsse;finess_activites
type_activite_smsse;50240;2;activite.code_type_activite_smsse;finess_activites
type_activite_smsse;50244;2;activite.code_type_activite_smsse;finess_activites
type_activite_smsse;50247;2;activite.code_type_activite_smsse;finess_activites
type_activite_smsse;50248;2;activite.code_type_activite_smsse;finess_activites
type_activite_smsse;50260;2;activite.code_type_activite_smsse;finess_activites
type_activite_smsse;50263;2;activite.code_type_activite_smsse;finess_activites
type_activite_smsse;50268;2;activite.code_type_activite_smsse;finess_activites
type_activite_smsse;50275;2;activite.code_type_activite_smsse;finess_activites
type_activite_smsse;50277;2;activite.code_type_activite_smsse;finess_activites
type_activite_smsse;50286;2;activite.code_type_activite_smsse;finess_activites
type_activite_smsse;50293;2;activite.code_type_activite_smsse;finess_activites
type_activite_smsse;50296;2;activite.code_type_activite_smsse;finess_activites
type_activite_smsse;50297;2;activite.code_type_activite_smsse;finess_activites
type_activite_smsse;50299;2;activite.code_type_activite_smsse;finess_activites
type_activite_smsse;50300;2;activite.code_type_activite_smsse;finess_activites
type_activite_smsse;50303;2;activite.code_type_activite_smsse;finess_activites
type_activite_smsse;50308;2;activite.code_type_activite_smsse;finess_activites
type_activite_smsse;50313;2;activite.code_type_activite_smsse;finess_activites
type_activite_smsse;50315;2;activite.code_type_activite_smsse;finess_activites
type_activite_smsse;50325;2;activite.code_type_activite_smsse;finess_activites
type_activite_smsse;50349;2;activite.code_type_activite_smsse;finess_activites
type_activite_smsse;50361;2;activite.code_type_activite_smsse;finess_activites
type_activite_smsse;50364;2;activite.code_type_activite_smsse;finess_activites
type_activite_smsse;50370;2;activite.code_type_activite_smsse;finess_activites
type_activite_smsse;50371;2;activite.code_type_activite_smsse;finess_activites
type_activite_smsse;50374;2;activite.code_type_activite_smsse;finess_activites
type_activite_smsse;50380;2;activite.code_type_activite_smsse;finess_activites
type_activite_smsse;50382;2;activite.code_type_activite_smsse;finess_activites
type_activite_smsse;50388;2;activite.code_type_activite_smsse;finess_activites
type_activite_smsse;50390;2;activite.code_type_activite_smsse;finess_activites
type_activite_smsse;50409;2;activite.code_type_activite_smsse;finess_activites
type_activite_smsse;50416;2;activite.code_type_activite_smsse;finess_activites
type_activite_smsse;50417;2;activite.code_type_activite_smsse;finess_activites
type_activite_smsse;50431;2;activite.code_type_activite_smsse;finess_activites
type_activite_smsse;50443;2;activite.code_type_activite_smsse;finess_activites
type_activite_smsse;50468;2;activite.code_type_activite_smsse;finess_activites
type_activite_smsse;50481;2;activite.code_type_activite_smsse;finess_activites
type_activite_smsse;50483;2;activite.code_type_activite_smsse;finess_activites
type_activite_smsse;50485;2;activite.code_type_activite_smsse;finess_activites
type_activite_smsse;50487;2;activite.code_type_activite_smsse;finess_activites
type_activite_smsse;50488;2;activite.code_type_activite_smsse;finess_activites
type_activite_smsse;50505;2;activite.code_type_activite_smsse;finess_activites
type_activite_smsse;50507;2;activite.code_type_activite_smsse;finess_activites
type_activite_smsse;50509;2;activite.code_type_activite_smsse;finess_activites
type_activite_smsse;50512;2;activite.code_type_activite_smsse;finess_activites
type_activite_smsse;50519;2;activite.code_type_activite_smsse;finess_activites
type_activite_smsse;50521;2;activite.code_type_activite_smsse;finess_activites
type_activite_smsse;50524;2;activite.code_type_activite_smsse;finess_activites
type_activite_smsse;50527;2;activite.code_type_activite_smsse;finess_activites
type_activite_smsse;50529;2;activite.code_type_activite_smsse;finess_activites
type_activite_smsse;50531;2;activite.code_type_activite_smsse;finess_activites
type_activite_smsse;50537;2;activite.code_type_activite_smsse;finess_activites
type_activite_smsse;50546;2;activite.code_type_activite_smsse;finess_activites
type_activite_smsse;50549;2;activite.code_type_activite_smsse;finess_activites
type_activite_smsse;50560;2;activite.code_type_activite_smsse;finess_activites
type_activite_smsse;50563;2;activite.code_type_activite_smsse;finess_activites
type_activite_smsse;50566;2;activite.code_type_activite_smsse;finess_activites
type_activite_smsse;50567;2;activite.code_type_activite_smsse;finess_activites
type_activite_smsse;50570;2;activite.code_type_activite_smsse;finess_activites
type_activite_smsse;50577;2;activite.code_type_activite_smsse;finess_activites
type_activite_smsse;50578;2;activite.code_type_activite_smsse;finess_activites
type_activite_smsse;50583;2;activite.code_type_activite_smsse;finess_activites
type_activite_smsse;50586;2;activite.code_type_activite_smsse;finess_activites
type_activite_smsse;50589;2;activite.code_type_activite_smsse;finess_activites
type_activite_smsse;50590;2;activite.code_type_activite_smsse;finess_activites
type_activite_smsse;50601;2;activite.code_type_activite_smsse;finess_activites
type_activite_smsse;50649;2;activite.code_type_activite_smsse;finess_activites
type_activite_smsse;50650;2;activite.code_type_activite_smsse;finess_activites
type_activite_smsse;50654;2;activite.code_type_activite_smsse;finess_activites
type_activite_smsse;50655;2;activite.code_type_activite_smsse;finess_activites
type_activite_smsse;50666;2;activite.code_type_activite_smsse;finess_activites
type_activite_smsse;50670;2;activite.code_type_activite_smsse;finess_activites
type_activite_smsse;50678;2;activite.code_type_activite_smsse;finess_activites
type_activite_smsse;50682;2;activite.code_type_activite_smsse;finess_activites
type_activite_smsse;50689;2;activite.code_type_activite_smsse;finess_activites
type_activite_smsse;50715;2;activite.code_type_activite_smsse;finess_activites
type_activite_smsse;50718;2;activite.code_type_activite_smsse;finess_activites
type_activite_smsse;50721;2;activite.code_type_activite_smsse;finess_activites
type_activite_smsse;50737;2;activite.code_type_activite_smsse;finess_activites
type_activite_smsse;60020;2;activite.code_type_activite_smsse;finess_activites
type_activite_smsse;60040;2;activite.code_type_activite_smsse;finess_activites
type_activite_smsse;60052;2;activite.code_type_activite_smsse;finess_activites
type_activite_smsse;60061;2;activite.code_type_activite_smsse;finess_activites
type_activite_smsse;70001;2;activite.code_type_activite_smsse;finess_activites
type_activite_smsse;70008;2;activite.code_type_activite_smsse;finess_activites
type_activite_smsse;70012;2;activite.code_type_activite_smsse;finess_activites
type_activite_smsse;70016;2;activite.code_type_activite_smsse;finess_activites
type_activite_smsse;70018;2;activite.code_type_activite_smsse;finess_activites
type_activite_smsse;70021;2;activite.code_type_activite_smsse;finess_activites
type_activite_smsse;70027;2;activite.code_type_activite_smsse;finess_activites
type_activite_smsse;70032;2;activite.code_type_activite_smsse;finess_activites
type_activite_smsse;70034;2;activite.code_type_activite_smsse;finess_activites
type_activite_smsse;70036;2;activite.code_type_activite_smsse;finess_activites
type_activite_smsse;70038;2;activite.code_type_activite_smsse;finess_activites
type_activite_smsse;70040;2;activite.code_type_activite_smsse;finess_activites
type_activite_smsse;70043;2;activite.code_type_activite_smsse;finess_activites
type_activite_smsse;70044;2;activite.code_type_activite_smsse;finess_activites
type_activite_smsse;70048;2;activite.code_type_activite_smsse;finess_activites
type_activite_smsse;70052;2;activite.code_type_activite_smsse;finess_activites
type_activite_smsse;70053;2;activite.code_type_activite_smsse;finess_activites
type_activite_smsse;70055;2;activite.code_type_activite_smsse;finess_activites
type_activite_smsse;70059;2;activite.code_type_activite_smsse;finess_activites
type_activite_smsse;70064;2;activite.code_type_activite_smsse;finess_activites
type_activite_smsse;70066;2;activite.code_type_activite_smsse;finess_activites
type_activite_smsse;70067;2;activite.code_type_activite_smsse;finess_activites
type_activite_smsse;70068;2;activite.code_type_activite_smsse;finess_activites
type_activite_smsse;70070;2;activite.code_type_activite_smsse;finess_activites
type_activite_smsse;70074;2;activite.code_type_activite_smsse;finess_activites
type_activite_smsse;70082;2;activite.code_type_activite_smsse;finess_activites
type_activite_smsse;70084;2;activite.code_type_activite_smsse;finess_activites
type_activite_smsse;70085;2;activite.code_type_activite_smsse;finess_activites
type_activite_smsse;70086;2;activite.code_type_activite_smsse;finess_activites
type_activite_smsse;70093;2;activite.code_type_activite_smsse;finess_activites
type_activite_smsse;70094;2;activite.code_type_activite_smsse;finess_activites
type_activite_smsse;70096;2;activite.code_type_activite_smsse;finess_activites
type_activite_smsse;70102;2;activite.code_type_activite_smsse;finess_activites
type_activite_smsse;70111;2;activite.code_type_activite_smsse;finess_activites
type_activite_smsse;70113;2;activite.code_type_activite_smsse;finess_activites
type_activite_smsse;70115;2;activite.code_type_activite_smsse;finess_activites
type_activite_smsse;70117;2;activite.code_type_activite_smsse;finess_activites
type_activite_smsse;70121;2;activite.code_type_activite_smsse;finess_activites
type_activite_smsse;70127;2;activite.code_type_activite_smsse;finess_activites
type_activite_smsse;70128;2;activite.code_type_activite_smsse;finess_activites
type_activite_smsse;70130;2;activite.code_type_activite_smsse;finess_activites
type_activite_smsse;70135;2;activite.code_type_activite_smsse;finess_activites
type_activite_smsse;70137;2;activite.code_type_activite_smsse;finess_activites
type_activite_smsse;70143;2;activite.code_type_activite_smsse;finess_activites
type_activite_smsse;70144;2;activite.code_type_activite_smsse;finess_activites
type_activite_smsse;70147;2;activite.code_type_activite_smsse;finess_activites
type_activite_smsse;70148;2;activite.code_type_activite_smsse;finess_activites
type_activite_smsse;70149;2;activite.code_type_activite_smsse;finess_activites
type_activite_smsse;70151;2;activite.code_type_activite_smsse;finess_activites
type_activite_smsse;70153;2;activite.code_type_activite_smsse;finess_activites
type_activite_smsse;70156;2;activite.code_type_activite_smsse;finess_activites
type_activite_smsse;70158;2;activite.code_type_activite_smsse;finess_activites
type_activite_smsse;70159;2;activite.code_type_activite_smsse;finess_activites
type_activite_smsse;70160;2;activite.code_type_activite_smsse;finess_activites
type_activite_smsse;70162;2;activite.code_type_activite_smsse;finess_activites
type_activite_smsse;70163;2;activite.code_type_activite_smsse;finess_activites
type_activite_smsse;70166;2;activite.code_type_activite_smsse;finess_activites
type_activite_smsse;70167;2;activite.code_type_activite_smsse;finess_activites
type_activite_smsse;70169;2;activite.code_type_activite_smsse;finess_activites
type_activite_smsse;70172;2;activite.code_type_activite_smsse;finess_activites
type_activite_smsse;70173;2;activite.code_type_activite_smsse;finess_activites
type_activite_smsse;70174;2;activite.code_type_activite_smsse;finess_activites
type_activite_smsse;70177;2;activite.code_type_activite_smsse;finess_activites
type_activite_smsse;70179;2;activite.code_type_activite_smsse;finess_activites
type_activite_smsse;70180;2;activite.code_type_activite_smsse;finess_activites
type_activite_smsse;70181;2;activite.code_type_activite_smsse;finess_activites
type_activite_smsse;70182;2;activite.code_type_activite_smsse;finess_activites
type_activite_smsse;70183;2;activite.code_type_activite_smsse;finess_activites
type_activite_smsse;70185;2;activite.code_type_activite_smsse;finess_activites
type_activite_smsse;70186;2;activite.code_type_activite_smsse;finess_activites
type_activite_smsse;70187;2;activite.code_type_activite_smsse;finess_activites
type_activite_smsse;70188;2;activite.code_type_activite_smsse;finess_activites
type_activite_smsse;70189;2;activite.code_type_activite_smsse;finess_activites
type_activite_smsse;70196;2;activite.code_type_activite_smsse;finess_activites
type_activite_smsse;70199;2;activite.code_type_activite_smsse;finess_activites
type_activite_smsse;70202;2;activite.code_type_activite_smsse;finess_activites
type_activite_smsse;70206;2;activite.code_type_activite_smsse;finess_activites
type_activite_smsse;70207;2;activite.code_type_activite_smsse;finess_activites
type_activite_smsse;70208;2;activite.code_type_activite_smsse;finess_activites
type_activite_smsse;70209;2;activite.code_type_activite_smsse;finess_activites
type_activite_smsse;70211;2;activite.code_type_activite_smsse;finess_activites
type_activite_smsse;70214;2;activite.code_type_activite_smsse;finess_activites
type_activite_smsse;70215;2;activite.code_type_activite_smsse;finess_activites
type_activite_smsse;70221;2;activite.code_type_activite_smsse;finess_activites
type_activite_smsse;70223;2;activite.code_type_activite_smsse;finess_activites
type_activite_smsse;70224;2;activite.code_type_activite_smsse;finess_activites
type_activite_smsse;70228;2;activite.code_type_activite_smsse;finess_activites
type_activite_smsse;70229;2;activite.code_type_activite_smsse;finess_activites
type_activite_smsse;70231;2;activite.code_type_activite_smsse;finess_activites
type_activite_smsse;70235;2;activite.code_type_activite_smsse;finess_activites
type_activite_smsse;70238;2;activite.code_type_activite_smsse;finess_activites
type_activite_smsse;70239;2;activite.code_type_activite_smsse;finess_activites
type_activite_smsse;70242;2;activite.code_type_activite_smsse;finess_activites
type_activite_smsse;70246;2;activite.code_type_activite_smsse;finess_activites
type_activite_smsse;70248;2;activite.code_type_activite_smsse;finess_activites
type_activite_smsse;70251;2;activite.code_type_activite_smsse;finess_activites
type_activite_smsse;70254;2;activite.code_type_activite_smsse;finess_activites
type_activite_smsse;70257;2;activite.code_type_activite_smsse;finess_activites
type_activite_smsse;70258;2;activite.code_type_activite_smsse;finess_activites
type_activite_smsse;70266;2;activite.code_type_activite_smsse;finess_activites
type_activite_smsse;70269;2;activite.code_type_activite_smsse;finess_activites
type_activite_smsse;70278;2;activite.code_type_activite_smsse;finess_activites
type_activite_smsse;70279;2;activite.code_type_activite_smsse;finess_activites
type_activite_smsse;70280;2;activite.code_type_activite_smsse;finess_activites
type_activite_smsse;70310;2;activite.code_type_activite_smsse;finess_activites
type_activite_smsse;70312;2;activite.code_type_activite_smsse;finess_activites
type_activite_smsse;70320;2;activite.code_type_activite_smsse;finess_activites
type_activite_smsse;70326;2;activite.code_type_activite_smsse;finess_activites
type_activite_smsse;70336;2;activite.code_type_activite_smsse;finess_activites
type_activite_smsse;70337;2;activite.code_type_activite_smsse;finess_activites
type_activite_smsse;70340;2;activite.code_type_activite_smsse;finess_activites
type_activite_smsse;70342;2;activite.code_type_activite_smsse;finess_activites
type_activite_smsse;70343;2;activite.code_type_activite_smsse;finess_activites
type_activite_smsse;70347;2;activite.code_type_activite_smsse;finess_activites
type_activite_smsse;70352;2;activite.code_type_activite_smsse;finess_activites
type_activite_smsse;70356;2;activite.code_type_activite_smsse;finess_activites
type_activite_smsse;70360;2;activite.code_type_activite_smsse;finess_activites
type_activite_smsse;70361;2;activite.code_type_activite_smsse;finess_activites
type_activite_smsse;70362;2;activite.code_type_activite_smsse;finess_activites
type_activite_smsse;70365;2;activite.code_type_activite_smsse;finess_activites
type_activite_smsse;70366;2;activite.code_type_activite_smsse;finess_activites
type_activite_smsse;70367;2;activite.code_type_activite_smsse;finess_activites
type_activite_smsse;70373;2;activite.code_type_activite_smsse;finess_activites
type_activite_smsse;70376;2;activite.code_type_activite_smsse;finess_activites
type_activite_smsse;70384;2;activite.code_type_activite_smsse;finess_activites
type_activite_smsse;70388;2;activite.code_type_activite_smsse;finess_activites
type_activite_smsse;70389;2;activite.code_type_activite_smsse;finess_activites
type_activite_smsse;70391;2;activite.code_type_activite_smsse;finess_activites
type_activite_smsse;70397;2;activite.code_type_activite_smsse;finess_activites
type_activite_smsse;70399;2;activite.code_type_activite_smsse;finess_activites
type_activite_smsse;70400;2;activite.code_type_activite_smsse;finess_activites
type_activite_smsse;70402;2;activite.code_type_activite_smsse;finess_activites
type_activite_smsse;70403;2;activite.code_type_activite_smsse;finess_activites
type_activite_smsse;70408;2;activite.code_type_activite_smsse;finess_activites
type_activite_smsse;70409;2;activite.code_type_activite_smsse;finess_activites
type_activite_smsse;70410;2;activite.code_type_activite_smsse;finess_activites
type_activite_smsse;70412;2;activite.code_type_activite_smsse;finess_activites
type_activite_smsse;70413;2;activite.code_type_activite_smsse;finess_activites
type_activite_smsse;70415;2;activite.code_type_activite_smsse;finess_activites
type_activite_smsse;70419;2;activite.code_type_activite_smsse;finess_activites
type_activite_smsse;70422;2;activite.code_type_activite_smsse;finess_activites
type_activite_smsse;70427;2;activite.code_type_activite_smsse;finess_activites
type_activite_smsse;70432;2;activite.code_type_activite_smsse;finess_activites
type_activite_smsse;70434;2;activite.code_type_activite_smsse;finess_activites
type_activite_smsse;70435;2;activite.code_type_activite_smsse;finess_activites
type_activite_smsse;70439;2;activite.code_type_activite_smsse;finess_activites
type_activite_smsse;70440;2;activite.code_type_activite_smsse;finess_activites
type_activite_smsse;70443;2;activite.code_type_activite_smsse;finess_activites
type_activite_smsse;70445;2;activite.code_type_activite_smsse;finess_activites
type_activite_smsse;70446;2;activite.code_type_activite_smsse;finess_activites
type_activite_smsse;70447;2;activite.code_type_activite_smsse;finess_activites
type_activite_smsse;70450;2;activite.code_type_activite_smsse;finess_activites
type_activite_smsse;70452;2;activite.code_type_activite_smsse;finess_activites
type_activite_smsse;70455;2;activite.code_type_activite_smsse;finess_activites
type_activite_smsse;70456;2;activite.code_type_activite_smsse;finess_activites
type_activite_smsse;70458;2;activite.code_type_activite_smsse;finess_activites
type_activite_smsse;70460;2;activite.code_type_activite_smsse;finess_activites
type_activite_smsse;70465;2;activite.code_type_activite_smsse;finess_activites
type_activite_smsse;70466;2;activite.code_type_activite_smsse;finess_activites
type_activite_smsse;70469;2;activite.code_type_activite_smsse;finess_activites
type_activite_smsse;70470;2;activite.code_type_activite_smsse;finess_activites
type_activite_smsse;70472;2;activite.code_type_activite_smsse;finess_activites
type_activite_smsse;70473;2;activite.code_type_activite_smsse;finess_activites
type_activite_smsse;70476;2;activite.code_type_activite_smsse;finess_activites
type_activite_smsse;70477;2;activite.code_type_activite_smsse;finess_activites
type_activite_smsse;70478;2;activite.code_type_activite_smsse;finess_activites
type_activite_smsse;70479;2;activite.code_type_activite_smsse;finess_activites
type_activite_smsse;70481;2;activite.code_type_activite_smsse;finess_activites
type_activite_smsse;70482;2;activite.code_type_activite_smsse;finess_activites
type_activite_smsse;70484;2;activite.code_type_activite_smsse;finess_activites
type_activite_smsse;70485;2;activite.code_type_activite_smsse;finess_activites
type_activite_smsse;70486;2;activite.code_type_activite_smsse;finess_activites
type_activite_smsse;70488;2;activite.code_type_activite_smsse;finess_activites
type_activite_smsse;70492;2;activite.code_type_activite_smsse;finess_activites
type_activite_smsse;70505;2;activite.code_type_activite_smsse;finess_activites
type_activite_smsse;70506;2;activite.code_type_activite_smsse;finess_activites
type_activite_smsse;70507;2;activite.code_type_activite_smsse;finess_activites
type_activite_smsse;70510;2;activite.code_type_activite_smsse;finess_activites
type_activite_smsse;70517;2;activite.code_type_activite_smsse;finess_activites
type_activite_smsse;70529;2;activite.code_type_activite_smsse;finess_activites
type_activite_smsse;70532;2;activite.code_type_activite_smsse;finess_activites
type_activite_smsse;70533;2;activite.code_type_activite_smsse;finess_activites
type_activite_smsse;70538;2;activite.code_type_activite_smsse;finess_activites
type_activite_smsse;70551;2;activite.code_type_activite_smsse;finess_activites
type_activite_smsse;70553;2;activite.code_type_activite_smsse;finess_activites
type_activite_smsse;70554;2;activite.code_type_activite_smsse;finess_activites
type_activite_smsse;70563;2;activite.code_type_activite_smsse;finess_activites
type_activite_smsse;70566;2;activite.code_type_activite_smsse;finess_activites
type_activite_smsse;70567;2;activite.code_type_activite_smsse;finess_activites
type_activite_smsse;70572;2;activite.code_type_activite_smsse;finess_activites
type_activite_smsse;70573;2;activite.code_type_activite_smsse;finess_activites
type_activite_smsse;70574;2;activite.code_type_activite_smsse;finess_activites
type_activite_smsse;70575;2;activite.code_type_activite_smsse;finess_activites
type_activite_smsse;70576;2;activite.code_type_activite_smsse;finess_activites
type_activite_smsse;70578;2;activite.code_type_activite_smsse;finess_activites
type_activite_smsse;70580;2;activite.code_type_activite_smsse;finess_activites
type_activite_smsse;70582;2;activite.code_type_activite_smsse;finess_activites
type_activite_smsse;70583;2;activite.code_type_activite_smsse;finess_activites
type_activite_smsse;70584;2;activite.code_type_activite_smsse;finess_activites
type_activite_smsse;70585;2;activite.code_type_activite_smsse;finess_activites
type_activite_smsse;70587;2;activite.code_type_activite_smsse;finess_activites
type_activite_smsse;70590;2;activite.code_type_activite_smsse;finess_activites
type_activite_smsse;70592;2;activite.code_type_activite_smsse;finess_activites
type_activite_smsse;70595;2;activite.code_type_activite_smsse;finess_activites
type_activite_smsse;70598;2;activite.code_type_activite_smsse;finess_activites
type_activite_smsse;70599;2;activite.code_type_activite_smsse;finess_activites
type_activite_smsse;70601;2;activite.code_type_activite_smsse;finess_activites
type_activite_smsse;70606;2;activite.code_type_activite_smsse;finess_activites
type_activite_smsse;70613;2;activite.code_type_activite_smsse;finess_activites
type_activite_smsse;70616;2;activite.code_type_activite_smsse;finess_activites
type_activite_smsse;70618;2;activite.code_type_activite_smsse;finess_activites
type_activite_smsse;70627;2;activite.code_type_activite_smsse;finess_activites
type_activite_smsse;70628;2;activite.code_type_activite_smsse;finess_activites
type_activite_smsse;70633;2;activite.code_type_activite_smsse;finess_activites
type_activite_smsse;70641;2;activite.code_type_activite_smsse;finess_activites
type_activite_smsse;70644;2;activite.code_type_activite_smsse;finess_activites
type_activite_smsse;70646;2;activite.code_type_activite_smsse;finess_activites
type_activite_smsse;70650;2;activite.code_type_activite_smsse;finess_activites
type_activite_smsse;70651;2;activite.code_type_activite_smsse;finess_activites
type_activite_smsse;70655;2;activite.code_type_activite_smsse;finess_activites
type_activite_smsse;70657;2;activite.code_type_activite_smsse;finess_activites
type_activite_smsse;70662;2;activite.code_type_activite_smsse;finess_activites
type_activite_smsse;70674;2;activite.code_type_activite_smsse;finess_activites
type_activite_smsse;70675;2;activite.code_type_activite_smsse;finess_activites
type_activite_smsse;70684;2;activite.code_type_activite_smsse;finess_activites
type_activite_smsse;70686;2;activite.code_type_activite_smsse;finess_activites
type_activite_smsse;70687;2;activite.code_type_activite_smsse;finess_activites
type_activite_smsse;70689;2;activite.code_type_activite_smsse;finess_activites
type_activite_smsse;70696;2;activite.code_type_activite_smsse;finess_activites
type_activite_smsse;70703;2;activite.code_type_activite_smsse;finess_activites
type_activite_smsse;70706;2;activite.code_type_activite_smsse;finess_activites
type_activite_smsse;70709;2;activite.code_type_activite_smsse;finess_activites
type_activite_smsse;70711;2;activite.code_type_activite_smsse;finess_activites
type_activite_smsse;70714;2;activite.code_type_activite_smsse;finess_activites
type_activite_smsse;70718;2;activite.code_type_activite_smsse;finess_activites
type_activite_smsse;70720;2;activite.code_type_activite_smsse;finess_activites
type_activite_smsse;70724;2;activite.code_type_activite_smsse;finess_activites
type_activite_smsse;70738;2;activite.code_type_activite_smsse;finess_activites
type_activite_smsse;70739;2;activite.code_type_activite_smsse;finess_activites
type_activite_smsse;70740;2;activite.code_type_activite_smsse;finess_activites
type_activite_smsse;70743;2;activite.code_type_activite_smsse;finess_activites
type_activite_smsse;70744;2;activite.code_type_activite_smsse;finess_activites
type_activite_smsse;70754;2;activite.code_type_activite_smsse;finess_activites
type_activite_smsse;70761;2;activite.code_type_activite_smsse;finess_activites
type_activite_smsse;70773;2;activite.code_type_activite_smsse;finess_activites
type_activite_smsse;70776;2;activite.code_type_activite_smsse;finess_activites
type_activite_smsse;70779;2;activite.code_type_activite_smsse;finess_activites
type_activite_smsse;70780;2;activite.code_type_activite_smsse;finess_activites
type_activite_smsse;70783;2;activite.code_type_activite_smsse;finess_activites
type_activite_smsse;70784;2;activite.code_type_activite_smsse;finess_activites
type_activite_smsse;70791;2;activite.code_type_activite_smsse;finess_activites
type_activite_smsse;70792;2;activite.code_type_activite_smsse;finess_activites
type_activite_smsse;70793;2;activite.code_type_activite_smsse;finess_activites
type_activite_smsse;70794;2;activite.code_type_activite_smsse;finess_activites
type_activite_smsse;70796;2;activite.code_type_activite_smsse;finess_activites
type_activite_smsse;70798;2;activite.code_type_activite_smsse;finess_activites
type_activite_smsse;70802;2;activite.code_type_activite_smsse;finess_activites
type_activite_smsse;70803;2;activite.code_type_activite_smsse;finess_activites
type_activite_smsse;70804;2;activite.code_type_activite_smsse;finess_activites
type_activite_smsse;70805;2;activite.code_type_activite_smsse;finess_activites
type_activite_smsse;70806;2;activite.code_type_activite_smsse;finess_activites
type_activite_smsse;70807;2;activite.code_type_activite_smsse;finess_activites
type_activite_smsse;70812;2;activite.code_type_activite_smsse;finess_activites
type_activite_smsse;70817;2;activite.code_type_activite_smsse;finess_activites
type_activite_smsse;70818;2;activite.code_type_activite_smsse;finess_activites
type_activite_smsse;70819;2;activite.code_type_activite_smsse;finess_activites
type_activite_smsse;70821;2;activite.code_type_activite_smsse;finess_activites
type_activite_smsse;70822;2;activite.code_type_activite_smsse;finess_activites
type_activite_smsse;70832;2;activite.code_type_activite_smsse;finess_activites
type_activite_smsse;70833;2;activite.code_type_activite_smsse;finess_activites
type_activite_smsse;70844;2;activite.code_type_activite_smsse;finess_activites
type_activite_smsse;70846;2;activite.code_type_activite_smsse;finess_activites
type_activite_smsse;70848;2;activite.code_type_activite_smsse;finess_activites
type_activite_smsse;70849;2;activite.code_type_activite_smsse;finess_activites
type_activite_smsse;70850;2;activite.code_type_activite_smsse;finess_activites
type_activite_smsse;70852;2;activite.code_type_activite_smsse;finess_activites
type_activite_smsse;70853;2;activite.code_type_activite_smsse;finess_activites
type_activite_smsse;70854;2;activite.code_type_activite_smsse;finess_activites
type_activite_smsse;70856;2;activite.code_type_activite_smsse;finess_activites
type_activite_smsse;70857;2;activite.code_type_activite_smsse;finess_activites
type_activite_smsse;70859;2;activite.code_type_activite_smsse;finess_activites
type_activite_smsse;70862;2;activite.code_type_activite_smsse;finess_activites
type_activite_smsse;70865;2;activite.code_type_activite_smsse;finess_activites
type_activite_smsse;70873;2;activite.code_type_activite_smsse;finess_activites
type_activite_smsse;70876;2;activite.code_type_activite_smsse;finess_activites
type_activite_smsse;70887;2;activite.code_type_activite_smsse;finess_activites
type_activite_smsse;70890;2;activite.code_type_activite_smsse;finess_activites
type_activite_smsse;70901;2;activite.code_type_activite_smsse;finess_activites
type_activite_smsse;70904;2;activite.code_type_activite_smsse;finess_activites
type_activite_smsse;70907;2;activite.code_type_activite_smsse;finess_activites
type_activite_smsse;70917;2;activite.code_type_activite_smsse;finess_activites
type_activite_smsse;70918;2;activite.code_type_activite_smsse;finess_activites
type_activite_smsse;70922;2;activite.code_type_activite_smsse;finess_activites
type_activite_smsse;70924;2;activite.code_type_activite_smsse;finess_activites
type_activite_smsse;70929;2;activite.code_type_activite_smsse;finess_activites
type_activite_smsse;70933;2;activite.code_type_activite_smsse;finess_activites
type_activite_smsse;70937;2;activite.code_type_activite_smsse;finess_activites
type_activite_smsse;70939;2;activite.code_type_activite_smsse;finess_activites
type_activite_smsse;70942;2;activite.code_type_activite_smsse;finess_activites
type_activite_smsse;70943;2;activite.code_type_activite_smsse;finess_activites
type_activite_smsse;70945;2;activite.code_type_activite_smsse;finess_activites
type_activite_smsse;70947;2;activite.code_type_activite_smsse;finess_activites
type_activite_smsse;70952;2;activite.code_type_activite_smsse;finess_activites
type_activite_smsse;70958;2;activite.code_type_activite_smsse;finess_activites
type_activite_smsse;70963;2;activite.code_type_activite_smsse;finess_activites
type_activite_smsse;70967;2;activite.code_type_activite_smsse;finess_activites
type_activite_smsse;70968;2;activite.code_type_activite_smsse;finess_activites
type_activite_smsse;70969;2;activite.code_type_activite_smsse;finess_activites
type_activite_smsse;70975;2;activite.code_type_activite_smsse;finess_activites
type_activite_smsse;70976;2;activite.code_type_activite_smsse;finess_activites
type_activite_smsse;70978;2;activite.code_type_activite_smsse;finess_activites
type_activite_smsse;70984;2;activite.code_type_activite_smsse;finess_activites
type_activite_smsse;70992;2;activite.code_type_activite_smsse;finess_activites
type_activite_smsse;70994;2;activite.code_type_activite_smsse;finess_activites
type_activite_smsse;71002;2;activite.code_type_activite_smsse;finess_activites
type_activite_smsse;71006;2;activite.code_type_activite_smsse;finess_activites
type_activite_smsse;71009;2;activite.code_type_activite_smsse;finess_activites
type_activite_smsse;71014;2;activite.code_type_activite_smsse;finess_activites
type_activite_smsse;71016;2;activite.code_type_activite_smsse;finess_activites
type_activite_smsse;71020;2;activite.code_type_activite_smsse;finess_activites
type_activite_smsse;71022;2;activite.code_type_activite_smsse;finess_activites
type_activite_smsse;71023;2;activite.code_type_activite_smsse;finess_activites
type_activite_smsse;71032;2;activite.code_type_activite_smsse;finess_activites
type_activite_smsse;71033;2;activite.code_type_activite_smsse;finess_activites
type_activite_smsse;71037;2;activite.code_type_activite_smsse;finess_activites
type_activite_smsse;71044;2;activite.code_type_activite_smsse;finess_activites
type_activite_smsse;71046;2;activite.code_type_activite_smsse;finess_activites
type_activite_smsse;71049;2;activite.code_type_activite_smsse;finess_activites
type_activite_smsse;71050;2;activite.code_type_activite_smsse;finess_activites
type_activite_smsse;71051;2;activite.code_type_activite_smsse;finess_activites
type_activite_smsse;71052;2;activite.code_type_activite_smsse;finess_activites
type_activite_smsse;71056;2;activite.code_type_activite_smsse;finess_activites
type_activite_smsse;71062;2;activite.code_type_activite_smsse;finess_activites
type_activite_smsse;71066;2;activite.code_type_activite_smsse;finess_activites
type_activite_smsse;71069;2;activite.code_type_activite_smsse;finess_activites
type_activite_smsse;71070;2;activite.code_type_activite_smsse;finess_activites
type_activite_smsse;71071;2;activite.code_type_activite_smsse;finess_activites
type_activite_smsse;71075;2;activite.code_type_activite_smsse;finess_activites
type_activite_smsse;71082;2;activite.code_type_activite_smsse;finess_activites
type_activite_smsse;71091;2;activite.code_type_activite_smsse;finess_activites
type_activite_smsse;71098;2;activite.code_type_activite_smsse;finess_activites
type_activite_smsse;71104;2;activite.code_type_activite_smsse;finess_activites
type_activite_smsse;71112;2;activite.code_type_activite_smsse;finess_activites
type_activite_smsse;71113;2;activite.code_type_activite_smsse;finess_activites
type_activite_smsse;71127;2;activite.code_type_activite_smsse;finess_activites
type_activite_smsse;71132;2;activite.code_type_activite_smsse;finess_activites
type_activite_smsse;71134;2;activite.code_type_activite_smsse;finess_activites
type_activite_smsse;71138;2;activite.code_type_activite_smsse;finess_activites
type_activite_smsse;71140;2;activite.code_type_activite_smsse;finess_activites
type_activite_smsse;71146;2;activite.code_type_activite_smsse;finess_activites
type_activite_smsse;71151;2;activite.code_type_activite_smsse;finess_activites
type_activite_smsse;71153;2;activite.code_type_activite_smsse;finess_activites
type_activite_smsse;71155;2;activite.code_type_activite_smsse;finess_activites
type_activite_smsse;71156;2;activite.code_type_activite_smsse;finess_activites
type_activite_smsse;71162;2;activite.code_type_activite_smsse;finess_activites
type_activite_smsse;71167;2;activite.code_type_activite_smsse;finess_activites
type_activite_smsse;71168;2;activite.code_type_activite_smsse;finess_activites
type_activite_smsse;71175;2;activite.code_type_activite_smsse;finess_activites
type_activite_smsse;71176;2;activite.code_type_activite_smsse;finess_activites
type_activite_smsse;71178;2;activite.code_type_activite_smsse;finess_activites
type_activite_smsse;71184;2;activite.code_type_activite_smsse;finess_activites
type_activite_smsse;71186;2;activite.code_type_activite_smsse;finess_activites
type_activite_smsse;71187;2;activite.code_type_activite_smsse;finess_activites
type_activite_smsse;71191;2;activite.code_type_activite_smsse;finess_activites
type_activite_smsse;71192;2;activite.code_type_activite_smsse;finess_activites
type_activite_smsse;71199;2;activite.code_type_activite_smsse;finess_activites
type_activite_smsse;71206;2;activite.code_type_activite_smsse;finess_activites
type_activite_smsse;71216;2;activite.code_type_activite_smsse;finess_activites
type_activite_smsse;71217;2;activite.code_type_activite_smsse;finess_activites
type_activite_smsse;71218;2;activite.code_type_activite_smsse;finess_activites
type_activite_smsse;71220;2;activite.code_type_activite_smsse;finess_activites
type_activite_smsse;71221;2;activite.code_type_activite_smsse;finess_activites
type_activite_smsse;71222;2;activite.code_type_activite_smsse;finess_activites
type_activite_smsse;71223;2;activite.code_type_activite_smsse;finess_activites
type_activite_smsse;71224;2;activite.code_type_activite_smsse;finess_activites
type_activite_smsse;71226;2;activite.code_type_activite_smsse;finess_activites
type_activite_smsse;71227;2;activite.code_type_activite_smsse;finess_activites
type_activite_smsse;71232;2;activite.code_type_activite_smsse;finess_activites
type_activite_smsse;71234;2;activite.code_type_activite_smsse;finess_activites
type_activite_smsse;71248;2;activite.code_type_activite_smsse;finess_activites
type_activite_smsse;71250;2;activite.code_type_activite_smsse;finess_activites
type_activite_smsse;71254;2;activite.code_type_activite_smsse;finess_activites
type_activite_smsse;71260;2;activite.code_type_activite_smsse;finess_activites
type_activite_smsse;71261;2;activite.code_type_activite_smsse;finess_activites
type_activite_smsse;71274;2;activite.code_type_activite_smsse;finess_activites
type_activite_smsse;71286;2;activite.code_type_activite_smsse;finess_activites
type_activite_smsse;71289;2;activite.code_type_activite_smsse;finess_activites
type_activite_smsse;71291;2;activite.code_type_activite_smsse;finess_activites
type_activite_smsse;71292;2;activite.code_type_activite_smsse;finess_activites
type_activite_smsse;71293;2;activite.code_type_activite_smsse;finess_activites
type_activite_smsse;71298;2;activite.code_type_activite_smsse;finess_activites
type_activite_smsse;71300;2;activite.code_type_activite_smsse;finess_activites
type_activite_smsse;71301;2;activite.code_type_activite_smsse;finess_activites
type_activite_smsse;71302;2;activite.code_type_activite_smsse;finess_activites
type_activite_smsse;71303;2;activite.code_type_activite_smsse;finess_activites
type_activite_smsse;71304;2;activite.code_type_activite_smsse;finess_activites
type_activite_smsse;71308;2;activite.code_type_activite_smsse;finess_activites
type_activite_smsse;71311;2;activite.code_type_activite_smsse;finess_activites
type_activite_smsse;71312;2;activite.code_type_activite_smsse;finess_activites
type_activite_smsse;71314;2;activite.code_type_activite_smsse;finess_activites
type_activite_smsse;71315;2;activite.code_type_activite_smsse;finess_activites
type_activite_smsse;71316;2;activite.code_type_activite_smsse;finess_activites
type_activite_smsse;71326;2;activite.code_type_activite_smsse;finess_activites
type_activite_smsse;71327;2;activite.code_type_activite_smsse;finess_activites
type_activite_smsse;71328;2;activite.code_type_activite_smsse;finess_activites
type_activite_smsse;71330;2;activite.code_type_activite_smsse;finess_activites
type_activite_smsse;71331;2;activite.code_type_activite_smsse;finess_activites
type_activite_smsse;71334;2;activite.code_type_activite_smsse;finess_activites
type_activite_smsse;71336;2;activite.code_type_activite_smsse;finess_activites
type_activite_smsse;71337;2;activite.code_type_activite_smsse;finess_activites
type_activite_smsse;71359;2;activite.code_type_activite_smsse;finess_activites
type_activite_smsse;71360;2;activite.code_type_activite_smsse;finess_activites
type_activite_smsse;71365;2;activite.code_type_activite_smsse;finess_activites
type_activite_smsse;71367;2;activite.code_type_activite_smsse;finess_activites
type_activite_smsse;71368;2;activite.code_type_activite_smsse;finess_activites
type_activite_smsse;71373;2;activite.code_type_activite_smsse;finess_activites
type_activite_smsse;71375;2;activite.code_type_activite_smsse;finess_activites
type_activite_smsse;71376;2;activite.code_type_activite_smsse;finess_activites
type_activite_smsse;71378;2;activite.code_type_activite_smsse;finess_activites
type_activite_smsse;71380;2;activite.code_type_activite_smsse;finess_activites
type_activite_smsse;71383;2;activite.code_type_activite_smsse;finess_activites
type_activite_smsse;71385;2;activite.code_type_activite_smsse;finess_activites
type_activite_smsse;71388;2;activite.code_type_activite_smsse;finess_activites
type_activite_smsse;71392;2;activite.code_type_activite_smsse;finess_activites
type_activite_smsse;71393;2;activite.code_type_activite_smsse;finess_activites
type_activite_smsse;71395;2;activite.code_type_activite_smsse;finess_activites
type_activite_smsse;71397;2;activite.code_type_activite_smsse;finess_activites
type_activite_smsse;71398;2;activite.code_type_activite_smsse;finess_activites
type_activite_smsse;71402;2;activite.code_type_activite_smsse;finess_activites
type_activite_smsse;71404;2;activite.code_type_activite_smsse;finess_activites
type_activite_smsse;71415;2;activite.code_type_activite_smsse;finess_activites
type_activite_smsse;71418;2;activite.code_type_activite_smsse;finess_activites
type_activite_smsse;71420;2;activite.code_type_activite_smsse;finess_activites
type_activite_smsse;71421;2;activite.code_type_activite_smsse;finess_activites
type_activite_smsse;71422;2;activite.code_type_activite_smsse;finess_activites
type_activite_smsse;71425;2;activite.code_type_activite_smsse;finess_activites
type_activite_smsse;71427;2;activite.code_type_activite_smsse;finess_activites
type_activite_smsse;71428;2;activite.code_type_activite_smsse;finess_activites
type_activite_smsse;71436;2;activite.code_type_activite_smsse;finess_activites
type_activite_smsse;71440;2;activite.code_type_activite_smsse;finess_activites
type_activite_smsse;71441;2;activite.code_type_activite_smsse;finess_activites
type_activite_smsse;71445;2;activite.code_type_activite_smsse;finess_activites
type_activite_smsse;71452;2;activite.code_type_activite_smsse;finess_activites
type_activite_smsse;71453;2;activite.code_type_activite_smsse;finess_activites
type_activite_smsse;71454;2;activite.code_type_activite_smsse;finess_activites
type_activite_smsse;71455;2;activite.code_type_activite_smsse;finess_activites
type_activite_smsse;71456;2;activite.code_type_activite_smsse;finess_activites
type_activite_smsse;71462;2;activite.code_type_activite_smsse;finess_activites
type_activite_smsse;71463;2;activite.code_type_activite_smsse;finess_activites
type_activite_smsse;71464;2;activite.code_type_activite_smsse;finess_activites
type_activite_smsse;71466;2;activite.code_type_activite_smsse;finess_activites
type_activite_smsse;71471;2;activite.code_type_activite_smsse;finess_activites
type_activite_smsse;71472;2;activite.code_type_activite_smsse;finess_activites
type_activite_smsse;71473;2;activite.code_type_activite_smsse;finess_activites
type_activite_smsse;71475;2;activite.code_type_activite_smsse;finess_activites
type_activite_smsse;71479;2;activite.code_type_activite_smsse;finess_activites
type_activite_smsse;71481;2;activite.code_type_activite_smsse;finess_activites
type_activite_smsse;71483;2;activite.code_type_activite_smsse;finess_activites
type_activite_smsse;71486;2;activite.code_type_activite_smsse;finess_activites
type_activite_smsse;71487;2;activite.code_type_activite_smsse;finess_activites
type_activite_smsse;71488;2;activite.code_type_activite_smsse;finess_activites
type_activite_smsse;71490;2;activite.code_type_activite_smsse;finess_activites
type_activite_smsse;71491;2;activite.code_type_activite_smsse;finess_activites
type_activite_smsse;71492;2;activite.code_type_activite_smsse;finess_activites
type_activite_smsse;71494;2;activite.code_type_activite_smsse;finess_activites
type_activite_smsse;71495;2;activite.code_type_activite_smsse;finess_activites
type_activite_smsse;71497;2;activite.code_type_activite_smsse;finess_activites
type_activite_smsse;71499;2;activite.code_type_activite_smsse;finess_activites
type_activite_smsse;71500;2;activite.code_type_activite_smsse;finess_activites
type_activite_smsse;71501;2;activite.code_type_activite_smsse;finess_activites
type_activite_smsse;71502;2;activite.code_type_activite_smsse;finess_activites
type_activite_smsse;71503;2;activite.code_type_activite_smsse;finess_activites
type_activite_smsse;71505;2;activite.code_type_activite_smsse;finess_activites
type_activite_smsse;71506;2;activite.code_type_activite_smsse;finess_activites
type_activite_smsse;71507;2;activite.code_type_activite_smsse;finess_activites
type_activite_smsse;71508;2;activite.code_type_activite_smsse;finess_activites
type_activite_smsse;71510;2;activite.code_type_activite_smsse;finess_activites
type_activite_smsse;71512;2;activite.code_type_activite_smsse;finess_activites
type_activite_smsse;71513;2;activite.code_type_activite_smsse;finess_activites
type_activite_smsse;71516;2;activite.code_type_activite_smsse;finess_activites
type_activite_smsse;71517;2;activite.code_type_activite_smsse;finess_activites
type_activite_smsse;71518;2;activite.code_type_activite_smsse;finess_activites
type_activite_smsse;71519;2;activite.code_type_activite_smsse;finess_activites
type_activite_smsse;71521;2;activite.code_type_activite_smsse;finess_activites
type_activite_smsse;71523;2;activite.code_type_activite_smsse;finess_activites
type_activite_smsse;71524;2;activite.code_type_activite_smsse;finess_activites
type_activite_smsse;71526;2;activite.code_type_activite_smsse;finess_activites
type_activite_smsse;71528;2;activite.code_type_activite_smsse;finess_activites
type_activite_smsse;71530;2;activite.code_type_activite_smsse;finess_activites
type_activite_smsse;71532;2;activite.code_type_activite_smsse;finess_activites
type_activite_smsse;71534;2;activite.code_type_activite_smsse;finess_activites
type_activite_smsse;71536;2;activite.code_type_activite_smsse;finess_activites
type_activite_smsse;71537;2;activite.code_type_activite_smsse;finess_activites
type_activite_smsse;71539;2;activite.code_type_activite_smsse;finess_activites
type_activite_smsse;71542;2;activite.code_type_activite_smsse;finess_activites
type_activite_smsse;71545;2;activite.code_type_activite_smsse;finess_activites
type_activite_smsse;71546;2;activite.code_type_activite_smsse;finess_activites
type_activite_smsse;71554;2;activite.code_type_activite_smsse;finess_activites
type_activite_smsse;71555;2;activite.code_type_activite_smsse;finess_activites
type_activite_smsse;71559;2;activite.code_type_activite_smsse;finess_activites
type_activite_smsse;71565;2;activite.code_type_activite_smsse;finess_activites
type_activite_smsse;71567;2;activite.code_type_activite_smsse;finess_activites
type_activite_smsse;71572;2;activite.code_type_activite_smsse;finess_activites
type_activite_smsse;71575;2;activite.code_type_activite_smsse;finess_activites
type_activite_smsse;71576;2;activite.code_type_activite_smsse;finess_activites
type_activite_smsse;71580;2;activite.code_type_activite_smsse;finess_activites
type_activite_smsse;71585;2;activite.code_type_activite_smsse;finess_activites
type_activite_smsse;71587;2;activite.code_type_activite_smsse;finess_activites
type_activite_smsse;71589;2;activite.code_type_activite_smsse;finess_activites
type_activite_smsse;71590;2;activite.code_type_activite_smsse;finess_activites
type_activite_smsse;71593;2;activite.code_type_activite_smsse;finess_activites
type_activite_smsse;71595;2;activite.code_type_activite_smsse;finess_activites
type_activite_smsse;71596;2;activite.code_type_activite_smsse;finess_activites
type_activite_smsse;71606;2;activite.code_type_activite_smsse;finess_activites
type_activite_smsse;71607;2;activite.code_type_activite_smsse;finess_activites
type_activite_smsse;71610;2;activite.code_type_activite_smsse;finess_activites
type_activite_smsse;71613;2;activite.code_type_activite_smsse;finess_activites
type_activite_smsse;71616;2;activite.code_type_activite_smsse;finess_activites
type_activite_smsse;71621;2;activite.code_type_activite_smsse;finess_activites
type_activite_smsse;71624;2;activite.code_type_activite_smsse;finess_activites
type_activite_smsse;71627;2;activite.code_type_activite_smsse;finess_activites
type_activite_smsse;71628;2;activite.code_type_activite_smsse;finess_activites
type_activite_smsse;71632;2;activite.code_type_activite_smsse;finess_activites
type_activite_smsse;71642;2;activite.code_type_activite_smsse;finess_activites
type_activite_smsse;71643;2;activite.code_type_activite_smsse;finess_activites
type_activite_smsse;71644;2;activite.code_type_activite_smsse;finess_activites
type_activite_smsse;71647;2;activite.code_type_activite_smsse;finess_activites
type_activite_smsse;71651;2;activite.code_type_activite_smsse;finess_activites
type_activite_smsse;71652;2;activite.code_type_activite_smsse;finess_activites
type_activite_smsse;71655;2;activite.code_type_activite_smsse;finess_activites
type_activite_smsse;71661;2;activite.code_type_activite_smsse;finess_activites
type_activite_smsse;71665;2;activite.code_type_activite_smsse;finess_activites
type_activite_smsse;71668;2;activite.code_type_activite_smsse;finess_activites
type_activite_smsse;71674;2;activite.code_type_activite_smsse;finess_activites
type_activite_smsse;71675;2;activite.code_type_activite_smsse;finess_activites
type_activite_smsse;71678;2;activite.code_type_activite_smsse;finess_activites
type_activite_smsse;71679;2;activite.code_type_activite_smsse;finess_activites
type_activite_smsse;71684;2;activite.code_type_activite_smsse;finess_activites
type_activite_smsse;71691;2;activite.code_type_activite_smsse;finess_activites
type_activite_smsse;71692;2;activite.code_type_activite_smsse;finess_activites
type_activite_smsse;71693;2;activite.code_type_activite_smsse;finess_activites
type_activite_smsse;71699;2;activite.code_type_activite_smsse;finess_activites
type_activite_smsse;71703;2;activite.code_type_activite_smsse;finess_activites
type_activite_smsse;71705;2;activite.code_type_activite_smsse;finess_activites
type_activite_smsse;71709;2;activite.code_type_activite_smsse;finess_activites
type_activite_smsse;71722;2;activite.code_type_activite_smsse;finess_activites
type_activite_smsse;71723;2;activite.code_type_activite_smsse;finess_activites
type_activite_smsse;71724;2;activite.code_type_activite_smsse;finess_activites
type_activite_smsse;71725;2;activite.code_type_activite_smsse;finess_activites
type_activite_smsse;71727;2;activite.code_type_activite_smsse;finess_activites
type_activite_smsse;71728;2;activite.code_type_activite_smsse;finess_activites
type_activite_smsse;71736;2;activite.code_type_activite_smsse;finess_activites
type_activite_smsse;71738;2;activite.code_type_activite_smsse;finess_activites
type_activite_smsse;71747;2;activite.code_type_activite_smsse;finess_activites
type_activite_smsse;71749;2;activite.code_type_activite_smsse;finess_activites
type_activite_smsse;71750;2;activite.code_type_activite_smsse;finess_activites
type_activite_smsse;71753;2;activite.code_type_activite_smsse;finess_activites
type_activite_smsse;71759;2;activite.code_type_activite_smsse;finess_activites
type_activite_smsse;71763;2;activite.code_type_activite_smsse;finess_activites
type_activite_smsse;71769;2;activite.code_type_activite_smsse;finess_activites
type_activite_smsse;71772;2;activite.code_type_activite_smsse;finess_activites
type_activite_smsse;71781;2;activite.code_type_activite_smsse;finess_activites
type_activite_smsse;71793;2;activite.code_type_activite_smsse;finess_activites
type_activite_smsse;71795;2;activite.code_type_activite_smsse;finess_activites
type_activite_smsse;71800;2;activite.code_type_activite_smsse;finess_activites
type_activite_smsse;71806;2;activite.code_type_activite_smsse;finess_activites
type_activite_smsse;71807;2;activite.code_type_activite_smsse;finess_activites
type_activite_smsse;71808;2;activite.code_type_activite_smsse;finess_activites
type_activite_smsse;71810;2;activite.code_type_activite_smsse;finess_activites
type_activite_smsse;71818;2;activite.code_type_activite_smsse;finess_activites
type_activite_smsse;71820;2;activite.code_type_activite_smsse;finess_activites
type_activite_smsse;71821;2;activite.code_type_activite_smsse;finess_activites
type_activite_smsse;71824;2;activite.code_type_activite_smsse;finess_activites
type_activite_smsse;71829;2;activite.code_type_activite_smsse;finess_activites
type_activite_smsse;71830;2;activite.code_type_activite_smsse;finess_activites
type_activite_smsse;71832;2;activite.code_type_activite_smsse;finess_activites
type_activite_smsse;71834;2;activite.code_type_activite_smsse;finess_activites
type_activite_smsse;71835;2;activite.code_type_activite_smsse;finess_activites
type_activite_smsse;71838;2;activite.code_type_activite_smsse;finess_activites
type_activite_smsse;71841;2;activite.code_type_activite_smsse;finess_activites
type_activite_smsse;71843;2;activite.code_type_activite_smsse;finess_activites
type_activite_smsse;71844;2;activite.code_type_activite_smsse;finess_activites
type_activite_smsse;71845;2;activite.code_type_activite_smsse;finess_activites
type_activite_smsse;71849;2;activite.code_type_activite_smsse;finess_activites
type_activite_smsse;71859;2;activite.code_type_activite_smsse;finess_activites
type_activite_smsse;71861;2;activite.code_type_activite_smsse;finess_activites
type_activite_smsse;71865;2;activite.code_type_activite_smsse;finess_activites
type_activite_smsse;71866;2;activite.code_type_activite_smsse;finess_activites
type_activite_smsse;71870;2;activite.code_type_activite_smsse;finess_activites
type_activite_smsse;71872;2;activite.code_type_activite_smsse;finess_activites
type_activite_smsse;71876;2;activite.code_type_activite_smsse;finess_activites
type_activite_smsse;71877;2;activite.code_type_activite_smsse;finess_activites
type_activite_smsse;71882;2;activite.code_type_activite_smsse;finess_activites
type_activite_smsse;71883;2;activite.code_type_activite_smsse;finess_activites
type_activite_smsse;71892;2;activite.code_type_activite_smsse;finess_activites
type_activite_smsse;71915;2;activite.code_type_activite_smsse;finess_activites
type_activite_smsse;71918;2;activite.code_type_activite_smsse;finess_activites
type_activite_smsse;71919;2;activite.code_type_activite_smsse;finess_activites
type_activite_smsse;71921;2;activite.code_type_activite_smsse;finess_activites
type_activite_smsse;71923;2;activite.code_type_activite_smsse;finess_activites
type_activite_smsse;71924;2;activite.code_type_activite_smsse;finess_activites
type_activite_smsse;71925;2;activite.code_type_activite_smsse;finess_activites
type_activite_smsse;71926;2;activite.code_type_activite_smsse;finess_activites
type_activite_smsse;71927;2;activite.code_type_activite_smsse;finess_activites
type_activite_smsse;71929;2;activite.code_type_activite_smsse;finess_activites
type_activite_smsse;71932;2;activite.code_type_activite_smsse;finess_activites
type_activite_smsse;71933;2;activite.code_type_activite_smsse;finess_activites
type_activite_smsse;71934;2;activite.code_type_activite_smsse;finess_activites
type_activite_smsse;71935;2;activite.code_type_activite_smsse;finess_activites
type_activite_smsse;71936;2;activite.code_type_activite_smsse;finess_activites
type_activite_smsse;71943;2;activite.code_type_activite_smsse;finess_activites
type_activite_smsse;71947;2;activite.code_type_activite_smsse;finess_activites
type_activite_smsse;71951;2;activite.code_type_activite_smsse;finess_activites
type_activite_smsse;71958;2;activite.code_type_activite_smsse;finess_activites
type_activite_smsse;71960;2;activite.code_type_activite_smsse;finess_activites
type_activite_smsse;71966;2;activite.code_type_activite_smsse;finess_activites
type_activite_smsse;71967;2;activite.code_type_activite_smsse;finess_activites
type_activite_smsse;71968;2;activite.code_type_activite_smsse;finess_activites
type_activite_smsse;71973;2;activite.code_type_activite_smsse;finess_activites
type_activite_smsse;71985;2;activite.code_type_activite_smsse;finess_activites
type_activite_smsse;71994;2;activite.code_type_activite_smsse;finess_activites
type_activite_smsse;71995;2;activite.code_type_activite_smsse;finess_activites
type_activite_smsse;71998;2;activite.code_type_activite_smsse;finess_activites
type_activite_smsse;72010;2;activite.code_type_activite_smsse;finess_activites
type_activite_smsse;72011;2;activite.code_type_activite_smsse;finess_activites
type_activite_smsse;72013;2;activite.code_type_activite_smsse;finess_activites
type_activite_smsse;72014;2;activite.code_type_activite_smsse;finess_activites
type_activite_smsse;72019;2;activite.code_type_activite_smsse;finess_activites
type_activite_smsse;72020;2;activite.code_type_activite_smsse;finess_activites
type_activite_smsse;72024;2;activite.code_type_activite_smsse;finess_activites
type_activite_smsse;72027;2;activite.code_type_activite_smsse;finess_activites
type_activite_smsse;72029;2;activite.code_type_activite_smsse;finess_activites
type_activite_smsse;72030;2;activite.code_type_activite_smsse;finess_activites
type_activite_smsse;72035;2;activite.code_type_activite_smsse;finess_activites
type_activite_smsse;72039;2;activite.code_type_activite_smsse;finess_activites
type_activite_smsse;72042;2;activite.code_type_activite_smsse;finess_activites
type_activite_smsse;72043;2;activite.code_type_activite_smsse;finess_activites
type_activite_smsse;72047;2;activite.code_type_activite_smsse;finess_activites
type_activite_smsse;72048;2;activite.code_type_activite_smsse;finess_activites
type_activite_smsse;72053;2;activite.code_type_activite_smsse;finess_activites
type_activite_smsse;72054;2;activite.code_type_activite_smsse;finess_activites
type_activite_smsse;72058;2;activite.code_type_activite_smsse;finess_activites
type_activite_smsse;72064;2;activite.code_type_activite_smsse;finess_activites
type_activite_smsse;72068;2;activite.code_type_activite_smsse;finess_activites
type_activite_smsse;72077;2;activite.code_type_activite_smsse;finess_activites
type_activite_smsse;72087;2;activite.code_type_activite_smsse;finess_activites
type_activite_smsse;72089;2;activite.code_type_activite_smsse;finess_activites
type_activite_smsse;72090;2;activite.code_type_activite_smsse;finess_activites
type_activite_smsse;72094;2;activite.code_type_activite_smsse;finess_activites
type_activite_smsse;72096;2;activite.code_type_activite_smsse;finess_activites
type_activite_smsse;72097;2;activite.code_type_activite_smsse;finess_activites
type_activite_smsse;72098;2;activite.code_type_activite_smsse;finess_activites
type_activite_smsse;72100;2;activite.code_type_activite_smsse;finess_activites
type_activite_smsse;72102;2;activite.code_type_activite_smsse;finess_activites
type_activite_smsse;72103;2;activite.code_type_activite_smsse;finess_activites
type_activite_smsse;72104;2;activite.code_type_activite_smsse;finess_activites
type_activite_smsse;72106;2;activite.code_type_activite_smsse;finess_activites
type_activite_smsse;72109;2;activite.code_type_activite_smsse;finess_activites
type_activite_smsse;72113;2;activite.code_type_activite_smsse;finess_activites
type_activite_smsse;72114;2;activite.code_type_activite_smsse;finess_activites
type_activite_smsse;72117;2;activite.code_type_activite_smsse;finess_activites
type_activite_smsse;72119;2;activite.code_type_activite_smsse;finess_activites
type_activite_smsse;72121;2;activite.code_type_activite_smsse;finess_activites
type_activite_smsse;72124;2;activite.code_type_activite_smsse;finess_activites
type_activite_smsse;72127;2;activite.code_type_activite_smsse;finess_activites
type_activite_smsse;72134;2;activite.code_type_activite_smsse;finess_activites
type_activite_smsse;72137;2;activite.code_type_activite_smsse;finess_activites
type_activite_smsse;72138;2;activite.code_type_activite_smsse;finess_activites
type_activite_smsse;72142;2;activite.code_type_activite_smsse;finess_activites
type_activite_smsse;72145;2;activite.code_type_activite_smsse;finess_activites
type_activite_smsse;72146;2;activite.code_type_activite_smsse;finess_activites
type_activite_smsse;72148;2;activite.code_type_activite_smsse;finess_activites
type_activite_smsse;72152;2;activite.code_type_activite_smsse;finess_activites
type_activite_smsse;72153;2;activite.code_type_activite_smsse;finess_activites
type_activite_smsse;72156;2;activite.code_type_activite_smsse;finess_activites
type_activite_smsse;72160;2;activite.code_type_activite_smsse;finess_activites
type_activite_smsse;72162;2;activite.code_type_activite_smsse;finess_activites
type_activite_smsse;72165;2;activite.code_type_activite_smsse;finess_activites
type_activite_smsse;72166;2;activite.code_type_activite_smsse;finess_activites
type_activite_smsse;72168;2;activite.code_type_activite_smsse;finess_activites
type_activite_smsse;72170;2;activite.code_type_activite_smsse;finess_activites
type_activite_smsse;72191;2;activite.code_type_activite_smsse;finess_activites
type_activite_smsse;72192;2;activite.code_type_activite_smsse;finess_activites
type_activite_smsse;72193;2;activite.code_type_activite_smsse;finess_activites
type_activite_smsse;72197;2;activite.code_type_activite_smsse;finess_activites
type_activite_smsse;72202;2;activite.code_type_activite_smsse;finess_activites
type_activite_smsse;72209;2;activite.code_type_activite_smsse;finess_activites
type_activite_smsse;72210;2;activite.code_type_activite_smsse;finess_activites
type_activite_smsse;72212;2;activite.code_type_activite_smsse;finess_activites
type_activite_smsse;72218;2;activite.code_type_activite_smsse;finess_activites
type_activite_smsse;72219;2;activite.code_type_activite_smsse;finess_activites
type_activite_smsse;72220;2;activite.code_type_activite_smsse;finess_activites
type_activite_smsse;72221;2;activite.code_type_activite_smsse;finess_activites
type_activite_smsse;72249;2;activite.code_type_activite_smsse;finess_activites
type_activite_smsse;72252;2;activite.code_type_activite_smsse;finess_activites
type_activite_smsse;72253;2;activite.code_type_activite_smsse;finess_activites
type_activite_smsse;72255;2;activite.code_type_activite_smsse;finess_activites
type_activite_smsse;72256;2;activite.code_type_activite_smsse;finess_activites
type_activite_smsse;72258;2;activite.code_type_activite_smsse;finess_activites
type_activite_smsse;72261;2;activite.code_type_activite_smsse;finess_activites
type_activite_smsse;72263;2;activite.code_type_activite_smsse;finess_activites
type_activite_smsse;72269;2;activite.code_type_activite_smsse;finess_activites
type_activite_smsse;72270;2;activite.code_type_activite_smsse;finess_activites
type_activite_smsse;72271;2;activite.code_type_activite_smsse;finess_activites
type_activite_smsse;72273;2;activite.code_type_activite_smsse;finess_activites
type_activite_smsse;72275;2;activite.code_type_activite_smsse;finess_activites
type_activite_smsse;72278;2;activite.code_type_activite_smsse;finess_activites
type_activite_smsse;72281;2;activite.code_type_activite_smsse;finess_activites
type_activite_smsse;72284;2;activite.code_type_activite_smsse;finess_activites
type_activite_smsse;72286;2;activite.code_type_activite_smsse;finess_activites
type_activite_smsse;72288;2;activite.code_type_activite_smsse;finess_activites
type_activite_smsse;72293;2;activite.code_type_activite_smsse;finess_activites
type_activite_smsse;72295;2;activite.code_type_activite_smsse;finess_activites
type_activite_smsse;72296;2;activite.code_type_activite_smsse;finess_activites
type_activite_smsse;72298;2;activite.code_type_activite_smsse;finess_activites
type_activite_smsse;72299;2;activite.code_type_activite_smsse;finess_activites
type_activite_smsse;72305;2;activite.code_type_activite_smsse;finess_activites
type_activite_smsse;72307;2;activite.code_type_activite_smsse;finess_activites
type_activite_smsse;72309;2;activite.code_type_activite_smsse;finess_activites
type_activite_smsse;72311;2;activite.code_type_activite_smsse;finess_activites
type_activite_smsse;72312;2;activite.code_type_activite_smsse;finess_activites
type_activite_smsse;72315;2;activite.code_type_activite_smsse;finess_activites
type_activite_smsse;72317;2;activite.code_type_activite_smsse;finess_activites
type_activite_smsse;72322;2;activite.code_type_activite_smsse;finess_activites
type_activite_smsse;72323;2;activite.code_type_activite_smsse;finess_activites
type_activite_smsse;72326;2;activite.code_type_activite_smsse;finess_activites
type_activite_smsse;72327;2;activite.code_type_activite_smsse;finess_activites
type_activite_smsse;72329;2;activite.code_type_activite_smsse;finess_activites
type_activite_smsse;72330;2;activite.code_type_activite_smsse;finess_activites
type_activite_smsse;72333;2;activite.code_type_activite_smsse;finess_activites
type_activite_smsse;72334;2;activite.code_type_activite_smsse;finess_activites
type_activite_smsse;72340;2;activite.code_type_activite_smsse;finess_activites
type_activite_smsse;72342;2;activite.code_type_activite_smsse;finess_activites
type_activite_smsse;72344;2;activite.code_type_activite_smsse;finess_activites
type_activite_smsse;72346;2;activite.code_type_activite_smsse;finess_activites
type_activite_smsse;72350;2;activite.code_type_activite_smsse;finess_activites
type_activite_smsse;72353;2;activite.code_type_activite_smsse;finess_activites
type_activite_smsse;72361;2;activite.code_type_activite_smsse;finess_activites
type_activite_smsse;72363;2;activite.code_type_activite_smsse;finess_activites
type_activite_smsse;72365;2;activite.code_type_activite_smsse;finess_activites
type_activite_smsse;72366;2;activite.code_type_activite_smsse;finess_activites
type_activite_smsse;72370;2;activite.code_type_activite_smsse;finess_activites
type_activite_smsse;72371;2;activite.code_type_activite_smsse;finess_activites
type_activite_smsse;72372;2;activite.code_type_activite_smsse;finess_activites
type_activite_smsse;72373;2;activite.code_type_activite_smsse;finess_activites
type_activite_smsse;72374;2;activite.code_type_activite_smsse;finess_activites
type_activite_smsse;72375;2;activite.code_type_activite_smsse;finess_activites
type_activite_smsse;72376;2;activite.code_type_activite_smsse;finess_activites
type_activite_smsse;72379;2;activite.code_type_activite_smsse;finess_activites
type_activite_smsse;72380;2;activite.code_type_activite_smsse;finess_activites
type_activite_smsse;72382;2;activite.code_type_activite_smsse;finess_activites
type_activite_smsse;72384;2;activite.code_type_activite_smsse;finess_activites
type_activite_smsse;72385;2;activite.code_type_activite_smsse;finess_activites
type_activite_smsse;72386;2;activite.code_type_activite_smsse;finess_activites
type_activite_smsse;72388;2;activite.code_type_activite_smsse;finess_activites
type_activite_smsse;72390;2;activite.code_type_activite_smsse;finess_activites
type_activite_smsse;72393;2;activite.code_type_activite_smsse;finess_activites
type_activite_smsse;72396;2;activite.code_type_activite_smsse;finess_activites
type_activite_smsse;72398;2;activite.code_type_activite_smsse;finess_activites
type_activite_smsse;72399;2;activite.code_type_activite_smsse;finess_activites
type_activite_smsse;72402;2;activite.code_type_activite_smsse;finess_activites
type_activite_smsse;72403;2;activite.code_type_activite_smsse;finess_activites
type_activite_smsse;72404;2;activite.code_type_activite_smsse;finess_activites
type_activite_smsse;72408;2;activite.code_type_activite_smsse;finess_activites
type_activite_smsse;72409;2;activite.code_type_activite_smsse;finess_activites
type_activite_smsse;72410;2;activite.code_type_activite_smsse;finess_activites
type_activite_smsse;72411;2;activite.code_type_activite_smsse;finess_activites
type_activite_smsse;72412;2;activite.code_type_activite_smsse;finess_activites
type_activite_smsse;72413;2;activite.code_type_activite_smsse;finess_activites
type_activite_smsse;72418;2;activite.code_type_activite_smsse;finess_activites
type_activite_smsse;72420;2;activite.code_type_activite_smsse;finess_activites
type_activite_smsse;72421;2;activite.code_type_activite_smsse;finess_activites
type_activite_smsse;72425;2;activite.code_type_activite_smsse;finess_activites
type_activite_smsse;72426;2;activite.code_type_activite_smsse;finess_activites
type_activite_smsse;72427;2;activite.code_type_activite_smsse;finess_activites
type_activite_smsse;72432;2;activite.code_type_activite_smsse;finess_activites
type_activite_smsse;72433;2;activite.code_type_activite_smsse;finess_activites
type_activite_smsse;72434;2;activite.code_type_activite_smsse;finess_activites
type_activite_smsse;72437;2;activite.code_type_activite_smsse;finess_activites
type_activite_smsse;72438;2;activite.code_type_activite_smsse;finess_activites
type_activite_smsse;72439;2;activite.code_type_activite_smsse;finess_activites
type_activite_smsse;72441;2;activite.code_type_activite_smsse;finess_activites
type_activite_smsse;72442;2;activite.code_type_activite_smsse;finess_activites
type_activite_smsse;72445;2;activite.code_type_activite_smsse;finess_activites
type_activite_smsse;72449;2;activite.code_type_activite_smsse;finess_activites
type_activite_smsse;72450;2;activite.code_type_activite_smsse;finess_activites
type_activite_smsse;72458;2;activite.code_type_activite_smsse;finess_activites
type_activite_smsse;72459;2;activite.code_type_activite_smsse;finess_activites
type_activite_smsse;72460;2;activite.code_type_activite_smsse;finess_activites
type_activite_smsse;72463;2;activite.code_type_activite_smsse;finess_activites
type_activite_smsse;72464;2;activite.code_type_activite_smsse;finess_activites
type_activite_smsse;72465;2;activite.code_type_activite_smsse;finess_activites
type_activite_smsse;72467;2;activite.code_type_activite_smsse;finess_activites
type_activite_smsse;72470;2;activite.code_type_activite_smsse;finess_activites
type_activite_smsse;72471;2;activite.code_type_activite_smsse;finess_activites
type_activite_smsse;72472;2;activite.code_type_activite_smsse;finess_activites
type_activite_smsse;72473;2;activite.code_type_activite_smsse;finess_activites
type_activite_smsse;72474;2;activite.code_type_activite_smsse;finess_activites
type_activite_smsse;72475;2;activite.code_type_activite_smsse;finess_activites
type_activite_smsse;72480;2;activite.code_type_activite_smsse;finess_activites
type_activite_smsse;72481;2;activite.code_type_activite_smsse;finess_activites
type_activite_smsse;72484;2;activite.code_type_activite_smsse;finess_activites
type_activite_smsse;72485;2;activite.code_type_activite_smsse;finess_activites
type_activite_smsse;72486;2;activite.code_type_activite_smsse;finess_activites
type_activite_smsse;72487;2;activite.code_type_activite_smsse;finess_activites
type_activite_smsse;72492;2;activite.code_type_activite_smsse;finess_activites
type_activite_smsse;72493;2;activite.code_type_activite_smsse;finess_activites
type_activite_smsse;72494;2;activite.code_type_activite_smsse;finess_activites
type_activite_smsse;72496;2;activite.code_type_activite_smsse;finess_activites
type_activite_smsse;72498;2;activite.code_type_activite_smsse;finess_activites
type_activite_smsse;72501;2;activite.code_type_activite_smsse;finess_activites
type_activite_smsse;72503;2;activite.code_type_activite_smsse;finess_activites
type_activite_smsse;72504;2;activite.code_type_activite_smsse;finess_activites
type_activite_smsse;72508;2;activite.code_type_activite_smsse;finess_activites
type_activite_smsse;72509;2;activite.code_type_activite_smsse;finess_activites
type_activite_smsse;72513;2;activite.code_type_activite_smsse;finess_activites
type_activite_smsse;72514;2;activite.code_type_activite_smsse;finess_activites
type_activite_smsse;72516;2;activite.code_type_activite_smsse;finess_activites
type_activite_smsse;72518;2;activite.code_type_activite_smsse;finess_activites
type_activite_smsse;72519;2;activite.code_type_activite_smsse;finess_activites
type_activite_smsse;72523;2;activite.code_type_activite_smsse;finess_activites
type_activite_smsse;72524;2;activite.code_type_activite_smsse;finess_activites
type_activite_smsse;72526;2;activite.code_type_activite_smsse;finess_activites
type_activite_smsse;72528;2;activite.code_type_activite_smsse;finess_activites
type_activite_smsse;72529;2;activite.code_type_activite_smsse;finess_activites
type_activite_smsse;72530;2;activite.code_type_activite_smsse;finess_activites
type_activite_smsse;72532;2;activite.code_type_activite_smsse;finess_activites
type_activite_smsse;72533;2;activite.code_type_activite_smsse;finess_activites
type_activite_smsse;72536;2;activite.code_type_activite_smsse;finess_activites
type_activite_smsse;80010;2;activite.code_type_activite_smsse;finess_activites
type_activite_smsse;80012;2;activite.code_type_activite_smsse;finess_activites
type_activite_smsse;80013;2;activite.code_type_activite_smsse;finess_activites
type_activite_smsse;80014;2;activite.code_type_activite_smsse;finess_activites
type_activite_smsse;80016;2;activite.code_type_activite_smsse;finess_activites
type_activite_smsse;80021;2;activite.code_type_activite_smsse;finess_activites
type_activite_smsse;80027;2;activite.code_type_activite_smsse;finess_activites
type_activite_smsse;80028;2;activite.code_type_activite_smsse;finess_activites
type_activite_smsse;80030;2;activite.code_type_activite_smsse;finess_activites
type_activite_smsse;80046;2;activite.code_type_activite_smsse;finess_activites
type_activite_smsse;80053;2;activite.code_type_activite_smsse;finess_activites
type_activite_smsse;80054;2;activite.code_type_activite_smsse;finess_activites
type_activite_smsse;80062;2;activite.code_type_activite_smsse;finess_activites
type_activite_smsse;80064;2;activite.code_type_activite_smsse;finess_activites
type_activite_smsse;80066;2;activite.code_type_activite_smsse;finess_activites
type_activite_smsse;80069;2;activite.code_type_activite_smsse;finess_activites
type_activite_smsse;80070;2;activite.code_type_activite_smsse;finess_activites
type_activite_smsse;80071;2;activite.code_type_activite_smsse;finess_activites
type_activite_smsse;80072;2;activite.code_type_activite_smsse;finess_activites
type_activite_smsse;80073;2;activite.code_type_activite_smsse;finess_activites
type_activite_smsse;80074;2;activite.code_type_activite_smsse;finess_activites
type_activite_smsse;80077;2;activite.code_type_activite_smsse;finess_activites
type_activite_smsse;80079;2;activite.code_type_activite_smsse;finess_activites
type_activite_smsse;80080;2;activite.code_type_activite_smsse;finess_activites
type_activite_smsse;80083;2;activite.code_type_activite_smsse;finess_activites
type_activite_smsse;80084;2;activite.code_type_activite_smsse;finess_activites
type_activite_smsse;80086;2;activite.code_type_activite_smsse;finess_activites
type_activite_smsse;80091;2;activite.code_type_activite_smsse;finess_activites
type_activite_smsse;80101;2;activite.code_type_activite_smsse;finess_activites
type_activite_smsse;80104;2;activite.code_type_activite_smsse;finess_activites
type_activite_smsse;80108;2;activite.code_type_activite_smsse;finess_activites
type_activite_smsse;80113;2;activite.code_type_activite_smsse;finess_activites
type_activite_smsse;80117;2;activite.code_type_activite_smsse;finess_activites
type_activite_smsse;80121;2;activite.code_type_activite_smsse;finess_activites
type_activite_smsse;80124;2;activite.code_type_activite_smsse;finess_activites
type_activite_smsse;80125;2;activite.code_type_activite_smsse;finess_activites
type_activite_smsse;80126;2;activite.code_type_activite_smsse;finess_activites
type_activite_smsse;80127;2;activite.code_type_activite_smsse;finess_activites
type_activite_smsse;80139;2;activite.code_type_activite_smsse;finess_activites
type_activite_smsse;80140;2;activite.code_type_activite_smsse;finess_activites
type_activite_smsse;80143;2;activite.code_type_activite_smsse;finess_activites
type_activite_smsse;80144;2;activite.code_type_activite_smsse;finess_activites
type_activite_smsse;80145;2;activite.code_type_activite_smsse;finess_activites
type_activite_smsse;80150;2;activite.code_type_activite_smsse;finess_activites
type_activite_smsse;80151;2;activite.code_type_activite_smsse;finess_activites
type_activite_smsse;80152;2;activite.code_type_activite_smsse;finess_activites
type_activite_smsse;80157;2;activite.code_type_activite_smsse;finess_activites
type_activite_smsse;80164;2;activite.code_type_activite_smsse;finess_activites
type_activite_smsse;80165;2;activite.code_type_activite_smsse;finess_activites
type_activite_smsse;80169;2;activite.code_type_activite_smsse;finess_activites
type_activite_smsse;80173;2;activite.code_type_activite_smsse;finess_activites
type_activite_smsse;80180;2;activite.code_type_activite_smsse;finess_activites
type_activite_smsse;80182;2;activite.code_type_activite_smsse;finess_activites
type_activite_smsse;80183;2;activite.code_type_activite_smsse;finess_activites
type_activite_smsse;80189;2;activite.code_type_activite_smsse;finess_activites
type_activite_smsse;80190;2;activite.code_type_activite_smsse;finess_activites
type_activite_smsse;80191;2;activite.code_type_activite_smsse;finess_activites
type_activite_smsse;80196;2;activite.code_type_activite_smsse;finess_activites
type_activite_smsse;80202;2;activite.code_type_activite_smsse;finess_activites
type_activite_smsse;80203;2;activite.code_type_activite_smsse;finess_activites
type_activite_smsse;80204;2;activite.code_type_activite_smsse;finess_activites
type_activite_smsse;80206;2;activite.code_type_activite_smsse;finess_activites
type_activite_smsse;80209;2;activite.code_type_activite_smsse;finess_activites
type_activite_smsse;80211;2;activite.code_type_activite_smsse;finess_activites
type_activite_smsse;80212;2;activite.code_type_activite_smsse;finess_activites
type_activite_smsse;80213;2;activite.code_type_activite_smsse;finess_activites
type_activite_smsse;80214;2;activite.code_type_activite_smsse;finess_activites
type_activite_smsse;80217;2;activite.code_type_activite_smsse;finess_activites
type_activite_smsse;80220;2;activite.code_type_activite_smsse;finess_activites
type_activite_smsse;80221;2;activite.code_type_activite_smsse;finess_activites
type_activite_smsse;80223;2;activite.code_type_activite_smsse;finess_activites
type_activite_smsse;80225;2;activite.code_type_activite_smsse;finess_activites
type_activite_smsse;80227;2;activite.code_type_activite_smsse;finess_activites
type_activite_smsse;80229;2;activite.code_type_activite_smsse;finess_activites
type_activite_smsse;80231;2;activite.code_type_activite_smsse;finess_activites
type_activite_smsse;80233;2;activite.code_type_activite_smsse;finess_activites
type_activite_smsse;80234;2;activite.code_type_activite_smsse;finess_activites
type_activite_smsse;80237;2;activite.code_type_activite_smsse;finess_activites
type_activite_smsse;80238;2;activite.code_type_activite_smsse;finess_activites
type_activite_smsse;80240;2;activite.code_type_activite_smsse;finess_activites
type_activite_smsse;80242;2;activite.code_type_activite_smsse;finess_activites
type_activite_smsse;80244;2;activite.code_type_activite_smsse;finess_activites
type_activite_smsse;80245;2;activite.code_type_activite_smsse;finess_activites
type_activite_smsse;80247;2;activite.code_type_activite_smsse;finess_activites
type_activite_smsse;80249;2;activite.code_type_activite_smsse;finess_activites
type_activite_smsse;80250;2;activite.code_type_activite_smsse;finess_activites
type_activite_smsse;80251;2;activite.code_type_activite_smsse;finess_activites
type_activite_smsse;80252;2;activite.code_type_activite_smsse;finess_activites
type_activite_smsse;80255;2;activite.code_type_activite_smsse;finess_activites
type_activite_smsse;80256;2;activite.code_type_activite_smsse;finess_activites
type_activite_smsse;80258;2;activite.code_type_activite_smsse;finess_activites
type_activite_smsse;80268;2;activite.code_type_activite_smsse;finess_activites
type_activite_smsse;80275;2;activite.code_type_activite_smsse;finess_activites
type_activite_smsse;80278;2;activite.code_type_activite_smsse;finess_activites
type_activite_smsse;80280;2;activite.code_type_activite_smsse;finess_activites
type_activite_smsse;80282;2;activite.code_type_activite_smsse;finess_activites
type_activite_smsse;80286;2;activite.code_type_activite_smsse;finess_activites
type_activite_smsse;80289;2;activite.code_type_activite_smsse;finess_activites
type_activite_smsse;80292;2;activite.code_type_activite_smsse;finess_activites
type_activite_smsse;80293;2;activite.code_type_activite_smsse;finess_activites
type_activite_smsse;80304;2;activite.code_type_activite_smsse;finess_activites
type_activite_smsse;80307;2;activite.code_type_activite_smsse;finess_activites
type_activite_smsse;80308;2;activite.code_type_activite_smsse;finess_activites
type_activite_smsse;80310;2;activite.code_type_activite_smsse;finess_activites
type_activite_smsse;80311;2;activite.code_type_activite_smsse;finess_activites
type_activite_smsse;80312;2;activite.code_type_activite_smsse;finess_activites
type_activite_smsse;80322;2;activite.code_type_activite_smsse;finess_activites
type_activite_smsse;80329;2;activite.code_type_activite_smsse;finess_activites
type_activite_smsse;80331;2;activite.code_type_activite_smsse;finess_activites
type_activite_smsse;80333;2;activite.code_type_activite_smsse;finess_activites
type_activite_smsse;80340;2;activite.code_type_activite_smsse;finess_activites
type_activite_smsse;80342;2;activite.code_type_activite_smsse;finess_activites
type_activite_smsse;80345;2;activite.code_type_activite_smsse;finess_activites
type_activite_smsse;80347;2;activite.code_type_activite_smsse;finess_activites
type_activite_smsse;80372;2;activite.code_type_activite_smsse;finess_activites
type_activite_smsse;80373;2;activite.code_type_activite_smsse;finess_activites
type_activite_smsse;80374;2;activite.code_type_activite_smsse;finess_activites
type_activite_smsse;80375;2;activite.code_type_activite_smsse;finess_activites
type_activite_smsse;80376;2;activite.code_type_activite_smsse;finess_activites
type_activite_smsse;80377;2;activite.code_type_activite_smsse;finess_activites
type_activite_smsse;80379;2;activite.code_type_activite_smsse;finess_activites
type_activite_smsse;80386;2;activite.code_type_activite_smsse;finess_activites
type_activite_smsse;80388;2;activite.code_type_activite_smsse;finess_activites
type_activite_smsse;80393;2;activite.code_type_activite_smsse;finess_activites
type_activite_smsse;80394;2;activite.code_type_activite_smsse;finess_activites
type_activite_smsse;80395;2;activite.code_type_activite_smsse;finess_activites
type_activite_smsse;80396;2;activite.code_type_activite_smsse;finess_activites
type_activite_smsse;80397;2;activite.code_type_activite_smsse;finess_activites
type_activite_smsse;80398;2;activite.code_type_activite_smsse;finess_activites
type_activite_smsse;80399;2;activite.code_type_activite_smsse;finess_activites
type_activite_smsse;80401;2;activite.code_type_activite_smsse;finess_activites
type_activite_smsse;80405;2;activite.code_type_activite_smsse;finess_activites
type_activite_smsse;80408;2;activite.code_type_activite_smsse;finess_activites
type_activite_smsse;80413;2;activite.code_type_activite_smsse;finess_activites
type_activite_smsse;80417;2;activite.code_type_activite_smsse;finess_activites
type_activite_smsse;80418;2;activite.code_type_activite_smsse;finess_activites
type_activite_smsse;80424;2;activite.code_type_activite_smsse;finess_activites
type_activite_smsse;80425;2;activite.code_type_activite_smsse;finess_activites
type_activite_smsse;80426;2;activite.code_type_activite_smsse;finess_activites
type_activite_smsse;80427;2;activite.code_type_activite_smsse;finess_activites
type_activite_smsse;80428;2;activite.code_type_activite_smsse;finess_activites
type_activite_smsse;80429;2;activite.code_type_activite_smsse;finess_activites
type_activite_smsse;80430;2;activite.code_type_activite_smsse;finess_activites
type_activite_smsse;80432;2;activite.code_type_activite_smsse;finess_activites
type_activite_smsse;80437;2;activite.code_type_activite_smsse;finess_activites
type_activite_smsse;80438;2;activite.code_type_activite_smsse;finess_activites
type_activite_smsse;80440;2;activite.code_type_activite_smsse;finess_activites
type_activite_smsse;80442;2;activite.code_type_activite_smsse;finess_activites
type_activite_smsse;80459;2;activite.code_type_activite_smsse;finess_activites
type_activite_smsse;80463;2;activite.code_type_activite_smsse;finess_activites
type_activite_smsse;80465;2;activite.code_type_activite_smsse;finess_activites
type_activite_smsse;80466;2;activite.code_type_activite_smsse;finess_activites
type_activite_smsse;80467;2;activite.code_type_activite_smsse;finess_activites
type_activite_smsse;80468;2;activite.code_type_activite_smsse;finess_activites
type_activite_smsse;80477;2;activite.code_type_activite_smsse;finess_activites
type_activite_smsse;80487;2;activite.code_type_activite_smsse;finess_activites
type_activite_smsse;80491;2;activite.code_type_activite_smsse;finess_activites
type_activite_smsse;80492;2;activite.code_type_activite_smsse;finess_activites
type_activite_smsse;80493;2;activite.code_type_activite_smsse;finess_activites
type_activite_smsse;80499;2;activite.code_type_activite_smsse;finess_activites
type_activite_smsse;80504;2;activite.code_type_activite_smsse;finess_activites
type_activite_smsse;80505;2;activite.code_type_activite_smsse;finess_activites
type_activite_smsse;80506;2;activite.code_type_activite_smsse;finess_activites
type_activite_smsse;80513;2;activite.code_type_activite_smsse;finess_activites
type_activite_smsse;80516;2;activite.code_type_activite_smsse;finess_activites
type_activite_smsse;80523;2;activite.code_type_activite_smsse;finess_activites
type_activite_smsse;80529;2;activite.code_type_activite_smsse;finess_activites
type_activite_smsse;80530;2;activite.code_type_activite_smsse;finess_activites
type_activite_smsse;80531;2;activite.code_type_activite_smsse;finess_activites
type_activite_smsse;80535;2;activite.code_type_activite_smsse;finess_activites
type_activite_smsse;80536;2;activite.code_type_activite_smsse;finess_activites
type_activite_smsse;80537;2;activite.code_type_activite_smsse;finess_activites
type_activite_smsse;80540;2;activite.code_type_activite_smsse;finess_activites
type_activite_smsse;80544;2;activite.code_type_activite_smsse;finess_activites
type_activite_smsse;80547;2;activite.code_type_activite_smsse;finess_activites
type_activite_smsse;80549;2;activite.code_type_activite_smsse;finess_activites
type_activite_smsse;80551;2;activite.code_type_activite_smsse;finess_activites
type_activite_smsse;80553;2;activite.code_type_activite_smsse;finess_activites
type_activite_smsse;80554;2;activite.code_type_activite_smsse;finess_activites
type_activite_smsse;80556;2;activite.code_type_activite_smsse;finess_activites
type_activite_smsse;80557;2;activite.code_type_activite_smsse;finess_activites
type_activite_smsse;80560;2;activite.code_type_activite_smsse;finess_activites
type_activite_smsse;80565;2;activite.code_type_activite_smsse;finess_activites
type_activite_smsse;80566;2;activite.code_type_activite_smsse;finess_activites
type_activite_smsse;80577;2;activite.code_type_activite_smsse;finess_activites
type_activite_smsse;80582;2;activite.code_type_activite_smsse;finess_activites
type_activite_smsse;80588;2;activite.code_type_activite_smsse;finess_activites
type_activite_smsse;80589;2;activite.code_type_activite_smsse;finess_activites
type_activite_smsse;80590;2;activite.code_type_activite_smsse;finess_activites
type_activite_smsse;80591;2;activite.code_type_activite_smsse;finess_activites
type_activite_smsse;80592;2;activite.code_type_activite_smsse;finess_activites
type_activite_smsse;80593;2;activite.code_type_activite_smsse;finess_activites
type_activite_smsse;80594;2;activite.code_type_activite_smsse;finess_activites
type_activite_smsse;80595;2;activite.code_type_activite_smsse;finess_activites
type_activite_smsse;80600;2;activite.code_type_activite_smsse;finess_activites
type_activite_smsse;80601;2;activite.code_type_activite_smsse;finess_activites
type_activite_smsse;80607;2;activite.code_type_activite_smsse;finess_activites
type_activite_smsse;80610;2;activite.code_type_activite_smsse;finess_activites
type_activite_smsse;80612;2;activite.code_type_activite_smsse;finess_activites
type_activite_smsse;80613;2;activite.code_type_activite_smsse;finess_activites
type_activite_smsse;80615;2;activite.code_type_activite_smsse;finess_activites
type_activite_smsse;80616;2;activite.code_type_activite_smsse;finess_activites
type_activite_smsse;80619;2;activite.code_type_activite_smsse;finess_activites
type_activite_smsse;80622;2;activite.code_type_activite_smsse;finess_activites
type_activite_smsse;80625;2;activite.code_type_activite_smsse;finess_activites
type_activite_smsse;80626;2;activite.code_type_activite_smsse;finess_activites
type_activite_smsse;80627;2;activite.code_type_activite_smsse;finess_activites
type_activite_smsse;80628;2;activite.code_type_activite_smsse;finess_activites
type_activite_smsse;80629;2;activite.code_type_activite_smsse;finess_activites
type_activite_smsse;80630;2;activite.code_type_activite_smsse;finess_activites
type_activite_smsse;80631;2;activite.code_type_activite_smsse;finess_activites
type_activite_smsse;80632;2;activite.code_type_activite_smsse;finess_activites
type_activite_smsse;80634;2;activite.code_type_activite_smsse;finess_activites
type_activite_smsse;80635;2;activite.code_type_activite_smsse;finess_activites
type_activite_smsse;80636;2;activite.code_type_activite_smsse;finess_activites
type_activite_smsse;80637;2;activite.code_type_activite_smsse;finess_activites
type_activite_smsse;80639;2;activite.code_type_activite_smsse;finess_activites
type_activite_smsse;80640;2;activite.code_type_activite_smsse;finess_activites
type_activite_smsse;80641;2;activite.code_type_activite_smsse;finess_activites
type_activite_smsse;80642;2;activite.code_type_activite_smsse;finess_activites
type_activite_smsse;80643;2;activite.code_type_activite_smsse;finess_activites
type_activite_smsse;80644;2;activite.code_type_activite_smsse;finess_activites
type_activite_smsse;80651;2;activite.code_type_activite_smsse;finess_activites
type_activite_smsse;80657;2;activite.code_type_activite_smsse;finess_activites
type_activite_smsse;80659;2;activite.code_type_activite_smsse;finess_activites
type_activite_smsse;80661;2;activite.code_type_activite_smsse;finess_activites
type_activite_smsse;80662;2;activite.code_type_activite_smsse;finess_activites
type_activite_smsse;80666;2;activite.code_type_activite_smsse;finess_activites
type_activite_smsse;80668;2;activite.code_type_activite_smsse;finess_activites
type_activite_smsse;80671;2;activite.code_type_activite_smsse;finess_activites
type_activite_smsse;80673;2;activite.code_type_activite_smsse;finess_activites
type_activite_smsse;80676;2;activite.code_type_activite_smsse;finess_activites
type_activite_smsse;80678;2;activite.code_type_activite_smsse;finess_activites
type_activite_smsse;80680;2;activite.code_type_activite_smsse;finess_activites
type_activite_smsse;80682;2;activite.code_type_activite_smsse;finess_activites
type_activite_smsse;80696;2;activite.code_type_activite_smsse;finess_activites
type_activite_smsse;80703;2;activite.code_type_activite_smsse;finess_activites
type_activite_smsse;80707;2;activite.code_type_activite_smsse;finess_activites
type_activite_smsse;80708;2;activite.code_type_activite_smsse;finess_activites
type_activite_smsse;80713;2;activite.code_type_activite_smsse;finess_activites
type_activite_smsse;80715;2;activite.code_type_activite_smsse;finess_activites
type_activite_smsse;80716;2;activite.code_type_activite_smsse;finess_activites
type_activite_smsse;80718;2;activite.code_type_activite_smsse;finess_activites
type_activite_smsse;80720;2;activite.code_type_activite_smsse;finess_activites
type_activite_smsse;80722;2;activite.code_type_activite_smsse;finess_activites
type_activite_smsse;80723;2;activite.code_type_activite_smsse;finess_activites
type_activite_smsse;80724;2;activite.code_type_activite_smsse;finess_activites
type_activite_smsse;80728;2;activite.code_type_activite_smsse;finess_activites
type_activite_smsse;80732;2;activite.code_type_activite_smsse;finess_activites
type_activite_smsse;80733;2;activite.code_type_activite_smsse;finess_activites
type_activite_smsse;80734;2;activite.code_type_activite_smsse;finess_activites
type_activite_smsse;80735;2;activite.code_type_activite_smsse;finess_activites
type_activite_smsse;80737;2;activite.code_type_activite_smsse;finess_activites
type_activite_smsse;80738;2;activite.code_type_activite_smsse;finess_activites
type_activite_smsse;80739;2;activite.code_type_activite_smsse;finess_activites
type_activite_smsse;80741;2;activite.code_type_activite_smsse;finess_activites
type_activite_smsse;80742;2;activite.code_type_activite_smsse;finess_activites
type_activite_smsse;80744;2;activite.code_type_activite_smsse;finess_activites
type_activite_smsse;80746;2;activite.code_type_activite_smsse;finess_activites
type_activite_smsse;80747;2;activite.code_type_activite_smsse;finess_activites
type_activite_smsse;80748;2;activite.code_type_activite_smsse;finess_activites
type_activite_smsse;80749;2;activite.code_type_activite_smsse;finess_activites
type_activite_smsse;80755;2;activite.code_type_activite_smsse;finess_activites
type_activite_smsse;80756;2;activite.code_type_activite_smsse;finess_activites
type_activite_smsse;80758;2;activite.code_type_activite_smsse;finess_activites
type_activite_smsse;80761;2;activite.code_type_activite_smsse;finess_activites
type_activite_smsse;80762;2;activite.code_type_activite_smsse;finess_activites
type_activite_smsse;80763;2;activite.code_type_activite_smsse;finess_activites
type_activite_smsse;80766;2;activite.code_type_activite_smsse;finess_activites
type_activite_smsse;80767;2;activite.code_type_activite_smsse;finess_activites
type_activite_smsse;80768;2;activite.code_type_activite_smsse;finess_activites
type_activite_smsse;80776;2;activite.code_type_activite_smsse;finess_activites
type_activite_smsse;80780;2;activite.code_type_activite_smsse;finess_activites
type_activite_smsse;80784;2;activite.code_type_activite_smsse;finess_activites
type_activite_smsse;80786;2;activite.code_type_activite_smsse;finess_activites
type_activite_smsse;80790;2;activite.code_type_activite_smsse;finess_activites
type_activite_smsse;80791;2;activite.code_type_activite_smsse;finess_activites
type_activite_smsse;80793;2;activite.code_type_activite_smsse;finess_activites
type_activite_smsse;80797;2;activite.code_type_activite_smsse;finess_activites
type_activite_smsse;80798;2;activite.code_type_activite_smsse;finess_activites
type_activite_smsse;80799;2;activite.code_type_activite_smsse;finess_activites
type_activite_smsse;80801;2;activite.code_type_activite_smsse;finess_activites
type_activite_smsse;80803;2;activite.code_type_activite_smsse;finess_activites
type_activite_smsse;80804;2;activite.code_type_activite_smsse;finess_activites
type_activite_smsse;80805;2;activite.code_type_activite_smsse;finess_activites
type_activite_smsse;80807;2;activite.code_type_activite_smsse;finess_activites
type_activite_smsse;80810;2;activite.code_type_activite_smsse;finess_activites
type_activite_smsse;80811;2;activite.code_type_activite_smsse;finess_activites
type_activite_smsse;80812;2;activite.code_type_activite_smsse;finess_activites
type_activite_smsse;80815;2;activite.code_type_activite_smsse;finess_activites
type_activite_smsse;80816;2;activite.code_type_activite_smsse;finess_activites
type_activite_smsse;80817;2;activite.code_type_activite_smsse;finess_activites
type_activite_smsse;80818;2;activite.code_type_activite_smsse;finess_activites
type_activite_smsse;80833;2;activite.code_type_activite_smsse;finess_activites
type_activite_smsse;80836;2;activite.code_type_activite_smsse;finess_activites
type_activite_smsse;80839;2;activite.code_type_activite_smsse;finess_activites
type_activite_smsse;80841;2;activite.code_type_activite_smsse;finess_activites
type_activite_smsse;80843;2;activite.code_type_activite_smsse;finess_activites
type_activite_smsse;80847;2;activite.code_type_activite_smsse;finess_activites
type_activite_smsse;80850;2;activite.code_type_activite_smsse;finess_activites
type_activite_smsse;80852;2;activite.code_type_activite_smsse;finess_activites
type_activite_smsse;80855;2;activite.code_type_activite_smsse;finess_activites
type_activite_smsse;80856;2;activite.code_type_activite_smsse;finess_activites
type_activite_smsse;80858;2;activite.code_type_activite_smsse;finess_activites
type_activite_smsse;80861;2;activite.code_type_activite_smsse;finess_activites
type_activite_smsse;80862;2;activite.code_type_activite_smsse;finess_activites
type_activite_smsse;80869;2;activite.code_type_activite_smsse;finess_activites
type_activite_smsse;80871;2;activite.code_type_activite_smsse;finess_activites
type_activite_smsse;80872;2;activite.code_type_activite_smsse;finess_activites
type_activite_smsse;80876;2;activite.code_type_activite_smsse;finess_activites
type_activite_smsse;80877;2;activite.code_type_activite_smsse;finess_activites
type_activite_smsse;80880;2;activite.code_type_activite_smsse;finess_activites
type_activite_smsse;80881;2;activite.code_type_activite_smsse;finess_activites
type_activite_smsse;80882;2;activite.code_type_activite_smsse;finess_activites
type_activite_smsse;80886;2;activite.code_type_activite_smsse;finess_activites
type_activite_smsse;80895;2;activite.code_type_activite_smsse;finess_activites
type_activite_smsse;80899;2;activite.code_type_activite_smsse;finess_activites
type_activite_smsse;80901;2;activite.code_type_activite_smsse;finess_activites
type_activite_smsse;80903;2;activite.code_type_activite_smsse;finess_activites
type_activite_smsse;80904;2;activite.code_type_activite_smsse;finess_activites
type_activite_smsse;80905;2;activite.code_type_activite_smsse;finess_activites
type_activite_smsse;80907;2;activite.code_type_activite_smsse;finess_activites
type_activite_smsse;80911;2;activite.code_type_activite_smsse;finess_activites
type_activite_smsse;80912;2;activite.code_type_activite_smsse;finess_activites
type_activite_smsse;80914;2;activite.code_type_activite_smsse;finess_activites
type_activite_smsse;80919;2;activite.code_type_activite_smsse;finess_activites
type_activite_smsse;80925;2;activite.code_type_activite_smsse;finess_activites
type_activite_smsse;80935;2;activite.code_type_activite_smsse;finess_activites
type_activite_smsse;80940;2;activite.code_type_activite_smsse;finess_activites
type_activite_smsse;80957;2;activite.code_type_activite_smsse;finess_activites
type_activite_smsse;80959;2;activite.code_type_activite_smsse;finess_activites
type_activite_smsse;80969;2;activite.code_type_activite_smsse;finess_activites
type_activite_smsse;80972;2;activite.code_type_activite_smsse;finess_activites
type_activite_smsse;80980;2;activite.code_type_activite_smsse;finess_activites
type_activite_smsse;80986;2;activite.code_type_activite_smsse;finess_activites
type_activite_smsse;80992;2;activite.code_type_activite_smsse;finess_activites
type_activite_smsse;80996;2;activite.code_type_activite_smsse;finess_activites
type_activite_smsse;80999;2;activite.code_type_activite_smsse;finess_activites
type_activite_smsse;81003;2;activite.code_type_activite_smsse;finess_activites
type_activite_smsse;81022;2;activite.code_type_activite_smsse;finess_activites
type_activite_smsse;81032;2;activite.code_type_activite_smsse;finess_activites
type_activite_smsse;81035;2;activite.code_type_activite_smsse;finess_activites
type_activite_smsse;81040;2;activite.code_type_activite_smsse;finess_activites
type_activite_smsse;81041;2;activite.code_type_activite_smsse;finess_activites
type_activite_smsse;81042;2;activite.code_type_activite_smsse;finess_activites
type_activite_smsse;81043;2;activite.code_type_activite_smsse;finess_activites
type_activite_smsse;81048;2;activite.code_type_activite_smsse;finess_activites
type_activite_smsse;81050;2;activite.code_type_activite_smsse;finess_activites
type_activite_smsse;81051;2;activite.code_type_activite_smsse;finess_activites
type_activite_smsse;81052;2;activite.code_type_activite_smsse;finess_activites
type_activite_smsse;81054;2;activite.code_type_activite_smsse;finess_activites
type_activite_smsse;81055;2;activite.code_type_activite_smsse;finess_activites
type_activite_smsse;81056;2;activite.code_type_activite_smsse;finess_activites
type_activite_smsse;81058;2;activite.code_type_activite_smsse;finess_activites
type_activite_smsse;81060;2;activite.code_type_activite_smsse;finess_activites
type_appareil;230;4024;appareil.code_type_appareil;finess_activites
type_appareil;231;4024;appareil.code_type_appareil;finess_activites
type_appareil;232;4024;appareil.code_type_appareil;finess_activites
type_appareil;233;4024;appareil.code_type_appareil;finess_activites
type_budget;01;156525;etablissement.code_type_budget;finess_structures
type_budget;02;17978;etablissement.code_type_budget;finess_structures
type_engagement;ARRT;39595;engagement.code_type_engagement;finess_activites|finess_structures
type_engagement;CONV;35719;engagement.code_type_engagement;finess_activites|finess_structures
type_engagement;DISP;1620;engagement.code_type_engagement;finess_activites|finess_structures
type_engagement;LABL;409;engagement.code_type_engagement;finess_activites|finess_structures
type_groupe_gco;003;940;entite_juridique.code_type_groupe_gco;finess_structures
type_groupe_gco;001;814;entite_juridique.code_type_groupe_gco;finess_structures
type_groupe_gco;004;66;entite_juridique.code_type_groupe_gco;finess_structures
type_groupe_gco;002;36;entite_juridique.code_type_groupe_gco;finess_structures
type_groupement;001;945;groupement.code_type_groupement;finess_structures
type_groupement;003;940;groupement.code_type_groupement;finess_structures
type_groupement;004;66;groupement.code_type_groupement;finess_structures
type_groupement;002;40;groupement.code_type_groupement;finess_structures
type_logement;02;3447;capacite.code_type_logement;finess_activites
type_logement;04;2015;capacite.code_type_logement;finess_activites
type_logement;03;1977;capacite.code_type_logement;finess_activites
type_logement;05;1678;capacite.code_type_logement;finess_activites
type_logement;01;1438;capacite.code_type_logement;finess_activites
type_logement;06;745;capacite.code_type_logement;finess_activites
type_objet_evenement;AC;1332049;evenement.code_type_objet_1|evenement.code_type_objet_2;finess_activites|finess_structures
type_objet_evenement;EG;1215049;evenement.code_type_objet_1|evenement.code_type_objet_2;finess_activites|finess_structures
type_objet_evenement;PM;532619;evenement.code_type_objet_1|evenement.code_type_objet_2;finess_activites|finess_structures
type_objet_evenement;GR;135;evenement.code_type_objet_1|evenement.code_type_objet_2;finess_activites|finess_structures
type_personne_morale;01;98168;entite_juridique.code_type_personne_morale;finess_structures
type_voie;R;102616;adresse.code_type_voie;finess_structures
type_voie;AV;28949;adresse.code_type_voie;finess_structures
type_voie;PL;12825;adresse.code_type_voie;finess_structures
type_voie;R   ;11258;adresse.code_type_voie;finess_structures
type_voie;BD;10725;adresse.code_type_voie;finess_structures
type_voie;RTE;9880;adresse.code_type_voie;finess_structures
type_voie;CHE;5549;adresse.code_type_voie;finess_structures
type_voie;ALL;4101;adresse.code_type_voie;finess_structures
type_voie;AV  ;2587;adresse.code_type_voie;finess_structures
type_voie;IMP;1776;adresse.code_type_voie;finess_structures
type_voie;PL  ;1684;adresse.code_type_voie;finess_structures
type_voie;BD  ;1300;adresse.code_type_voie;finess_structures
type_voie;QU;1074;adresse.code_type_voie;finess_structures
type_voie;CRS;1049;adresse.code_type_voie;finess_structures
type_voie;RTE ;864;adresse.code_type_voie;finess_structures
type_voie;QUA;855;adresse.code_type_voie;finess_structures
type_voie;LD;767;adresse.code_type_voie;finess_structures
type_voie;SQ;540;adresse.code_type_voie;finess_structures
type_voie;CHE ;499;adresse.code_type_voie;finess_structures
type_voie;RES;387;adresse.code_type_voie;finess_structures
type_voie;LOT;386;adresse.code_type_voie;finess_structures
type_voie;GR;351;adresse.code_type_voie;finess_structures
type_voie;ALL ;330;adresse.code_type_voie;finess_structures
type_voie;ZA;320;adresse.code_type_voie;finess_structures
type_voie;ZI;307;adresse.code_type_voie;finess_structures
type_voie;FG;284;adresse.code_type_voie;finess_structures
type_voie;PAS;277;adresse.code_type_voie;finess_structures
type_voie;ZAC;246;adresse.code_type_voie;finess_structures
type_voie;DOM;199;adresse.code_type_voie;finess_structures
type_voie;ESP;187;adresse.code_type_voie;finess_structures
type_voie;QUA ;182;adresse.code_type_voie;finess_structures
type_voie;VOI;177;adresse.code_type_voie;finess_structures
type_voie;RPT;176;adresse.code_type_voie;finess_structures
type_voie;CHEM;174;adresse.code_type_voie;finess_structures
type_voie;IMP ;168;adresse.code_type_voie;finess_structures
type_voie;COUR;165;adresse.code_type_voie;finess_structures
type_voie;MTE;162;adresse.code_type_voie;finess_structures
type_voie;TRA;156;adresse.code_type_voie;finess_structures
type_voie;PARC;152;adresse.code_type_voie;finess_structures
type_voie;CRS ;151;adresse.code_type_voie;finess_structures
type_voie;CCAL;147;adresse.code_type_voie;finess_structures
type_voie;CITE;147;adresse.code_type_voie;finess_structures
type_voie;PROM;141;adresse.code_type_voie;finess_structures
type_voie;IMM;130;adresse.code_type_voie;finess_structures
type_voie;MAIL;124;adresse.code_type_voie;finess_structures
type_voie;BRG;118;adresse.code_type_voie;finess_structures
type_voie;HAM;106;adresse.code_type_voie;finess_structures
type_voie;ZONE;98;adresse.code_type_voie;finess_structures
type_voie;CTRE;90;adresse.code_type_voie;finess_structures
type_voie;VLA;90;adresse.code_type_voie;finess_structures
type_voie;SQ  ;89;adresse.code_type_voie;finess_structures
type_voie;ESPA;87;adresse.code_type_voie;finess_structures
type_voie;RLE;84;adresse.code_type_voie;finess_structures
type_voie;CHT;71;adresse.code_type_voie;finess_structures
type_voie;CHS;63;adresse.code_type_voie;finess_structures
type_voie;TRA ;49;adresse.code_type_voie;finess_structures
type_voie;LD  ;48;adresse.code_type_voie;finess_structures
type_voie;SEN;47;adresse.code_type_voie;finess_structures
type_voie;CLOS;44;adresse.code_type_voie;finess_structures
type_voie;CAR;43;adresse.code_type_voie;finess_structures
type_voie;GAL;41;adresse.code_type_voie;finess_structures
type_voie;COTE;38;adresse.code_type_voie;finess_structures
type_voie;LOT ;37;adresse.code_type_voie;finess_structures
type_voie;FG  ;32;adresse.code_type_voie;finess_structures
type_voie;BCLE;27;adresse.code_type_voie;finess_structures
type_voie;CHV;24;adresse.code_type_voie;finess_structures
type_voie;ZAC ;24;adresse.code_type_voie;finess_structures
type_voie;PRV;23;adresse.code_type_voie;finess_structures
type_voie;PAS ;21;adresse.code_type_voie;finess_structures
type_voie;PLAN;21;adresse.code_type_voie;finess_structures
type_voie;PTE;21;adresse.code_type_voie;finess_structures
type_voie;PONT;20;adresse.code_type_voie;finess_structures
type_voie;REM;20;adresse.code_type_voie;finess_structures
type_voie;RES ;20;adresse.code_type_voie;finess_structures
type_voie;VAL;20;adresse.code_type_voie;finess_structures
type_voie;ART;19;adresse.code_type_voie;finess_structures
type_voie;VEN;19;adresse.code_type_voie;finess_structures
type_voie;COR;18;adresse.code_type_voie;finess_structures
type_voie;MTE ;18;adresse.code_type_voie;finess_structures
type_voie;\ ;18;adresse.code_type_voie;finess_structures
type_voie;PASS;17;adresse.code_type_voie;finess_structures
type_voie;PLT;17;adresse.code_type_voie;finess_structures
type_voie;r;17;adresse.code_type_voie;finess_structures
type_voie;TSSE;16;adresse.code_type_voie;finess_structures
type_voie;PORT;15;adresse.code_type_voie;finess_structures
type_voie;PLE ;14;adresse.code_type_voie;finess_structures
type_voie;MLN;13;adresse.code_type_voie;finess_structures
type_voie;QUAI;13;adresse.code_type_voie;finess_structures
type_voie;ZI  ;13;adresse.code_type_voie;finess_structures
type_voie;TOUR;12;adresse.code_type_voie;finess_structures
type_voie;GAL ;11;adresse.code_type_voie;finess_structures
type_voie;BOIS;10;adresse.code_type_voie;finess_structures
type_voie;PLE;10;adresse.code_type_voie;finess_structures
type_voie;STA;10;adresse.code_type_voie;finess_structures
type_voie;ACH;9;adresse.code_type_voie;finess_structures
type_voie;CTR;9;adresse.code_type_voie;finess_structures
type_voie;FRM;9;adresse.code_type_voie;finess_structures
type_voie;HLM;9;adresse.code_type_voie;finess_structures
type_voie;ARC;8;adresse.code_type_voie;finess_structures
type_voie;BRG ;8;adresse.code_type_voie;finess_structures
type_voie;CHEZ;8;adresse.code_type_voie;finess_structures
type_voie;HAM ;8;adresse.code_type_voie;finess_structures
type_voie;ROC;8;adresse.code_type_voie;finess_structures
type_voie;VGE;8;adresse.code_type_voie;finess_structures
type_voie;ZA  ;8;adresse.code_type_voie;finess_structures
type_voie;ZUP;8;adresse.code_type_voie;finess_structures
type_voie;GARE;7;adresse.code_type_voie;finess_structures
type_voie;GR  ;7;adresse.code_type_voie;finess_structures
type_voie;ILE;7;adresse.code_type_voie;finess_structures
type_voie;MAS;7;adresse.code_type_voie;finess_structures
type_voie;PKG;7;adresse.code_type_voie;finess_structures
type_voie;PLAG;7;adresse.code_type_voie;finess_structures
type_voie;PRE;7;adresse.code_type_voie;finess_structures
type_voie;ABE;6;adresse.code_type_voie;finess_structures
type_voie;ENC;6;adresse.code_type_voie;finess_structures
type_voie;ESP ;6;adresse.code_type_voie;finess_structures
type_voie;GPE;6;adresse.code_type_voie;finess_structures
type_voie;IMM ;6;adresse.code_type_voie;finess_structures
type_voie;RLE ;6;adresse.code_type_voie;finess_structures
type_voie;VTE;6;adresse.code_type_voie;finess_structures
type_voie;CHS ;5;adresse.code_type_voie;finess_structures
type_voie;DSC;5;adresse.code_type_voie;finess_structures
type_voie;EN;5;adresse.code_type_voie;finess_structures
type_voie;HLM ;5;adresse.code_type_voie;finess_structures
type_voie;JARD;5;adresse.code_type_voie;finess_structures
type_voie;PAV;5;adresse.code_type_voie;finess_structures
type_voie;VIA;5;adresse.code_type_voie;finess_structures
type_voie;VLA ;5;adresse.code_type_voie;finess_structures
type_voie;ZUP ;5;adresse.code_type_voie;finess_structures
type_voie;ABE ;4;adresse.code_type_voie;finess_structures
type_voie;ANSE;4;adresse.code_type_voie;finess_structures
type_voie;CHT ;4;adresse.code_type_voie;finess_structures
type_voie;DOM ;4;adresse.code_type_voie;finess_structures
type_voie;FOS;4;adresse.code_type_voie;finess_structures
type_voie;FOYR;4;adresse.code_type_voie;finess_structures
type_voie;LEVE;4;adresse.code_type_voie;finess_structures
type_voie;PTE ;4;adresse.code_type_voie;finess_structures
type_voie;VAL ;4;adresse.code_type_voie;finess_structures
type_voie;ACH ;3;adresse.code_type_voie;finess_structures
type_voie;AV ;3;adresse.code_type_voie;finess_structures
type_voie;CARR;3;adresse.code_type_voie;finess_structures
type_voie;CGNE;3;adresse.code_type_voie;finess_structures
type_voie;CTR ;3;adresse.code_type_voie;finess_structures
type_voie;GPE ;3;adresse.code_type_voie;finess_structures
type_voie;MAR;3;adresse.code_type_voie;finess_structures
type_voie;PLT ;3;adresse.code_type_voie;finess_structures
type_voie;RTD;3;adresse.code_type_voie;finess_structures
type_voie;VCHE;3;adresse.code_type_voie;finess_structures
type_voie;VLGE;3;adresse.code_type_voie;finess_structures
type_voie;ZAD;3;adresse.code_type_voie;finess_structures
type_voie;av;3;adresse.code_type_voie;finess_structures
type_voie;AIRE;2;adresse.code_type_voie;finess_structures
type_voie;BCH ;2;adresse.code_type_voie;finess_structures
type_voie;CALE;2;adresse.code_type_voie;finess_structures
type_voie;CAMP;2;adresse.code_type_voie;finess_structures
type_voie;CAR ;2;adresse.code_type_voie;finess_structures
type_voie;COLI;2;adresse.code_type_voie;finess_structures
type_voie;COR ;2;adresse.code_type_voie;finess_structures
type_voie;DIG ;2;adresse.code_type_voie;finess_structures
type_voie;HLE;2;adresse.code_type_voie;finess_structures
type_voie;PAV ;2;adresse.code_type_voie;finess_structures
type_voie;PERI;2;adresse.code_type_voie;finess_structures
type_voie;PLN;2;adresse.code_type_voie;finess_structures
type_voie;R ;2;adresse.code_type_voie;finess_structures
type_voie;REM ;2;adresse.code_type_voie;finess_structures
type_voie;RPT ;2;adresse.code_type_voie;finess_structures
type_voie;rte;2;adresse.code_type_voie;finess_structures
type_voie;ART ;1;adresse.code_type_voie;finess_structures
type_voie;AUT;1;adresse.code_type_voie;finess_structures
type_voie;BCH;1;adresse.code_type_voie;finess_structures
type_voie;BD ;1;adresse.code_type_voie;finess_structures
type_voie;BUT;1;adresse.code_type_voie;finess_structures
type_voie;CARE;1;adresse.code_type_voie;finess_structures
type_voie;CHI ;1;adresse.code_type_voie;finess_structures
type_voie;CHL;1;adresse.code_type_voie;finess_structures
type_voie;CHV ;1;adresse.code_type_voie;finess_structures
type_voie;COL;1;adresse.code_type_voie;finess_structures
type_voie;DIG;1;adresse.code_type_voie;finess_structures
type_voie;DSC ;1;adresse.code_type_voie;finess_structures
type_voie;ETNG;1;adresse.code_type_voie;finess_structures
type_voie;FORM;1;adresse.code_type_voie;finess_structures
type_voie;MAN;1;adresse.code_type_voie;finess_structures
type_voie;PAE;1;adresse.code_type_voie;finess_structures
type_voie;PAT;1;adresse.code_type_voie;finess_structures
type_voie;PNT ;1;adresse.code_type_voie;finess_structures
type_voie;ROC ;1;adresse.code_type_voie;finess_structures
type_voie;RPE ;1;adresse.code_type_voie;finess_structures
type_voie;VEN ;1;adresse.code_type_voie;finess_structures
type_voie;VIA ;1;adresse.code_type_voie;finess_structures
type_voie;bd;1;adresse.code_type_voie;finess_structures
type_voie;pl;1;adresse.code_type_voie;finess_structures
unite_mesure_capacite;02;530620;capacite.code_unite_mesure;finess_activites
unite_mesure_capacite;03;6613;capacite.code_unite_mesure;finess_activites
usage_adresse;03;174508;adresse.code_usage_adresse;finess_structures
usage_adresse;02;98168;adresse.code_usage_adresse;finess_structures
usage_adresse;06;3788;adresse.code_usage_adresse;finess_structures
usage_adresse;04;2151;adresse.code_usage_adresse;finess_structures
